Date,Open,High,Low,Close,Volume,return_1d,return_5d,gap_return,sma_ratio_5,sma_ratio_10,sma_ratio_20,sma_cross_5_20,ema_ratio_12,macd,macd_signal,rsi_14,stoch_k_14,roc_10,range_pct,atr_14_pct,volatility_10,volatility_20,bb_width_20,volume_change,volume_ratio_20,obv_change_5,next_return,target_up
2021-02-02,325.48,328.87,325.31,327.68,33930840,0.01631412443396818,-0.002769408685595942,0.00949072638173809,0.020549267788290804,0.012088977842021897,0.02752086446213342,0.006831220102632818,0.01947437008223707,0.009978014271818172,0.009483885997867342,67.12245653663422,86.62613981762925,0.03561834328877089,0.010864257812500007,0.018246983119419614,0.017309221608617607,0.014905516388072889,0.07820179020942149,-0.04811674574517599,0.998195907792281,0.04239240126927805,-0.00396728515625,0
2021-02-03,329.82,330.195,326.32,326.38,24824520,-0.00396728515625,0.021757505556772916,0.00653076171875,0.012118881639336054,0.0072617405339678864,0.021119765228178267,0.008893109052825254,0.013025086186448709,0.010487867146911018,0.00971490234360776,65.43299983603366,80.0405268490375,0.008061278067764244,0.011872663766162143,0.018447690247126454,0.015969771442900304,0.014929243734722777,0.07779911654818812,-0.2683788553422196,0.7351662242973181,0.8397450013561271,0.01182670506771255,1
2021-02-04,327.82,330.33,326.46,330.24,22350950,0.01182670506771255,0.02776048798705344,0.0044120350511673845,0.01845455442613253,0.017955396637023613,0.029540363724788854,0.010884932715434559,0.021077696566700554,0.011543585044686503,0.009989797015978725,68.00784629518333,99.54430379746849,0.011888711851942624,0.011718750000000014,0.018292973075858223,0.016202490852120548,0.014559036162728944,0.07432558268741166,-0.09964220859053874,0.6931755073387109,0.34428718478677045,0.0033914728682171713,1
2021-02-05,331.22,332.4025,329.53,331.36,22731960,0.0033914728682171713,0.053407934893184184,0.002967538759689914,0.011428013283844685,0.019540997326227938,0.030401124435799787,0.01875873606699341,0.02068706495224859,0.01256314493605903,0.010477454111685042,68.73555205249875,94.6926307751052,0.01825333415278707,0.008668819410912609,0.017871693281368527,0.01614392929474291,0.013735370278646235,0.07764435147767167,0.017046702712860018,0.7134696844763277,3.22026396092807,0.006699661999034268,1
2021-02-08,333.1,333.74,331.41,333.58,20462810,0.006699661999034268,0.03461323739222122,0.005251086431675489,0.011314302345322824,0.02464706532823846,0.03496312567675308,0.023384246891976712,0.023192445930149352,0.013692058694698899,0.011064592431902083,70.18329550517323,99.23736892278347,0.01667123830422712,0.006984831224893531,0.017176753488133037,0.016083080053659753,0.01356189543387922,0.08384157526027455,-0.0998220127080991,0.6561433818228639,3.0028717369149165,-0.00020984471491092282,0
2021-02-09,332.62,334.81,332.61,333.51,17597480,-0.00020984471491092282,0.017791748046875,-0.0028778703759217983,0.007540466566368753,0.022886200804789425,0.03169066912491436,0.023969461634476996,0.01937420981067528,0.014472302988300413,0.011747992410040875,70.07311062829297,94.10430839002262,0.014973066739706109,0.006596503852957898,0.015867483091104546,0.016095342534574213,0.01299717553073766,0.08573219456148813,-0.14002622318244662,0.578428549760221,1.070862661543654,-0.002278792240112737,0
2021-02-10,334.99,335.46,329.5,332.75,28068700,-0.002278792240112737,0.019517127274955692,0.004437648046535347,0.0013903601694915668,0.01640295680860171,0.026350448941571347,0.02492543344221443,0.014390246277101948,0.014768297292739131,0.012373519290067544,68.8100038904955,88.06167400881066,0.041699276836865584,0.017911344853493553,0.016453257486315306,0.01252535215330836,0.013010968074758118,0.08477215133606696,0.5950408808533949,0.9244374095682056,0.8937685625369227,0.005499624342599541,1
2021-02-11,334.33,335.0,332.12,334.58,22046070,0.005499624342599541,0.013141957364340984,0.004748309541698026,0.004274273913722038,0.017870072344283283,0.02905263675899783,0.024672904094927173,0.016845105157931695,0.015161339225307158,0.012876941271494514,70.20279616050914,96.12334801762115,0.04126727250093354,0.008607806802558418,0.016604506289335002,0.012519559793906692,0.012994930851768689,0.08564048922261995,-0.2145674719527445,0.7271037740609537,0.8824806581224525,0.005589096778050084,1
2021-02-12,333.71,336.62,332.63,336.45,20346820,0.005589096778050084,0.015360936745533404,-0.002600274971606198,0.006810823104131503,0.016787802777316063,0.031299139587848135,0.02432265915479115,0.018996610372400413,0.015717790809557434,0.013387854813697215,71.59848233065054,99.28751047778704,0.0695892675483214,0.011859117253678136,0.015467698448081841,0.008874705885580116,0.012857450197610048,0.08476142869892492,-0.07707722963775399,0.6745683732913451,0.7919840680976039,-0.00270471095259317,0
2021-02-16,337.27,338.19,334.34,335.54,27080780,-0.00270471095259317,0.005875652017507171,0.0024372120671718456,0.0029112342557222615,0.010032901173063768,0.02479056144498104,0.021815816237710894,0.013707728356043836,0.015867815786567343,0.013912893793466363,69.88306930486523,89.5792371215101,0.04069226474784449,0.01147404184299941,0.015788515740086335,0.006590412221716662,0.012665441209327112,0.07725190470002301,0.33095884270859033,0.9099471444468404,-1.318139202022584,-0.004798235679799756,0
2021-02-17,332.47,335.657,330.17,333.93,31467460,-0.004798235679799756,0.0012593325537466615,-0.00914943076831376,-0.0021515015688031713,0.003298961638304121,0.01715204737145104,0.019345170104081877,0.007472979964100235,0.015462557150884937,0.014276489829146121,66.83222547504012,83.24813212740862,0.019073486328125,0.016431587458449276,0.014636194069757982,0.00550530786003465,0.012532768054929394,0.0721063576081587,0.16198499452379145,1.0451754169779417,-1.7139798571938278,-0.004372173808881996,0
2021-02-18,330.23,333.8661,328.36,332.47,32236240,-0.004372173808881996,-0.0008414725770097276,-0.01108016650196142,-0.006347991894654514,-0.002912059404812095,0.011364811671442432,0.017825962632401993,0.002594887688181613,0.01462405736208817,0.014396158056823479,64.09938952373324,77.50688163586328,0.01865923157056204,0.016561193491142066,0.01439539120608088,0.005554560982961955,0.011647122470392481,0.0716366842480691,0.024430951846764914,1.0680350418641373,-1.8168097928349238,-0.004361295756008188,0
2021-02-19,333.86,333.99,329.97,331.02,39157680,-0.004361295756008188,-0.010640205630940258,0.004180828345414556,-0.008571890667960491,-0.00749282649564198,0.006240747552186177,0.014940708338526232,-0.0015046404784450074,0.013458042561929022,0.014258983702167941,61.4134812011092,67.65899864681998,0.00236191860465107,0.012144281312307359,0.013478792822185956,0.004606530201373789,0.011605896407407154,0.07150459854516159,0.21470990413274005,1.2682734834294591,-3.6461535636212314,-0.02591988399492473,0
2021-02-22,326.5,327.8,322.23,322.44,47256940,-0.02591988399492473,-0.04164065983058396,-0.01365476406259436,-0.026096411743385395,-0.03062589627420509,-0.019396748353192272,0.006879185446052372,-0.02327040867086283,0.010546625606988826,0.013820052785686644,48.47086599204868,1.315789473684084,-0.02691936262675043,0.017274531695819356,0.013795368352030029,0.009308267166776038,0.013042192995118093,0.07312933527924324,0.2068370751280464,1.4695616687875521,-5.0,-0.0029772981019724476,0
2021-02-23,317.0,323.2,311.0,321.48,97241940,-0.0029772981019724476,-0.04190260475651186,-0.016871355911177277,-0.02067822632726901,-0.02998337441953791,-0.021329643683987043,-0.0006651719324844985,-0.022240546695161734,0.0076501098740671255,0.012619079633683155,47.2704906588214,38.54358219933806,-0.036273157863181194,0.03794948363817341,0.015114137293588552,0.008707793800733039,0.012891398435354688,0.07588059184650443,1.0577282405504884,2.773172583030393,-5.0,0.008243125544357355,1
2021-02-24,318.74,324.45,315.96,324.13,58206270,0.008243125544357355,-0.029347468032222324,-0.008523080751524192,-0.006674675459994894,-0.01921150814423911,-0.012592018302369778,-0.005957104582142048,-0.012025333617636025,0.00587802223917469,0.011188331984654019,50.88624368833129,48.28981243104081,-0.028125093700338777,0.026193194088791564,0.016007576325195772,0.009457238326506325,0.01304615987734212,0.07685149711838309,-0.4014283343174766,1.5859742500403262,-2.8764513867194075,-0.03486255514762604,0
2021-02-25,321.39,324.03,311.24,312.83,110182600,-0.03486255514762604,-0.05907299906758512,-0.00845339832783143,-0.029623425770829437,-0.047663986702670025,-0.04605659379111926,-0.016934835873736565,-0.03960275209526509,0.001751659982060661,0.009624312231519782,38.699927698000394,6.730415593968313,-0.05986476333583779,0.040884825624140794,0.018627072668404996,0.01384836512996413,0.013881610226123733,0.08458815379267111,0.8929678881673744,2.7932111360606116,-3.3466261726505016,0.004187577917718954,1
2021-02-26,315.85,319.11,310.88,314.14,104739800,0.004187577917718954,-0.05099389764968887,0.00965380558130624,-0.015247457712129098,-0.03768804967482842,-0.0410120445883303,-0.026163513948735284,-0.030272724625329483,-0.001327945731135189,0.007401753046136452,40.47950203134814,11.937019406810657,-0.06109151772371335,0.026198510218374032,0.0197675740570628,0.013732337617283503,0.013841910948116916,0.0911070347848944,-0.049397999321126984,2.4620476012684436,-1.098292126561095,0.03008212898707585,1
2021-03-01,319.27,323.94,317.935,323.59,49164520,0.03008212898707585,0.003566555017987749,0.01633029859298407,0.013645163109192504,-0.004819210412201125,-0.013523318273551577,-0.02680275344027594,-0.0009319963726844849,-0.0012816181535207692,0.005492152408514129,51.43276927108268,46.53972903698271,-0.03822261851686737,0.018557433789672104,0.020828164387915907,0.017683945166513476,0.014650521601131996,0.08393106527710849,-0.5306032663801152,1.1640148992994168,0.055848124089155536,-0.01603881454927536,0
2021-03-02,324.25,324.33,318.14,318.4,48370030,-0.01603881454927536,-0.009580689311932455,0.002039618035168056,-0.0006842049099549108,-0.015591618925127615,-0.028750095325249747,-0.028085106382978675,-0.014384792614990038,-0.002581961312859258,0.003948948435596709,46.384209314292995,27.53570120834852,-0.0510818382309115,0.01944095477386934,0.022062769203158635,0.018094456584372937,0.014051467608729655,0.08675562648911953,-0.016159824198425987,1.1282107906962575,0.7224612142526577,-0.02902010050251247,0
2021-03-03,317.27,318.24,309.1,309.16,86301070,-0.02902010050251247,-0.046185172615925585,-0.0035489949748743754,-0.020480064887334115,-0.036782712187583666,-0.0542644670066289,-0.03449077543828527,-0.03661615111188676,-0.006045388835818494,0.0020445001391475753,39.037413904069645,0.2062564455139303,-0.07417722277123939,0.029563979816276315,0.023493845073286116,0.019610028522653623,0.014825959995781955,0.10089234711150419,0.7841847524179746,1.8970715381863237,-1.1404081603173775,-0.016366929745115777,0
2021-03-04,308.78,312.04,300.11,304.1,139131600,-0.016366929745115777,-0.02790653070357685,-0.0012291370164317916,-0.03115223112164589,-0.044098463202034366,-0.06656230335957747,-0.03654864404438507,-0.04468486000719474,-0.010100485651552471,-0.0003572818379228207,35.702464754714256,10.477941176470617,-0.08533100730893017,0.0392305162775403,0.02601047587729598,0.019763424253397176,0.015133432132738137,0.11905502252943631,0.612165411158865,2.7170380286822025,-1.4016414787861093,0.015060835251561988,1
2021-03-05,306.795,309.609,297.45,308.68,121523700,0.015060835251561988,-0.017380785636977092,0.008862216376192,-0.013127185999373348,-0.022839867677551196,-0.04935834459990074,-0.036713098270132694,-0.02575598737706075,-0.01170590522622216,-0.0026227656167419826,40.64516132662447,27.565046637211623,-0.06748836928282276,0.039390307114163504,0.027514855884040772,0.021143687554624733,0.015321034797275292,0.12751886383038208,-0.1265557213458337,2.1636630390775613,-1.1599166075203515,-0.028314111701438383,0
2021-03-08,308.12,310.06,299.51,299.94,88409780,-0.028314111701438383,-0.07308631292685186,-0.0018141764934560545,-0.02634585919443211,-0.04369589822888931,-0.07178401663695777,-0.04666765696177455,-0.04550800953397249,-0.015649504691707793,-0.005289253583739746,35.10007504552,6.517130368780615,-0.06978042426497955,0.035173701406948095,0.0299121729107726,0.021396778961764455,0.016211250537161208,0.14356708965433243,-0.2724893991871544,1.4871379864035956,-2.4878104011157487,0.03944122157764873,1
2021-03-09,307.47,313.73,306.92,311.77,80391110,0.03944122157764873,-0.02082286432160807,0.025105021004200978,0.01643138916962794,-0.002891190185304815,-0.031906982087934854,-0.0475569445932329,-0.006660245793685626,-0.01457256558403517,-0.006985356930918461,45.86550835034215,39.18992884510122,-0.030204056239890642,0.021843025307117434,0.03067943859713432,0.025993852492551033,0.01887292102387524,0.14394962448587367,-0.09069890231601074,1.287369439557402,-1.0850806055546363,-0.002854668505629099,0
2021-03-10,316.16,316.47,310.17,310.88,76798070,-0.002854668505629099,0.005563462284901011,0.014080892965968594,0.012394406559982363,-0.001506348181622541,-0.03126694379179484,-0.0431268190231654,-0.008046749141080833,-0.014296514920509209,-0.008463586901632588,45.257281305784076,36.754241926655716,-0.04087865979699501,0.020265054040144143,0.030934995588559652,0.025707272785530342,0.018860083500951468,0.14353804325251918,-0.04469449420464522,1.1741736342805795,-1.0115928703493775,0.02303139475038618,1
2021-03-11,315.77,319.86,314.85,318.04,53484800,0.02303139475038618,0.045840184149950725,0.01572954194544507,0.026392394033472932,0.019783884310770494,-0.00667908682188223,-0.03222108917369537,0.01249405295137418,-0.011776143614704547,-0.008973666393622683,50.89860529833312,67.841845140033,0.016654412939935526,0.015752735504967898,0.031352525288822604,0.02443945268492291,0.01976248454087787,0.13973594108759108,-0.303565831797596,0.802149303242576,1.072160726773605,-0.008112187146271044,0
2021-03-12,313.86,318.2302,311.391,315.46,69315600,-0.008112187146271044,0.021964493974342192,-0.013143000880392441,0.01363031701251205,0.011083262286780027,-0.011786449889967132,-0.025074986882190342,0.003619587802067059,-0.010653004162537848,-0.009368247088331469,48.94146043381861,66.70370370370367,0.004201948175972525,0.021680086223292986,0.031167229714430637,0.024621528671447238,0.019722320956086274,0.13402335506990679,0.2959868972119182,1.0039869371733472,-1.3660113307471544,0.01068281240093838,1
2021-03-15,315.79,319.0,314.095,318.83,43123180,0.01068281240093838,0.06297926251917052,0.001046091422050477,0.012171583131214359,0.023445876106649388,0.0015345156066677301,-0.010509154477188809,0.01210803531382254,-0.008631790096780514,-0.009141738570709601,51.56147026617334,79.18518518518516,-0.014709972496059764,0.015384374117868372,0.029203471621688234,0.02274089999248508,0.019868072744127822,0.12437012472424762,-0.3778719364760602,0.6144727426448124,0.47793562841653175,0.005488818492613623,1
2021-03-16,321.09,324.2,319.1,320.58,54925900,0.005488818492613623,0.028258010713025694,0.007088417024746718,0.01206599359763616,0.028343769246561346,0.009403529984083336,-0.0026307213466271184,0.014905375549568944,-0.006564186025113782,-0.008586305315321197,52.912705925417384,86.04910714285714,0.0068467336683417646,0.015908665543701933,0.028348885502170174,0.022197734713183773,0.019947915317105352,0.11410439197899877,0.2736978117105464,0.7674278953925103,0.09105080824619588,0.004117536964252322,1
2021-03-17,317.45,323.85,315.68,321.9,78258730,0.004117536964252322,0.035447761194029814,-0.00976355355917402,0.009211128598390905,0.028375364994984276,0.015483040581465657,0.006214667878053692,0.01610096880379497,-0.00455914298149626,-0.00775270528591881,53.95606346303225,90.95982142857142,0.04120843576141797,0.025380552966759916,0.027185283805973473,0.019549762388183733,0.019983775103531155,0.10453446869950149,0.4248056017288748,1.0588241708829775,2.6825911933343454,-0.03063063063063054,0
2021-03-18,316.87,317.8801,311.57,312.04,82942270,-0.03063063063063054,-0.018865551502955547,-0.01562597079838446,-0.01800718776946264,-0.0056466929244261,-0.012439452417235097,0.005669833101507926,-0.01274108506839211,-0.005571501136455851,-0.007512443623105206,45.793589996551184,54.27827380952394,0.02610983229200925,0.020222086911934476,0.028525005951617922,0.021628341070194318,0.021008796528720432,0.09491222992852673,0.05984686948024831,1.084974580090585,0.3659837509504949,0.003525189078323221,1
2021-03-19,311.87,314.73,309.6601,313.14,78446200,0.003525189078323221,-0.007354339694414458,-0.0005448019484681765,-0.013104400279862927,-0.003557586441713445,-0.006146126416917919,0.007050668647137881,-0.00784725090574323,-0.005886335039186334,-0.007166110102053909,46.761221636755366,58.370535714285715,0.014448619930024664,0.016190521811330454,0.027345847133641736,0.021204694597873587,0.021054996417232057,0.08408725106306604,-0.054207221480675694,1.0004526741568471,2.543879666071536,0.017468225075046417,1
2021-03-22,315.21,320.74,315.21,318.61,56194760,0.017468225075046417,-0.0006900228962142263,0.006610461774286147,0.00427417778814454,0.007860814551206019,0.011829715610460978,0.0075233815519952785,0.008013143939181955,-0.004607295002068967,-0.006555922996790958,51.40655053893256,79.10280373831786,0.06224578248983126,0.017356642917673738,0.02719246997000364,0.0188286389355193,0.020754736128493843,0.08196693634409191,-0.2836522355448703,0.7126106106974741,2.635408500653395,-0.004362700480210924,0
2021-03-23,319.73,321.09,316.375,317.22,53455410,-0.004362700480210924,-0.01048100318173295,0.0035152694516806804,0.002015275663177496,0.0017368238229074073,0.008097320384400364,0.006069812376061412,0.003057555426467573,-0.003997331066686348,-0.006067186094826626,50.207684285503966,73.90654205607491,0.0174808352311,0.014863501670764688,0.026279215866410886,0.014932269119446749,0.02076612616821703,0.0799777026124241,-0.048747427696105516,0.697229897061718,1.0950842544276815,-0.01686526700712443,0
2021-03-24,318.63,318.67,311.72,311.87,64803730,-0.01686526700712443,-0.03115874495184834,0.004444864762625178,-0.00860205482935772,-0.015465528508155746,-0.00697002792468937,0.001646187499801055,-0.011752139315061583,-0.004885846939644118,-0.005914182304851651,45.78209041996818,53.90654205607483,0.003184508492022564,0.022284926411645842,0.025589439739085434,0.016037601226626574,0.020970141429034465,0.07523669118214725,0.21229506985354707,0.8416271805412242,-0.9909477770776808,-0.0017314906852214929,0
2021-03-25,309.968,312.885,307.3899,311.33,78729010,-0.0017314906852214929,-0.0022753493141906,-0.006098694969057572,-0.009871705985993962,-0.015083929667381701,-0.008452660008153479,0.0014331940481042693,-0.0114156521814186,-0.0056204298444933526,-0.005863638303499473,45.34759987254967,47.87363304981772,-0.021097975097472133,0.017650403109240934,0.02410492311786759,0.013934707806881432,0.01946884986091908,0.07558449700191919,0.2148839272060421,1.0437988226615273,-0.9400138305108379,0.01500016060129128,1
2021-03-26,311.11,316.33,309.67,316.0,63519630,0.01500016060129128,0.009133295011815923,-0.000706645681431195,0.003155495450880119,-0.0004807813962903751,0.006122702394635748,0.0029578733877362318,0.0028866372374332094,-0.004855835416125698,-0.005592753192158028,49.7859144058302,52.54629629629629,0.0017117859633550836,0.021075949367088505,0.022869394213381553,0.014711119469210757,0.019741246124649316,0.075780238797214,-0.1931864759889652,0.8658093350519676,-1.219973796231631,-0.0002848101265822134,0
2021-03-29,315.45,316.99,312.47,315.91,54607960,-0.0002848101265822134,-0.008474310285301767,-0.0017405063291139333,0.0045919113672066025,0.00015829798011779417,0.007067419419623855,0.00246419269795628,0.0021999700288253266,-0.004290475516365596,-0.00533357231823165,49.70214329650512,50.68440996781712,-0.009158485713389508,0.01430787249533089,0.02077992375767057,0.01425010521628197,0.018471620958414495,0.07061006196098989,-0.14029788901478168,0.741586927929222,-2.9842444557037995,-0.0050330790414993,0
2021-03-30,313.89,314.91,311.54,314.32,44635680,-0.0050330790414993,-0.009141920433768491,-0.006394226203665698,0.0013826675926928989,-0.0028994334367486996,0.002650810714251328,0.0012663921222113572,-0.0024076687451813905,-0.004220291814428077,-0.0051325002846279435,48.160382479835626,41.22581067334514,-0.01952710711834793,0.010721557648256568,0.020446451296222218,0.014119763678015202,0.018162571137599802,0.06927235160140142,-0.18261586772331362,0.6077023144596251,-2.9262011934141747,0.01530287604988545,1
2021-03-31,316.16,320.74,315.81,319.13,55032540,0.01530287604988545,0.02327893032353212,0.00585390684652598,0.012025192016185793,0.013249427699654204,0.01637804052709102,0.004301126637206831,0.010858672617087395,-0.002836063713034057,-0.004611326400274233,52.9183970022453,69.83956074026925,-0.008605156881018927,0.015448249929495839,0.019565291350143905,0.015059408742868543,0.01717517262927892,0.06966140629085016,0.23292711122581755,0.7655478151574059,-1.0019478302018698,0.01704634474978839,1
2021-04-01,323.07,324.71,322.81,324.57,55685600,0.01704634474978839,0.042527221918864155,0.012346065866574829,0.020705314070430747,0.02643812656146216,0.030344972080339927,0.009444114649964419,0.023666286225743738,-0.0004023893288667674,-0.003707707971130019,57.65242701120606,99.19169057915377,0.04015510831944624,0.0058538990048370996,0.01896025070532879,0.011731647521820444,0.016945946144195555,0.06902292482894527,0.011866797352984237,0.8223624288577771,1.3711010558267929,0.019964876605971016,1
2021-04-05,327.13,331.84,324.6375,331.05,42172480,0.019964876605971016,0.047626582278481155,0.007887358659149024,0.03132126257025014,0.04103446215577944,0.04719743016706768,0.015394007835396462,0.03706697325407626,0.003004337822831059,-0.0023072388270717163,62.49059289469228,96.76892937043218,0.05719486491665071,0.021756532245884266,0.01909940233456317,0.012763203619004414,0.017157729331146454,0.07968436861888144,-0.2426681224589481,0.6615641531562253,1.0638574067641582,-0.0006947590998339637,0
2021-04-06,330.73,332.83,330.02,330.82,33537210,-0.0006947590998339637,0.04719698648349202,-0.0009666213562905535,0.021118717937637754,0.036332082375274855,0.04138368482105048,0.019845848016910583,0.03058368151555646,0.005581473009704445,-0.0007307797314176546,62.218878951704575,92.09908766081898,0.03832271429019807,0.008494045100054417,0.018559941962396454,0.01217332731086029,0.015479573848184533,0.07418830238551644,-0.20476078238699735,0.5497633489084434,1.6168223619558104,0.0024182334804425665,1
2021-04-07,330.33,332.48,329.37,331.62,32046380,0.0024182334804425665,0.05503945024179191,-0.0014811680067711164,0.012771883532149753,0.0341730544935166,0.040650712658394816,0.02752725424111757,0.02784558264060233,0.007709616870866143,0.0009587099353032246,62.82436276244776,95.24372938785625,0.04539436353319459,0.009378203968397605,0.0174252802260763,0.011850581570200342,0.013191923886310679,0.08142637160425467,-0.044453012042444784,0.546999503650691,3.4649350602984215,0.010433628852300814,1
2021-04-08,334.56,335.27,333.7399,335.08,29940800,0.010433628852300814,0.04997963212483936,0.008865569024787412,0.013465284246948261,0.03745398364619801,0.04753091823081457,0.03361302504720576,0.03244342252081034,0.01002734712383503,0.002764517744559904,65.4065756527372,99.3185103353288,0.07442203482220155,0.004566372209621596,0.0158213816743123,0.009234385485944458,0.013206941630315938,0.08976420510843153,-0.0657041450547613,0.5323481445704781,3.2657574908418536,0.0060582547451355495,1
2021-04-09,333.68,337.32,332.92,337.11,36664890,0.0060582547451355495,0.03863573343192539,-0.004178106720783004,0.01192906200470678,0.03547415077358762,0.050745021888573216,0.038358380385843605,0.03255086033940069,0.012200697005824088,0.004638435757480875,66.86095671839209,99.29836519089486,0.08280602576044727,0.013052119486221047,0.015584167101031004,0.00870677574709313,0.01243126443228044,0.10130823869472538,0.22457950355367928,0.6617984459665984,3.0765730972203995,-0.001305211948622098,0
2021-04-12,336.04,337.1,334.73,336.67,25833010,-0.001305211948622098,0.016976287569853588,-0.0031740381477856072,0.007209956321426292,0.027598373765368,0.0459163068128865,0.038429277082233204,0.026276535904798726,0.01372552813387501,0.006460703875990857,66.21119013276339,97.8282732099125,0.06541139240506344,0.007039534262037022,0.014497048826956418,0.00878104116632947,0.01220239263899069,0.10871083044078023,-0.295429223979671,0.485329570034483,1.2429211727029144,0.011673151750972721,1
2021-04-13,338.24,341.08,338.02,340.6,30374030,0.011673151750972721,0.02956290429841002,0.0046633201651469225,0.013039236681181121,0.03181792018709673,0.05455935921431321,0.040985700286551685,0.03218140794997382,0.015501527271717252,0.008209231288588529,69.09968895990497,98.57524910878875,0.07815517077648693,0.008984145625367005,0.01426581243184293,0.008582956469641545,0.012235764503624211,0.11957257097663647,0.17578361948530197,0.577559429150362,3.33183788800026,-0.012008220786846824,0
2021-04-14,340.85,340.98,335.67,336.51,42564340,-0.012008220786846824,0.014745793377962668,0.0007339988256018781,-0.0020285058452997884,0.012620517820387755,0.03933287004864483,0.04144544822793628,0.01669181917389606,0.01607552189405769,0.009862310528746468,63.05804353576963,86.43518422325847,0.07059684398065658,0.015779620219309985,0.014091090479162125,0.009904193102660963,0.012693945909467845,0.12469989691585855,0.4013398946402569,0.8189823208096524,0.8641575884734202,0.015155567442275197,1
2021-04-15,339.47,342.01,336.2153,341.61,36342820,0.015155567442275197,0.019487883490509894,0.008796172476301045,0.00918759231905475,0.021060245573343295,0.051882849053379365,0.04230656129670951,0.0270283635575157,0.0171435929363872,0.011200777054016644,66.93970308783139,98.76314162028456,0.07044151286309663,0.016962910921811358,0.013943364822876515,0.00989038816181208,0.013003930899412404,0.13346308523034398,-0.14616742559616802,0.7286570938431599,1.0182959404430423,0.0011709259096630564,1
2021-04-16,342.15,342.23,340.08,342.01,40860100,0.0011709259096630564,0.014535314882382577,0.0015807499780451373,0.007452574525745215,0.016954696290305327,0.04827759540732979,0.04052302005461916,0.023784415519807034,0.018045340938357208,0.012559209878084298,67.23053456253291,99.28315412186372,0.05373263086545266,0.006286365895734143,0.012985146633139365,0.009334699245305526,0.010339262802344897,0.13552738808149795,0.12429635344753098,0.8553089383605308,1.1132193735107911,-0.009151779187743014,0
2021-04-19,340.39,341.58,336.9016,338.88,34533130,-0.009151779187743014,0.006564291442658909,-0.004736703605157766,-0.003065409123269358,0.005307172247256631,0.03460277335091866,0.03778400591062003,0.012170289546869828,0.017996546714524487,0.013739477828276973,62.59059060564919,89.08439231019868,0.023652016311735302,0.01380547686496698,0.013229103433157956,0.008771602651839456,0.01079036862756696,0.13365245869190187,-0.15484470179955512,0.7576930441098101,0.8252220312916104,-0.00728871576959389,0
2021-04-20,338.2,339.52,334.3816,336.41,38081820,-0.00728871576959389,-0.012301820317087486,-0.0020066100094429107,-0.00788595156362426,-0.0036724418776838963,0.024278702700069488,0.03242031933162015,0.004052515508578436,0.01716632952162942,0.014505550905239056,59.122908628566464,77.97123391370178,0.016897406444592367,0.015274218959008322,0.013489385825969147,0.009262137966562055,0.010583594253988738,0.13278788433970853,0.10276189850152595,0.852494811038434,-0.9870031641699095,0.008560982134894868,1
2021-04-21,335.09,339.48,333.97,339.29,36598080,0.008560982134894868,0.008261270095985429,-0.003923783478493648,-0.0010305028854079579,0.002579657641312405,0.029588258767158537,0.030650346923509986,0.0106815306643393,0.016756200167275935,0.014857178622936684,61.781685885030384,84.86096807415038,0.023128882455822897,0.016239794865749037,0.01318330715822535,0.009514183723999405,0.010519203553478644,0.13139224999476057,-0.03896189835464792,0.8350357014743169,1.1046814931876805,-0.012054584573668592,0
2021-04-22,338.89,339.9,334.01,335.2,45936140,-0.012054584573668592,-0.018764087702350718,-0.0011789324766424691,-0.009333309689737002,-0.009541144523666611,0.013589109359975149,0.02313837668503127,-0.001271060489333009,0.01558432595249087,0.015147634009057095,56.19194662369666,60.03978968310349,0.0003581234332099559,0.017571599045346022,0.013410224173201483,0.010029657983307233,0.010076607557228648,0.12155465556865001,0.25515163636999527,1.0711524536704833,-1.0482389429846863,0.012589498806682586,1
2021-04-23,335.85,340.767,335.85,339.42,36414920,0.012589498806682586,-0.007572877986023685,0.0019391408114559638,0.004676770068671621,0.0022441386641469663,0.022009240900242588,0.01725178818495654,0.009546999279132606,0.015142066727465816,0.014995856442154383,60.19375955735701,78.149300155521,0.006852362730266126,0.014486476931235557,0.012885110735119562,0.010655281025684221,0.010181482901851726,0.10983171537785859,-0.2072707894045952,0.8931994979135903,-1.1885862846215072,0.006511107182841203,1
2021-04-26,339.67,341.92,338.9,341.63,30811970,0.006511107182841203,0.008114966949952729,0.0007365505862941824,0.009574751026921735,0.007294578306148214,0.024709651101406216,0.014991361520372282,0.013606482130477549,0.015195280521088626,0.014958134858650394,62.14405935631934,95.33437013996873,0.014732527400718842,0.008839973070280826,0.012845664273378462,0.01077507256185986,0.009888058410196054,0.10218495609962423,-0.15386413041687308,0.787351411616,0.5272226641694739,-0.00433217223311777,0
2021-04-27,341.93,342.15,339.17,340.15,33187180,-0.00433217223311777,0.011117386522398132,0.000878143020226485,0.0029840359971455843,0.003063893533385764,0.01657481679836459,0.01355034608074046,0.00778657651754,0.014859337926865014,0.014990442006682977,60.02314521476002,77.65843179376971,-0.001321197886083536,0.008760840805526861,0.012874257155456611,0.010275804530393793,0.010019896012128432,0.09049902984629511,0.07708724888411878,0.8719092015018605,0.6750992315916153,-0.003380861384683187,0
2021-04-28,339.81,340.85,338.3301,339.0,33615700,-0.003380861384683187,-0.0008547260455658012,-0.0009995590180801317,-0.00023593252329845438,-0.0010608203677511252,0.009415253783074062,0.009653463872462575,0.003703142519827063,0.014153149852395009,0.014863665601330244,58.35653598755911,65.30612244897941,0.007399482927699097,0.007433333333333353,0.012679814580699526,0.009496088682564116,0.009950232541246162,0.07053330480411753,0.012912214897439211,0.896140098529905,-1.2644653090132458,0.003598820058997143,1
2021-04-29,342.37,342.8,336.9001,340.22,37708880,0.003598820058997143,0.014976133651551482,0.009941002949852562,0.0003999012008799596,0.0029449827693450725,0.009877037927529031,0.009473348323278286,0.006182901946984787,0.013637093776969023,0.0145757113633556,59.63693646802042,70.78142695356752,-0.0040689675360791044,0.017341426136029632,0.012949247125809344,0.0081613449901756,0.00957736823230001,0.05338599349766918,0.12176393768387994,1.0290187541304554,1.1102011690437767,-0.006554582329081238,0
2021-04-30,337.7,340.26,337.05,337.99,38263420,-0.006554582329081238,-0.004213069353603216,-0.007406971959320607,-0.005320808244898445,-0.0024467340969662743,0.0012634659849184438,0.006619495294959421,-0.0003488124236151746,0.0126773529087227,0.014272974105614105,56.23345445769481,45.526613816534415,-0.011754042279465415,0.009497322405988282,0.013210090746556316,0.008361655837903324,0.009235662523147108,0.04073013183830939,0.014705819955405763,1.0695764970251742,-1.0526542431280195,-0.005325601349152387,0
2021-05-03,339.23,340.0,335.73,336.19,29729730,-0.005325601349152387,-0.01592366010010826,0.003668747596082822,-0.007439992914292537,-0.006970905331561084,-0.004826527697401328,0.0026330551283892945,-0.004804047689676794,0.011346044744090362,0.013748723551766434,53.575621532982574,25.141562853906844,-0.007937913125590224,0.012701151134774925,0.01325107401001984,0.008036033835552918,0.008344708494987621,0.03670880809874161,-0.2230247583723567,0.845742421301751,-2.814040191667588,-0.017995776197983315,0
2021-05-04,333.56,333.89,326.21,330.14,65146970,-0.017995776197983315,-0.029428193444068773,-0.007822957256313434,-0.019506516031695065,-0.023031874125170604,-0.022637079930666326,-0.003192845184754378,-0.019286400220446476,0.00884411438141066,0.012969364151785512,45.74888090888986,23.68896925858951,-0.0186379715228443,0.02326285818137762,0.01450430120554916,0.009568590478991433,0.009345015988792733,0.03770035397979014,1.1913071528062984,1.7735408099627157,-3.1557266364316185,-0.0033622099715272524,0
2021-05-05,332.25,333.14,328.23,329.03,46219310,-0.0033622099715272524,-0.029410029498525114,0.0063912279638942415,-0.016981661956177563,-0.02335135070956429,-0.02554959618784758,-0.008715945471291953,-0.019175965300875175,0.006373440936307102,0.011685181774035804,44.46540344262152,16.99819168173591,-0.030239618025877713,0.014922651429960698,0.014361174187329854,0.008844219018085344,0.009353675396113141,0.04129656831916763,-0.29053784082360234,1.2344452106202761,-3.2628104489319516,0.00753730662857488,1
2021-05-06,328.76,331.67,326.45,331.51,46814280,0.00753730662857488,-0.025601081653048086,-0.0008205938668206514,-0.004390759583388415,-0.014911092093377154,-0.01768557108082447,-0.013353443256385322,-0.009988501902833069,0.004906008999270374,0.010259414485108819,47.97709041785516,31.946955997588915,-0.011008353221957035,0.015746131338421246,0.014915214796364682,0.008792973467564441,0.009199070011359244,0.04396339747593468,0.012872758161037057,1.22278270810559,-2.9301626170433335,0.00811438568972278,1
2021-05-07,334.37,336.65,331.6914,334.2,53324460,0.00811438568972278,-0.011213349507381953,0.008627190733311307,0.005978074373746978,-0.005374904019571081,-0.009287558584543998,-0.015174916180747178,-0.001654869658651359,0.004349763941635535,0.009011421360340093,51.55543775803691,48.16154309825192,-0.015379176241824388,0.014837223219628935,0.01480191502094553,0.00810762918515266,0.009287231546349532,0.04483137563951323,0.13906397791443115,1.3631688796475088,-0.8489089983926446,-0.025254338719329694,0
2021-05-10,332.78,332.96,325.55,325.76,60700460,-0.025254338719329694,-0.031024123263630687,-0.004248952722920474,-0.013231231522318754,-0.0258926675816864,-0.0327431986044614,-0.019773596110306935,-0.022828326879054672,0.0019294642050332765,0.007781808898535289,41.83288111069416,1.2173913043477074,-0.046453765769985056,0.022746807465618763,0.015955392225652527,0.01048588908930322,0.010827366728592377,0.05443607365066194,0.13832301349136955,1.4855212819868302,-1.3212077875875239,-0.0013813850687622864,0
2021-05-11,319.7,326.1299,319.02,325.31,71963610,-0.0013813850687622864,-0.014630156903131963,-0.018602652259331998,-0.011702444389084965,-0.022902368330154577,-0.031881746189993065,-0.020418245179645633,-0.02053484151481011,-0.00018752018950428368,0.00619655471660864,41.38475408845513,26.45079899074858,-0.04362781125973825,0.02185576834404119,0.016328754550604476,0.010538635183362281,0.010369541948822825,0.06134883518750729,0.18555295956570994,1.6758770072312934,-1.4110823901703564,-0.025883003903968582,0
2021-05-12,320.23,322.62,316.0,316.89,91164860,-0.025883003903968582,-0.03689633164149164,-0.015615874089330073,-0.030128483720702648,-0.04182944086307616,-0.05417828212582321,-0.02479689113603667,-0.03910294961800542,-0.004014734774952201,0.004286014425576841,34.037497039614436,3.3208955223880072,-0.0652212389380531,0.02089052983685192,0.017533506444327232,0.01251395914553197,0.011463665666175125,0.07991116838531945,0.2668188824879685,2.0093248331992237,-1.9089897149305053,0.0077313894411310535,1
2021-05-13,319.92,322.4,316.9,319.34,69877770,0.0077313894411310535,-0.036710808120418714,0.009561677553725278,-0.015294480419364875,-0.028286614978274005,-0.04368749597593502,-0.02883401686289122,-0.026932213755788137,-0.006298166458081361,0.002142872154168271,37.51372438504269,12.46268656716408,-0.06137205337722662,0.017223022483872988,0.017386238581359764,0.012950658823120267,0.010955951710225911,0.0881893268718033,-0.2335010441523192,1.4852555992740082,-1.449822258035849,0.022076783365691854,1
2021-05-14,322.6,327.33,322.08,326.39,44370020,0.022076783365691854,-0.023369239976062217,0.010208555144986642,0.011315680211193113,-0.0033162735589784553,-0.0202838082230844,-0.031245919600177197,-0.004615414269743767,-0.006142813525764069,0.00044870631341294045,46.2858956036217,38.768656716417844,-0.034320542027870715,0.01608505162535617,0.01809835297825125,0.015737753212384395,0.01231831909837396,0.08750400522825755,-0.3650338297859248,0.939582252008658,-1.620654921167006,-0.006066362327277086,0
2021-05-17,324.63,326.3721,321.45,324.41,39187120,-0.006066362327277086,-0.004144155206286748,-0.00539232206869078,0.006022302988203609,-0.005786121888580187,-0.024107765985608598,-0.029949702789209054,-0.009029534873555733,-0.006581530976131002,-0.0009551502416246478,44.400630812965616,31.380597014925453,-0.035039709687973986,0.015172466939983354,0.018640366907837082,0.015749697411457826,0.012246607070528319,0.08911730348591239,-0.11681085561827553,0.8257597827537962,-1.3909979101183465,-0.006750716685675506,0
2021-05-18,325.39,326.65,321.94,322.22,36528450,-0.006750716685675506,-0.009498632074021574,0.003020868653863751,0.001149603852726333,-0.010095052011329875,-0.02862250519648657,-0.02973792221925775,-0.013333186893692672,-0.007409415796606384,-0.0022511967708548925,42.346153902526225,23.20895522388069,-0.02398982249954551,0.014617342188566753,0.019252551495429024,0.014978165395551883,0.01223521407054633,0.09259650710999026,-0.06784550638066789,0.7709975437736705,-0.9360967034899591,0.0011482837812673008,1
2021-05-19,316.66,322.9,316.3,322.59,66319110,0.0011482837812673008,0.017987314209978233,-0.017255291415802843,-0.001238428434316985,-0.0069937388798936295,-0.02505292712301621,-0.023844027810728696,-0.010342670223782324,-0.007837958074857883,-0.003366483393402064,42.82748257437519,27.164056059356874,-0.019572683341944508,0.020459406677206256,0.01938548710658818,0.015011298335249166,0.012006000493800956,0.0933228686490227,0.8155467861351906,1.3572121424310934,2.0456204047042315,0.019343439040267807,1
2021-05-20,324.12,329.71,323.89,328.83,46466140,0.019343439040267807,0.029717542431264565,0.004742862456988739,0.012133412129718302,0.013050148801271755,-0.005236552406363892,-0.01716173414286626,0.0074366823039424546,-0.006423724089144676,-0.00392682462290164,50.35507137925795,53.458333333333265,-0.00808422068715875,0.017699115044247767,0.019866952528662215,0.016247020606779752,0.012716044301190013,0.09272986212328761,-0.29935519339749883,0.9504082144999384,1.7486023582858206,-0.005534774807651299,0
2021-05-21,330.43,330.86,326.64,327.01,50330450,-0.005534774807651299,0.0018995680014706195,0.004865736094638695,0.006147465324357171,0.009679660362794218,-0.008881904464593027,-0.014937541768894835,0.001574027749492446,-0.005832836161321161,-0.004325510972819558,48.35528325285397,53.31719128329299,-0.021514063435068786,0.012904804134430223,0.019966602157207948,0.01599637814568272,0.012345908540202602,0.08978903076079012,0.08316399855895074,1.0150031880152366,-0.27761796016074447,0.016819057521176628,1
2021-05-24,329.37,333.67,326.9032,332.51,32475770,0.016819057521176628,0.024968404179895654,0.007216904681814018,0.017995787308040967,0.024526267139115543,0.009182526036884964,-0.00865746340116158,0.01554173879429932,-0.0038686498435109074,-0.004176900623952788,54.26619035898042,79.95157384987898,0.020720776031434296,0.020350666145379056,0.018946089698698636,0.014697447821819318,0.012912749088912523,0.08392496117640896,-0.3547490634397269,0.6538348356128576,1.2580161151184268,0.001383417040089041,1
2021-05-25,334.07,334.81,331.755,332.97,31280310,0.001383417040089041,0.033362299050338384,0.004691588222910603,0.01273792360895687,0.023527892879538825,0.011680954529503351,-0.0010436748292065312,0.014302190256557212,-0.002247792386705566,-0.003786462646414703,54.732840395791854,82.17917675544817,0.023546770772493897,0.009175000750818412,0.01852198181732374,0.014649557480675892,0.012904717457391265,0.07904976846802375,-0.036810828503835324,0.630977827824277,2.7815464752822057,0.003483797339099537,1
2021-05-26,333.66,334.61,332.95,334.13,25444930,0.003483797339099537,0.03577296258408502,0.0020722587620505273,0.009181793470053323,0.021679305283757166,0.015957090993122147,0.006713654137350256,0.01505054395517047,-0.000676195799984571,-0.0031538928992641546,55.95337857031246,87.7966101694916,0.05440373631228512,0.004968126178433618,0.01769664074291016,0.010775074207807125,0.012928959650771572,0.07539726464065286,-0.18655122024046433,0.5175330963020486,2.294026912175211,-0.003741058869302316,0
2021-05-27,333.67,334.54,332.67,332.88,27931750,-0.003741058869302316,0.012316394489553906,-0.0013767096639032417,0.002952696595360127,0.013660420105117588,0.013287064517601976,0.01030394350334074,0.009505465218440312,0.00025924181055284875,-0.0024807405214057293,54.2557199588721,89.73950026581602,0.04239994989666185,0.00561763999038694,0.017061424966525907,0.011100764877249288,0.012906351629463166,0.06926827378768753,0.09773341879895137,0.5738188669437068,0.3266033775418493,0.0031542898341745396,1
2021-05-28,334.12,335.5699,333.6,333.93,29927450,0.0031542898341745396,0.021161432372098776,0.003725066089882212,0.0019382868664563624,0.014528418826789125,0.017111771729330538,0.015144131192280419,0.010716549084069271,0.001238886049290225,-0.0017305749112824075,55.477704091890615,91.62029443175484,0.023101197953368624,0.005899140538436186,0.015732895260341145,0.009161292104585604,0.012869387881493484,0.06576697367018128,0.0714491573209699,0.6201276115038812,3.100658906987825,-0.003324049950588437,0
2021-06-01,335.3,335.785,331.43,332.82,31145420,-0.003324049950588437,0.0009323027878860302,0.0041026562453208015,-0.0015779400382786024,0.008579073847916119,0.014251386969420299,0.0158543442122121,0.006218011875755103,0.001733529841492101,-0.0010423713230291068,53.8403046361765,85.01389941875144,0.02592398508060767,0.013085151132744482,0.015194120373947318,0.008920102529816423,0.012837836671085914,0.06323653886347264,0.04069741992719056,0.6444200165641333,0.9461177002434504,0.0019530076317531009,1
2021-06-02,333.25,334.34,331.695,333.47,22047940,0.0019530076317531009,0.001501636784094762,0.0012919896640826156,7.197567222272383e-05,0.007115374161165144,0.015716852974323015,0.015643751332582,0.006915508859743458,0.002249480968161716,-0.00038237543195447974,54.68376569503163,88.11906594816527,0.034914033889888785,0.00793174798332678,0.013736875024097268,0.008310322632000936,0.012157776477328188,0.06466056910137316,-0.29209687973384213,0.4774763797381628,0.6719226119102996,-0.010405733649203941,0
2021-06-03,330.55,331.86,328.28,330.0,37057830,-0.010405733649203941,-0.012360458504174998,-0.008756409871952586,-0.007876856472851967,-0.005589790721851284,0.004999109205334973,0.012978193042056274,-0.0030158099084458545,0.0018195754361582574,5.4798153185929415e-05,49.4852574366616,70.31049525275843,0.022970333860318215,0.010848484848484972,0.013812056277056296,0.009400446375375095,0.012377773430321523,0.06478923504332976,0.6807842365318484,0.8105758298447021,-1.4907667855037043,0.01696969696969708,1
2021-06-04,331.85,336.0582,331.78,335.6,38736550,0.01696969696969708,0.008171112713290185,0.005606060606060614,0.007311714350890286,0.009226179736085749,0.021417505927326053,0.014003402695982103,0.01173872356610195,0.002750519450228185,0.0005932108997032215,56.64790595407843,97.68096284074471,0.020588145850439554,0.012747914183551926,0.013170419717350603,0.008941387140451533,0.012842227996226313,0.06721220602659095,0.04530000812243995,0.8548469105146708,0.7081981904939358,0.0029797377830751426,1
2021-06-07,335.05,336.66,334.34,336.6,32611850,0.0029797377830751426,0.007995687718983069,-0.0016388557806913395,0.008696486044267537,0.009322590414733822,0.024087038270917738,0.01525786243888505,0.012455408930158951,0.0036990125900493976,0.001212961348527767,57.79864938105078,99.70530451866404,0.02932632029601545,0.0068924539512776285,0.012575311942959027,0.008532179581663734,0.012736923722322931,0.06904888415424039,-0.158111654238697,0.7365184318639232,0.7794911484614534,0.0004753416518121778,1
2021-06-08,338.395,339.29,335.03,336.76,27282820,0.0004753416518121778,0.01183823087554825,0.005332739156268529,0.006798490818748837,0.008517112088070045,0.022862228269948437,0.015955265723666567,0.010924671151271381,0.0044421895957137214,0.0018583459602745807,57.99078930324944,88.99521531100466,0.012781570479083237,0.012649958427366813,0.01247388984100593,0.0070039633481902225,0.011213971962107336,0.07173061048560987,-0.1634077796874449,0.64032893733575,2.6506569575088252,0.00023755790473933835,1
2021-06-09,338.17,338.97,336.651,336.84,21485320,0.00023755790473933835,0.010105856598794372,0.004186958071029867,0.005012531328320691,0.00758892382060572,0.02131685109131176,0.016223001459933828,0.009430959789229032,0.004992968834993826,0.0024849174472791782,58.093526347086964,84.09090909090884,0.011622668708892503,0.0068845742785892915,0.011563120260573111,0.007011685884779408,0.011196223819650018,0.0735166099821978,-0.21249636217956946,0.5360128269938276,2.6422472697043418,0.010420377627360367,1
2021-06-10,337.19,340.46,336.73,340.35,33702070,0.010420377627360367,0.03136363636363648,0.0010390689941812692,0.009251845921181445,0.016197656191684784,0.028302100564229438,0.018875620312252428,0.01682879013198768,0.00613573619623596,0.0031945798067606773,62.43437796575825,99.20405209840841,0.018615508933648606,0.010959306596150907,0.010732418308883756,0.007584804181571187,0.009244163682600176,0.06874514651690487,0.5686091712853241,0.9057151104057358,5.0,0.0026149551931835546,1
2021-06-11,340.36,341.25,339.69,341.24,21222830,0.0026149551931835546,0.016805721096543547,2.9381519024429537e-05,0.008517605612989865,0.01631815487802335,0.027591450790854566,0.018912753799941395,0.016440346127613248,0.007191282141414029,0.003987254757273538,63.46770629866979,99.93029804555727,0.02511415525114158,0.004571562536631117,0.010147633839610199,0.007324009302166912,0.009194994568716894,0.06542196100469369,-0.3702811132966016,0.6102423689152705,5.0,0.009582698394092093,1
2021-06-14,341.68,344.52,340.46,344.51,27827720,0.009582698394092093,0.023499702911467413,0.0012894150744344746,0.013443548861563848,0.02283422253495182,0.03461582931286378,0.020891425551115894,0.022063935984054428,0.008630590161453342,0.00488564504369126,67.0536054941734,99.93842364532026,0.03168328691641964,0.011784853850396222,0.009490103957173169,0.007661428857056524,0.008230417752129226,0.07113601543511655,0.31121627040314603,0.8196534661259142,5.0,-0.006531015064874746,0
2021-06-15,344.15,344.47,341.52,342.26,35963780,-0.006531015064874746,0.01633210595082546,-0.0010449624103799904,0.003577292986159941,0.013314069332638345,0.025111119098108148,0.02145706789346935,0.012990554814127364,0.00925281478288718,0.005784773379068119,62.50717596981011,86.0837438423646,0.02836368006730372,0.008619178402384286,0.009538926129675893,0.00802122184445017,0.008257188283356183,0.07076554051801731,0.2923724976390447,1.0643501785595668,2.4348545795301226,-0.003652194238298323,0
2021-06-16,342.74,343.84,337.45,341.01,55399540,-0.003652194238298323,0.01237976487353043,0.0014024425875065472,-0.002527246880429601,0.007364475048520447,0.01850123426185446,0.021081759954362678,0.0078503237388301,0.009333158785126756,0.006511414107618834,60.07037073520265,78.38669950738922,0.02261072960086352,0.018738453417788296,0.010564646198058742,0.008280929312398124,0.008097790659442073,0.06487530011567304,0.5404259507760307,1.5950126247449146,-0.24726914721305815,0.012697574851177285,1
2021-06-17,339.97,346.38,339.92,345.34,59722700,0.012697574851177285,0.014661377993242075,-0.0030497639365413276,0.007198021419071665,0.015553549320542981,0.027941408470827822,0.020595142772947606,0.017415706228270045,0.010147239099788792,0.0071732651011046835,65.14004778722499,94.25414364640874,0.04648484848484835,0.01870620258296166,0.011381557719514544,0.007541644038657384,0.00837566786221835,0.060815602208545656,0.07803602701394263,1.735965609087898,0.4349512435433464,-0.007847338854462205,0
2021-06-18,343.63,344.8082,341.86,342.63,55414860,-0.007847338854462205,0.00407337943969055,-0.004951641860195699,-0.0015153722861721564,0.005505437940567015,0.017784418508627997,0.019329081549297022,0.007969106172149187,0.010215261695638486,0.007827053436557558,60.00506485631549,79.28176795580113,0.020947556615017904,0.008604617225578572,0.011636292377033132,0.007080544821395593,0.007849723735283788,0.059723552148255386,-0.07213069737302569,1.5900692884880343,-1.2637757405626115,0.00504917841403274,1
2021-06-21,342.43,344.69,340.15,344.36,32992650,0.00504917841403274,-0.00043540100432493123,-0.0005837200478649995,0.0036138960130567277,0.008286241325798693,0.02029418344021905,0.016620223667115575,0.011027364623682034,0.01043933520958125,0.008318052473366398,62.06112976606206,88.83977900552497,0.02305407011289362,0.013183877337669939,0.01161620729137283,0.007139185470817146,0.007663419827840333,0.05649405760043335,-0.40462449963782277,0.9708373611829164,-1.1286908251759453,0.009321640144035248,1
2021-06-22,344.15,348.03,343.84,347.57,28941630,0.009321640144035248,0.015514521124291525,-0.0006098269253108635,0.009843629242668017,0.014474141227222681,0.02751257525568085,0.017496714839171146,0.017251088098676925,0.011175564261504291,0.008828097401550685,65.59534241439577,97.67088607594947,0.03210001187789535,0.012055125586212844,0.011826435784775132,0.00742949586739878,0.007094325910821282,0.06045366030374075,-0.12278552950429866,0.8560840104182573,0.23320246991264043,0.0004891101073165594,1
2021-06-23,347.51,348.92,346.88,347.74,27188450,0.0004891101073165594,0.01973549162781163,-0.00017262709669996212,0.0064017966706027,0.011751493303772786,0.02577565914065394,0.019250623890124663,0.014977180439884163,0.011733840477458572,0.009405793376119704,65.7771670860659,93.11551925320884,0.03235957724735794,0.005866451946856905,0.011173619042141513,0.007418809233206709,0.007102829647444709,0.06333666493305,-0.060576408446932684,0.8091221567194693,2.2870468361716316,0.00618278023810892,1
2021-06-24,349.73,351.46,349.17,349.89,32581610,0.00618278023810892,0.013175421323912806,0.005722666359924133,0.009964264890110153,0.015189102145623856,0.029724241443244148,0.019565025456899754,0.017924330642645092,0.012457986090335224,0.009969994631224017,68.07510984188455,90.82943925233648,0.02802996914940481,0.0065449141158648826,0.010627625825259373,0.007074514938985547,0.007154032047729556,0.06777829077025278,0.19836217217237473,0.9594328800982979,1.871323944552595,-0.0012289576724113793,0
2021-06-25,350.47,350.72,348.84,349.46,28682800,-0.0012289576724113793,0.019934039634591283,0.0016576638372061137,0.00476130234269867,0.011528987457920525,0.025955686558882363,0.021093949544799262,0.014072117957290242,0.012857620396654524,0.010557334006690766,67.1046214202315,87.8271454656117,0.02408861798147921,0.005379728724317669,0.010550768123880934,0.007188635697713034,0.007063283627291286,0.0693104671132797,-0.11966290186396555,0.8436913942848312,3.092735854940788,0.012161620786356186,1
2021-06-28,350.78,353.85,350.72,353.71,39130310,0.012161620786356186,0.027151817865024963,0.0037772563383506874,0.01154217928699297,0.02111161470797951,0.03542657080630418,0.023611859207044228,0.022252194659384772,0.013814341570700476,0.011107254261901041,71.43859910326395,99.18599918599894,0.026704594931932224,0.00884905713720278,0.01045024778167749,0.007513606980638971,0.0073897069122948866,0.074490271099669,0.36424303066646213,1.1356294788154977,3.1675236128715705,0.003618783749399279,1
2021-06-29,353.53,355.0199,352.67,354.99,29426040,0.003618783749399279,0.02134821762522665,-0.0005088914647592979,0.01091246675285773,0.021054448183622565,0.03581239887778964,0.024631145567838297,0.021871641782323925,0.01476277534311804,0.011806318622474742,72.60907946811489,99.83652179618261,0.03719394612283056,0.006619623087974284,0.010418784432559468,0.006783519307987943,0.00724319624423874,0.07789085979818218,-0.24799880195173507,0.8561307487293418,3.173177229539592,-0.0015775092256119505,0
2021-06-30,354.83,355.23,353.83,354.43,32723960,-0.0015775092256119505,0.019238511531604052,-0.00045071692160347787,0.005486587081839245,0.01552382153049181,0.031025600374675166,0.025399655869061455,0.0170894980332017,0.015274894177295379,0.012514956936166824,71.23366789148002,95.50056242969623,0.03935368464267919,0.003950004232147488,0.009965679299962529,0.006562505826208321,0.0073192059255076545,0.07900628640358925,0.11207488333462479,0.9375212542608078,1.2221621225223434,0.00039500042321471973,1
2021-07-01,354.07,355.09,352.68,354.57,29289980,0.00039500042321471973,0.013375632341593002,-0.001015715373980819,0.0032198555874962675,0.01324531698744047,0.027759983535897925,0.024461365882786135,0.014760567342845698,0.015509163156072585,0.013109845011022416,71.3796305190194,96.2879640044993,0.02672728325707996,0.006796965338297003,0.010132977973319803,0.00584069223437196,0.006638806105440602,0.0739571536934397,-0.10493778870283421,0.848582195345638,1.1440773299908968,0.01147869250077549,1
2021-07-02,356.52,358.97,356.28,358.64,32727240,0.01147869250077549,0.026269100898529185,0.005499619257128385,0.009491426190932017,0.020208456601884306,0.036097589160611676,0.02635600687573114,0.022255395282905877,0.016249842165039483,0.013618823542439568,75.30294723863966,98.4665427509292,0.04672678983159684,0.007500557662279876,0.010085700742487507,0.005133514578330589,0.0061533720928091725,0.07704302237878222,0.11735276022721775,0.9564919335181752,2.996052971529943,0.00432188266785638,1
2021-07-06,359.26,360.48,356.49,360.19,38842400,0.00432188266785638,0.018320092731333615,0.0017287530671425966,0.01016928237287007,0.020024411034240464,0.03704172898830915,0.026601924137225952,0.022477614085733233,0.017053918729842677,0.014258958043446037,76.61753733136277,98.74077290490655,0.04596933441747009,0.011077486881923455,0.010240607139882535,0.005131422677948364,0.006156515076936537,0.08026318902716105,0.18685229796340908,1.1249720530214298,2.9925135706714734,0.0021099975013187944,1
2021-07-07,362.45,362.76,358.94,360.95,35265240,0.0021099975013187944,0.016789205329727608,0.0062744662539215845,0.008927872628271771,0.018318159889634034,0.03562349727716674,0.026459398509184107,0.020766328739508122,0.017675357176970573,0.014918219456269758,77.25677713581099,92.07530647985988,0.03849584256408778,0.010583183266380367,0.009710466427878827,0.004881732049291758,0.006126273864667076,0.0819025433436872,-0.09209420633122567,1.0096970195157946,3.061937299887556,-0.006039617675578368,0
2021-07-08,355.74,359.65,354.42,358.77,50890020,-0.006039617675578368,0.012245013119656756,-0.014434132151267431,0.0004071116266619601,0.009028012149848053,0.02614045399357301,0.02572287028734599,0.012327246672273473,0.01761352971906206,0.015529799764902402,71.24049654603894,82.35294117647057,0.031719100477368034,0.014577584524904428,0.009783406798625476,0.005734999446428932,0.006453830476738183,0.0792470947013552,0.44306461546837617,1.3982007177748073,2.2788250860038515,0.00624355436630708,1
2021-07-09,358.17,361.5,357.57,361.01,35184530,0.00624355436630708,0.018162845136362238,-0.0016723806338321268,0.003050745737847027,0.01216243495424374,0.029505494583838887,0.026374287600505752,0.01573374133278338,0.017667969675003586,0.015880346128356104,73.5221535725563,92.26006191950465,0.031781417016776725,0.010886125038087606,0.009811738495569992,0.005738610565891605,0.006272173824733924,0.07996237190742689,-0.3086163063013141,0.9647284824733419,2.3619734400749617,0.0039057089831306957,1
2021-07-12,362.45,362.89,360.83,362.42,25717680,0.0039057089831306957,0.010539817086772318,0.003988809174261032,0.00485765302161556,0.012436865865105284,0.03041460242094285,0.025433402753591405,0.01661962122994054,0.017836803876445467,0.016222211513764535,74.8734706404573,97.5328083989503,0.03708578950380592,0.005684013023563827,0.009284787972912267,0.005529327918182915,0.006274973265841071,0.08086541587815467,-0.2690628523387978,0.7008371590131225,2.2625037338649028,0.0,0
2021-07-13,362.03,365.465,361.54,362.42,39723020,0.0,0.006191176878869609,-0.0010760995530049167,0.0036165864519239754,0.009979405805946362,0.027797786840149996,0.02409406212955667,0.014026891559986376,0.01781966711488869,0.016541702633989366,74.8734706404573,83.61581920903976,0.0246246925447402,0.010829976270625116,0.009232559697903783,0.004732075024512556,0.006112370219048032,0.0825841674561289,0.5445802265212103,1.0652338554924372,1.2120492349067078,0.0017934992550079354,1
2021-07-14,364.83,365.49,362.22,363.07,35336350,0.0017934992550079354,0.00587338966615869,0.0066497433916450355,0.004237452218023963,0.009517665933540309,0.02661183033915493,0.02227996782206576,0.013375165747498974,0.017714468028117616,0.01675256417848369,75.54086017747382,85.4654654654654,0.022761204540972857,0.009006527666841055,0.009458014786601564,0.004716975200049895,0.005732734183921276,0.08153194553894647,-0.11043143245402787,0.9483964171336036,1.2134908130302335,-0.007023439006252241,0
2021-07-15,362.98,363.19,358.46,360.52,53391560,-0.007023439006252241,0.0048777768486774065,-0.00024788608257353406,-0.003780175081793402,0.0007328122224197209,0.016597393368938285,0.02045489152196378,0.00528995777121799,0.017014392737678703,0.016899724162274615,67.91917828258539,70.15015015015005,0.017182518409841085,0.013119937867524738,0.009725020208904612,0.005464762220427682,0.005981883069860101,0.07568032625835455,0.5109528856262744,1.4368540795943576,1.13140452806856,-0.008099411960501346,0
2021-07-16,361.4,362.41,357.24,357.6,47261960,-0.008099411960501346,-0.009445721725159895,0.00244091867302787,-0.009983222870051933,-0.008206701261097349,0.0066235605086037985,0.016774244398967575,-0.0024145439313713046,0.015654523211021665,0.016761080380421883,60.40365128855366,46.58090724441438,0.008545562230307224,0.01445749440715888,0.010461589165867693,0.006291063760139678,0.005978881767523117,0.0716933251208517,-0.1148046620102503,1.2935860159133221,-0.9829563109512126,-0.008193512304250583,0
2021-07-19,354.05,355.18,352.04,354.67,64404630,-0.008193512304250583,-0.021384029578941588,-0.00992729306487694,-0.01386324710278719,-0.015248693643415967,-0.003313203072089599,0.01069835801140373,-0.00897392582992329,0.013760986806891517,0.016271834982916893,53.95235650771357,19.55390334572489,-0.011069596252509362,0.008853300250937453,0.010783645964659297,0.00564766174756883,0.006008594205219754,0.06338716454172354,0.3627160193948791,1.7413667875955354,-2.7012148051504115,0.011616432176389413,1
2021-07-20,355.63,360.28,353.8,358.79,42183700,0.011616432176389413,-0.010016003531813866,0.002706741477993546,-0.0003900481988130533,-0.003422013099199539,0.0062245755047039,0.006617204732304094,0.002146921223727949,0.012797311254898129,0.015427450128882879,60.3629634709905,50.185873605948,-0.003886837502429241,0.018060704032999697,0.011482044809339318,0.006782553709414129,0.006367376175649311,0.05581900597150291,-0.3450206918353541,1.1265613059252209,-1.8043274292578642,0.007720393544970561,1
2021-07-21,358.35,361.56,358.12,361.56,30259860,0.007720393544970561,-0.004158977607623848,-0.0012263441010061937,0.008175602574255203,0.004101832077604284,0.012007725249811196,0.003801046827329513,0.008350593508250403,0.012539323081541189,0.014755269930484339,63.99250588494303,70.78066914498133,0.0016899847624325393,0.00951432680606261,0.011797093547010556,0.007227792923877736,0.006280926771617046,0.05166047058392249,-0.2826646311252925,0.8067022820529479,-1.949766803784276,0.006610244496072504,1
2021-07-22,361.77,363.96,361.77,363.95,30252240,0.006610244496072504,0.009514035282369937,0.0005808164619980349,0.012902363949080842,0.009287273191144862,0.01639156558371635,0.0034447561372370483,0.012676592905538353,0.012714379706647926,0.014269575534275688,66.81597221134277,88.55018587360578,0.014438219472085123,0.006017310070064563,0.01171766137420759,0.007122099336608919,0.0063524775184982925,0.047613424422510375,-0.0002518187460219812,0.8032188717022956,-0.2092435618020493,0.011677428218161756,1
2021-07-23,365.31,368.485,363.9157,368.2,31960800,0.011677428218161756,0.029642058165548102,0.0037367770298117886,0.0187198769346546,0.01904129303664348,0.025638168670403028,0.006791162018518371,0.020654646154558698,0.013544520960051412,0.013992797762243063,71.14843466195822,98.26695044086333,0.01991634580759527,0.012409831613253663,0.01161525180414369,0.0077108024642313705,0.0066414891362708344,0.0487518734298837,0.05647714020515515,0.8492823106363091,1.7645819329057697,0.0007876154263988244,1
2021-07-26,367.49,368.89,366.601,368.49,28438130,0.0007876154263988244,0.038965799193616535,-0.001928299837045011,0.011784798378903893,0.018133491007855218,0.023732627674869278,0.01180866654164836,0.01809747186309174,0.014207183889258644,0.014026865171692314,71.42260601950474,97.62611275964404,0.01674852381215164,0.006211837498982299,0.01127638664356076,0.007688221511926059,0.006595857389627465,0.04734250073028532,-0.11021845510750672,0.7559214584767753,5.0,-0.011017938071589461,0
2021-07-27,368.22,368.22,360.16,364.43,57933150,-0.011017938071589461,0.015719501658351565,-0.0007327200195391681,-0.002452603975627299,0.006356868289665529,0.010947796501088236,0.013433347157359554,0.005815498752614223,0.013846445909101486,0.014115796433400905,62.47202903279755,73.53115727002974,0.0055460515424092804,0.02211673023625937,0.012285976926785833,0.008682364983358093,0.006871965972729214,0.04555764387930462,1.0371645392998765,1.5023913837287568,1.7606913459526612,0.0038416156737919316,1
2021-07-28,365.6,367.45,363.24,365.83,42066200,0.0038416156737919316,0.011809934727292859,0.0032104930988119396,-0.0009558140805069337,0.00945353804041904,0.013307924232498713,0.014277384838466967,0.008178129925115796,0.013536467152270753,0.013956714624395145,64.1408216132701,81.83976261127592,0.007601839865590598,0.01150807752234639,0.011785977874188221,0.008737963293392758,0.006875733616043291,0.04495572424405219,-0.27388377811322184,1.0733190734253435,1.9612907428733999,0.0017767815652078855,1
2021-07-29,365.25,367.6794,365.25,366.48,25672530,0.0017767815652078855,0.006951504327517677,-0.001585435858185491,-0.0005617885602395845,0.009586776859504154,0.013417102657980129,0.013986748813698213,0.008422763395583122,0.013298968491047341,0.01380536215715397,64.92077257969564,85.69732937685475,0.016531676467325118,0.00662901113294037,0.011472600336794805,0.008295335695540732,0.00683680759767258,0.043347467094848616,-0.38971121708164747,0.6609806817759633,1.8864998222988334,-0.005211744160663723,0
2021-07-30,362.44,365.17,362.41,364.57,36484650,-0.005211744160663723,-0.009858772406300953,-0.011023793931456027,-0.0037982293146792134,0.002400349741680463,0.006743471921530464,0.010581893695047029,0.002678567286019895,0.012630222889283688,0.013628195875777658,60.74009093558497,74.36201780415429,0.019491051454138653,0.00757056258057435,0.011926516169734174,0.007960912363968179,0.007005790552575925,0.03971646240620356,0.4211552192168049,0.9307357465866307,0.04614662341536746,8.228872370197315e-05,1
2021-08-02,366.28,366.88,363.87,364.6,27334100,8.228872370197315e-05,-0.010556595837064697,0.004690457251008029,-0.00159372586819706,-0.0002467849406344591,0.005998465893727323,0.007604310948993609,0.0023353034445448007,0.011913338902214885,0.01328432739740899,60.78280908902511,74.54005934718117,0.02799785716299663,0.008255622600109683,0.0117462777211817,0.007179880223186885,0.006595625205612932,0.03904608662965521,-0.2508054757274635,0.7021321206481739,0.017283968077999423,0.006061437191442698,1
2021-08-03,365.28,366.93,362.0,366.81,35558510,0.006061437191442698,0.006530746645446284,0.0018650575973668815,0.0031504848793133533,0.003606098081490261,0.011172768547540013,0.007997088960378429,0.007107714672745624,0.011629767676643147,0.012889385871623318,63.89909286894614,87.65578635014843,0.022352908386521264,0.01344020064883729,0.011998757628511431,0.006613521193911095,0.00665508929535923,0.039984878875858394,0.3008846093341284,0.9172615767401815,2.8168067579888674,0.0014448897249257353,1
2021-08-04,366.77,368.32,365.63,367.34,29602240,0.0014448897249257353,0.004127600251482955,-0.00010904828112656695,0.0037709039239262054,0.0034692818313437623,0.01174270436120195,0.007941852474616207,0.0072359765663285724,0.011430045677141315,0.012582640336103713,64.62507236700161,90.8011869436201,0.015986281668326052,0.007322916099526319,0.011584771601241335,0.006326461552635592,0.006650553618093507,0.041185577920261195,-0.1675061750337683,0.7692331479162648,2.6408554093987644,0.006342897588065721,1
2021-08-05,368.18,369.91,367.45,369.67,21443930,0.006342897588065721,0.00870443134686738,0.0022867098600751756,0.008379751117027379,0.00825873740597105,0.016634054916994767,0.00818570959087972,0.011504537688608929,0.011588936413831305,0.012320453663190614,67.70024954668085,98.65696698377164,0.015716444566561405,0.0066545838179999355,0.011009375156993286,0.006303484359819006,0.006546181488628769,0.04256880439616719,-0.2755977250370242,0.5794014310294769,2.5745367593333035,-0.004382286904536459,0
2021-08-06,368.37,369.37,366.905,368.05,33332110,-0.004382286904536459,0.009545491949420004,-0.0035166499851219113,0.0020582966234135025,0.003881328980134935,0.011199991208151072,0.009122916915654589,0.005977356833357872,0.011337901274210166,0.012167326714663631,63.56290134916043,88.45437616387329,-0.00040738728951650316,0.006697459584295698,0.010515399693364635,0.005429930358824078,0.006573603948545586,0.043291564390667975,0.5543843875632872,0.9028720307314608,2.7366803446356576,0.0018475750577366945,1
2021-08-09,368.52,369.27,367.39,368.73,25960250,0.0018475750577366945,0.011327482172243553,0.001277000407553297,0.001657068347278079,0.0056702422739880465,0.012190870435286216,0.01051637573465003,0.006622457211261867,0.011098928497882169,0.011935696197408344,64.5424348505024,89.99151823579301,0.0006513066840347914,0.005098581617986047,0.009604918039138198,0.0054578823443098825,0.006541533615739431,0.04457053610130409,-0.22116391671574342,0.702958375625061,2.715367631858741,-0.005125701732975441,0
2021-08-10,369.26,369.56,365.62,366.84,35130800,-0.005125701732975441,8.17862108448697e-05,0.0014373660944322353,-0.003493369118182321,-0.0001417310816262951,0.006392142876738394,0.009920166799264551,0.0012374844388962636,0.010446253782069103,0.011687002929285656,59.73573204743032,68.51282051282,0.006613066981313143,0.010740377276196702,0.009751760206863247,0.004327902257018039,0.006676984484052909,0.04468824084401926,0.35325353184195074,0.9572324650000266,0.29365330822655195,-0.0017173699705593792,0
2021-08-11,368.14,368.65,364.84,366.21,34249810,-0.0017173699705593792,-0.003076169216529645,0.00354377930432892,-0.0045936395759716975,-0.0019622271277901504,0.004231257558265256,0.008865622609119939,-0.00040788549718773215,0.009650627427042008,0.011295812177916307,58.18033394786953,62.05128205128158,0.001038733838121475,0.01040386663389859,0.010043554244832205,0.004230866266916777,0.0066908521074207404,0.0446919200688568,-0.02507742493766152,0.9346110296501741,-1.8421823259073429,0.003604489227492458,1
2021-08-12,365.69,367.9,364.295,367.53,26003880,0.003604489227492458,-0.005788946898585334,-0.0014199503017393589,0.00015783515478728916,0.0013486452245696778,0.00688323162588067,0.006724335134616677,0.0027022461962238342,0.009157743598631496,0.010835742940986564,60.50099439952197,75.58974358974305,0.002865094957432701,0.009808723097434118,0.009820072996956513,0.004348619791431081,0.006484770870677411,0.04383054263098374,-0.2407584158861027,0.7371409220721885,-1.6404714086173853,0.0035099175577504305,1
2021-08-13,367.89,369.16,367.38,368.82,19336190,0.0035099175577504305,0.0020921070506723094,0.000979511876581629,0.0032478660377666113,0.003701083111086856,0.00886676869673697,0.005600712295717569,0.0052594375251149295,0.008942979386504579,0.010426870597979386,62.68054424092239,88.82051282051249,0.011657569191101835,0.004826202483596415,0.009687148977046492,0.00398058233274534,0.006139355278190541,0.04024917727241446,-0.2564113509214778,0.5707193030610588,0.06822921912728327,0.00043381595358171765,1
2021-08-16,367.67,369.02,363.7,368.98,35044110,0.00043381595358171765,0.0006780028747321865,-0.0031180521663684013,0.0035466008115840886,0.0029410325688097316,0.0073329074459314025,0.0037729255734464395,0.004815079789281418,0.008728717397713047,0.010083622852834944,62.95359392668898,88.24273072060677,0.012013165112451984,0.014418125643666305,0.009100260951038776,0.003971482448383101,0.00570545737912505,0.02958333950636426,0.8123585877052304,1.081195893807114,0.36736171432551,-0.008808065477803662,0
2021-08-17,366.15,367.15,363.23,365.73,44793900,-0.008808065477803662,-0.0030258423290806524,-0.007669792400672226,-0.004691743728466702,-0.005601022322521021,-0.0024847193849022453,0.0022174279472291225,-0.003416688067658713,0.00783075007287818,0.009704733472840558,54.26802178658283,47.15549936788883,-0.002944303590414643,0.010718289448500147,0.009481897262227023,0.004671784401962851,0.005720574944432112,0.02253158920920724,0.2782147984354575,1.3764582130656917,0.042040009436241046,-0.009624586443551353,0
2021-08-18,365.18,366.62,361.865,362.21,38541940,-0.009624586443551353,-0.01092269462876494,-0.0015038416318049475,-0.012120418705373504,-0.013796126629219918,-0.01217295495856674,-5.318082708460903e-05,-0.011029172066689852,0.006269774475136714,0.009093191079609719,46.74552619221024,4.288377874455808,-0.013965263788315974,0.01312774357416967,0.010032656667205698,0.005461099891119612,0.00595396988908209,0.021650060263849163,-0.13957168275144605,1.1694623597643152,-0.09014352673545972,0.004831451367991013,1
2021-08-19,360.22,365.68,359.96,363.96,48499370,0.004831451367991013,-0.009713492776099897,-0.005494050412743867,-0.0054107230693556385,-0.007488287620055378,-0.007401670148415418,-0.0020017781462553508,-0.005294405724597717,0.00527564076121301,0.008294703360387312,50.42480304515738,40.20100502512545,-0.015446208780804604,0.015716012748653772,0.010308236383904058,0.0052396668095479665,0.005864317821508462,0.021642163983167758,0.25835310832822644,1.4319554003577868,0.5247637535670364,0.010358281129794644,1
2021-08-20,365.06,368.14,364.74,367.73,39486030,0.010358281129794644,-0.0029553711837752017,0.003022310143971918,0.005490509184571835,0.002879942401151858,0.0029442207224592565,-0.0025323843824021086,0.004235150081517425,0.005232362179568729,0.007614204706974723,57.27327879251893,78.09045226130657,-0.0008694470859936798,0.009245914121774066,0.01042981846152653,0.006315234902576743,0.005732206622944213,0.021465607989701447,-0.18584447591793463,1.1530252003385604,0.9617329168874523,0.014956625785222943,1
2021-08-23,368.8,373.935,368.79,373.23,34034740,0.014956625785222943,0.011518239470974079,0.0029097435618523626,0.01816287114127646,0.016631982654361943,0.017287315594017416,-0.000859936629075686,0.01624467134344809,0.006280389439301296,0.007257677966944609,64.892857774903,94.9552772808588,0.012204051745179356,0.01378506550920339,0.010520131209786397,0.007915187110419278,0.0066440108813835596,0.026510446983416803,-0.1380561682194943,0.9857878058666452,0.9418839422158537,0.0030544168475201694,1
2021-08-24,373.84,374.99,373.36,374.37,21732910,0.0030544168475201694,0.023623984906898432,0.0016343809447256774,0.01648112951398306,0.017649921033388916,0.01901413913760641,0.002491939643615826,0.01632339192677179,0.00731165646100993,0.007250793289910642,66.23686325998203,95.87491683300064,0.02052666012430504,0.004353981355343632,0.010310655234126682,0.007600433816070164,0.0060618132257285635,0.031332359875425576,-0.36144921336258184,0.6643019298856411,2.8857378362400414,0.0011485963084649775,1
2021-08-25,374.63,375.39,373.855,374.8,20441880,0.0011485963084649775,0.03475884155600362,0.0006945000934903689,0.010738421543722287,0.01644537012930658,0.01894066057150945,0.00811509570919422,0.014760136777300481,0.008133572795986092,0.0074206942474444905,66.75386852764305,96.17627997407664,0.023456486715272673,0.004095517609391591,0.010101577984448848,0.007495485242747435,0.006033722481889129,0.035798002802485046,-0.05940437796871201,0.646195695708258,5.0,-0.006350053361792951,0
2021-08-26,373.92,374.62,371.97,372.42,29133330,-0.006350053361792951,0.023244312561820024,-0.002347918890074685,-0.00024160425223473947,0.008653260207190705,0.011653491972944297,0.011897970825523574,0.00702792460847701,0.00823715565864772,0.0076219248838206135,61.170604831980036,80.75178224238516,0.013305036323565611,0.007115622147038229,0.010178600197933195,0.007956679848599173,0.006264154751315903,0.03725367530066806,0.4251786039248837,0.9159340922256868,2.9884310374815413,0.009720208366897687,1
2021-08-27,373.07,376.56,372.57,376.04,27104750,0.009720208366897687,0.022598101868218645,0.0017453412813488445,0.004992356456388958,0.01646992677329462,0.01989810240477774,0.014831700811085424,0.014192582073861315,0.008872870645258747,0.007813415242193911,65.84932707289443,96.86746987951818,0.019575944905374065,0.01061057334326138,0.01050990016259667,0.0083752561750673,0.006395523708685262,0.040642951454309226,-0.06963090041543485,0.864909799175378,2.800388395079383,0.011222210403148525,1
2021-08-30,376.85,380.76,376.83,380.26,27295670,0.011222210403148525,0.018835570559708525,0.0021540261674291017,0.01246611888875293,0.024752408542747517,0.029158034190694293,0.016486393954853407,0.02155478644679909,0.010113670502633856,0.00820409773104189,70.33654296062572,97.59615384615385,0.030570762642961657,0.010335033924157173,0.010539781052062104,0.008837195325678546,0.006735261419669966,0.047845103432832235,0.007043783838626139,0.8710554454906835,2.682470101076665,-0.0008152316835848827,0
2021-08-31,380.51,380.579,378.36,379.95,29628180,-0.0008152316835848827,0.014905040467986241,0.0006574449061169663,0.008643620551428866,0.020008214831260362,0.026493778764181908,0.017697190413987984,0.01747826463155988,0.01099162707718225,0.00876695855812573,69.61293791227187,96.10576923076923,0.03888114182593716,0.00584024213712329,0.010249280920421839,0.00796371931562776,0.0066992377679458304,0.053449853936320756,0.08545348035054645,0.9545222277681484,0.6018088106918508,0.00165811290959339,1
2021-09-01,381.04,382.71,380.37,380.58,28138310,0.00165811290959339,0.015421558164354199,0.002868798526121985,0.007225089321159173,0.016685633685425305,0.02636018074165558,0.01899783039895575,0.016169166730599427,0.01166069543423319,0.009334095898365627,70.28205614795957,90.63736263736266,0.0507164352171392,0.006148510168689829,0.010073722063316878,0.006508908912640868,0.006698841693500787,0.05841204250748083,-0.050285572721645355,0.9086663021126518,0.8413722439537258,-0.00047296232066851296,0
2021-09-02,381.97,382.31,379.15,380.4,25503540,-0.00047296232066851296,0.021427420654100082,0.0036523201429399244,0.0025141917426985128,0.011761326460590915,0.024392608431041962,0.02182354810390441,0.013242969298381313,0.01203422690934851,0.009877655512258747,69.8090762502276,89.84615384615384,0.045169798878997636,0.008307045215562633,0.010337614541084558,0.006734453616321407,0.006628205103236672,0.0626198831384163,-0.09363639820586245,0.8182187860377352,0.995384630470809,0.003075709779179814,1
2021-09-03,379.22,381.98,379.2003,381.57,24624940,0.003075709779179814,0.014705882352941124,-0.003101997896950426,0.0026750614896255964,0.011151096294804486,0.025676176959179342,0.022939750227139566,0.013807826222121289,0.012392654177626904,0.010356425128815162,71.16733063662231,94.98901098901105,0.03763630924863337,0.00728490185287101,0.009830381244407488,0.00641027179309213,0.006491039801367266,0.06649805225330477,-0.03445011947361032,0.8012220512528597,0.9219277310914424,0.0014152055979244071,1
2021-09-07,381.68,382.778,380.4882,382.11,23970200,0.0014152055979244071,0.004865092305264884,0.0002882826217993628,0.0031187487202104514,0.010204890945142209,0.0252839514123111,0.02209628991620316,0.012867387375937955,0.012656139775591276,0.010804659451602515,71.79796515874915,97.07248663335962,0.023792299654368687,0.005992515244301415,0.00916966692463276,0.00506108422579514,0.006491681935478959,0.07002719306286112,-0.02658849118008,0.7824519652927182,0.8190839931423893,-0.0034806731046035377,0
2021-09-08,381.93,381.93,378.45,380.78,32949160,-0.0034806731046035377,0.0021844979602578807,-0.00047106854047263,-0.0008082122764296873,0.004985602719515647,0.019808026053607097,0.02063291410451451,0.007893363052261737,0.012497906743227406,0.011173499985237399,67.86105022904506,91.24375493031796,0.017122098458743906,0.009139135458795153,0.008996289571030883,0.005374478171627695,0.006409159815990329,0.0708233321122398,0.3745884473220915,1.0793928592885942,0.6761325032187099,-0.003440306738799137,0
2021-09-09,381.01,382.15,379.22,379.47,29398980,-0.003440306738799137,-0.002916600977455386,0.0006040233205526491,-0.0036653311138300504,0.00029523563494127103,0.014498178036450149,0.018230329343638774,0.003742444659994293,0.011963592575630193,0.011362376879431403,64.13098730183427,81.66093801973616,0.01245997865528281,0.007721295491079532,0.008502177849557067,0.005618315376416438,0.006471419437568705,0.06970244740317003,-0.10774720812305993,0.970804822313356,-1.4385289448299345,-0.007589532769389007,0
2021-09-10,381.23,381.97,376.245,376.59,40249410,-0.007589532769389007,-0.010015772870662465,0.00463804780351551,-0.009244838254793497,-0.00838654466460409,0.00558077436582094,0.014963951935914599,-0.0032812184109075604,0.01085175696515923,0.011329768593568951,56.7461962289956,55.7620817843863,0.011197035604961991,0.015202209299237959,0.008860242097316881,0.005814924225608909,0.006783667624238008,0.06786648847460712,0.3690750495425352,1.2985617177684272,-1.7858803226531652,-0.0006904060118431143,0
2021-09-13,378.99,379.43,374.22,376.33,48741780,-0.0006904060118431143,-0.013732735802080898,0.006372978570859722,-0.007191549533578145,-0.009146823098229562,0.0038799548116641436,0.011151702365185256,-0.0033607407324193206,0.009736959145704459,0.01101746873962293,56.1179389302497,40.34048852701665,0.0007711945537707265,0.013844232455557569,0.00867750948066095,0.004977606380765539,0.006774712683673357,0.06638133542117032,0.21099365183241203,1.5013335707534514,-3.632692700733383,-0.002843249275901405,0
2021-09-14,377.86,378.61,374.28,375.26,41826620,-0.002843249275901405,-0.017926775012431007,0.004065580740307828,-0.006423325196062257,-0.010661632885495487,0.00018790504531707164,0.006653970860058589,-0.005246444457332355,0.008544186949989149,0.010547944165635622,53.49315180327689,30.440414507771706,-0.013148898122337327,0.011538666524543092,0.0091914367942988,0.003123974209579661,0.006829304105289519,0.06465502449820001,-0.14187335792824962,1.2750159412734399,-5.0,0.007434845174012716,1
2021-09-15,375.73,378.41,373.37,378.05,34097870,0.007434845174012716,-0.007169494196123671,0.00125246495762954,0.002412897067401998,-0.0028065436781548048,0.005972504393895184,0.003551039034819903,0.0018181169737290226,0.00802399302229961,0.009980879075501157,58.89224961118134,56.254626202812624,-0.005000657981313217,0.013331569898161673,0.009785837096378027,0.004181860034386406,0.006579512586407748,0.06030394259974163,-0.18478064926116433,1.0566436505903682,-3.2452240093464897,0.0006877397169686716,1
2021-09-16,376.68,378.9,374.695,378.31,35193080,0.0006877397169686716,-0.003056895143226157,-0.0036238592778733425,0.0037197406263596022,-0.0015228814923711198,0.004512619802156337,0.0007899408009071074,0.002120580373639269,0.007624014019385201,0.009504018440774215,59.36567459093285,56.23040752351091,-0.005964580377318729,0.011115222965292972,0.010038724855277417,0.004137412572910221,0.006028073580280055,0.04983884503090201,0.03211960160561356,1.0962709723491484,-1.537335496956755,-0.011842140043879401,0
2021-09-17,377.82,377.87,372.76,373.83,60912270,-0.011842140043879401,-0.007328925356488436,-0.0012952340672993667,-0.006711730382935377,-0.011633133278692975,-0.008681955110526496,-0.0019835376978233343,-0.008259569022943336,0.006358705927873007,0.008966073296596818,48.91272875699489,10.680774605709624,-0.017271293375394348,0.013669314929245951,0.01042844149938284,0.005454116985343866,0.006753455424843667,0.039327806635243455,0.730802475941293,1.8614408913313978,-1.861419506728265,-0.02174785330230322,0
2021-09-20,367.46,369.25,360.93,365.7,76203200,-0.02174785330230322,-0.02824648579703981,-0.01703983093919692,-0.0227934692568742,-0.029054037908576524,-0.029979907295044517,-0.007354062638841863,-0.025355255494226236,0.003566001654043466,0.008045521206864014,36.390352041495376,21.832662028560872,-0.041591320072332794,0.022750888706590082,0.012257998359310917,0.00805439981090756,0.008169459876638117,0.04238154203875117,0.2510320170303948,2.2050148903148092,-2.208633065122999,0.0012305168170632097,1
2021-09-21,367.58,368.81,364.99,366.15,41927480,0.0012305168170632097,-0.024276501625539626,0.005140825813508387,-0.016804150286782393,-0.023722360130863596,-0.027873468233645005,-0.011258507600587775,-0.020515883619692254,0.0013231259234208253,0.0066931317647200405,37.34648212945435,23.89234712559487,-0.041768077255240676,0.010432882698347653,0.012555256432765657,0.008040268203824233,0.007361816750358127,0.04898304479626268,-0.4497937094505218,1.1995155416834817,-0.5214157229439879,0.009340434248259033,1
2021-09-22,367.09,371.07,365.9584,369.57,46972920,0.009340434248259033,-0.022430895384208505,0.002567253857708618,-0.003080558492846164,-0.011649363777859967,-0.018167761886354827,-0.015133824023633946,-0.009635145372257514,0.0002965781285992571,0.005364270455716319,44.21002619251472,39.54595386305374,-0.029439571406061238,0.013831209243174528,0.012893575158775265,0.00912214499069918,0.007668722296033439,0.05159941414888799,0.12033730622493888,1.2970327202346905,-0.2492638556220987,0.009226939416078217,1
2021-09-23,370.76,374.04,370.099,372.98,44652000,0.009226939416078217,-0.014088974650418917,0.0032199583299510337,0.009019440221184505,-0.0007956557730585123,-0.008868840805968281,-0.017728380954911693,-0.0004206627443916755,0.00023242360934789467,0.004298666463129871,50.08186679017437,55.15378982057856,-0.017102801275463153,0.01056625020108325,0.013026569789264848,0.009892824808965152,0.00797330617952299,0.0521278775969744,-0.04940974501904505,1.1930684518481973,-0.0658199659974418,0.0009383881173252728,1
2021-09-24,370.65,373.76,370.27,373.33,36056800,0.0009383881173252728,-0.0013375063531552156,-0.0062469837524801175,0.01023959128227614,0.0010162192888609756,-0.008058709278010778,-0.01811283255792928,0.0004377064638632078,0.000256252488971427,0.0034869596396648658,50.655919157266666,56.75576711827156,-0.008656629225417545,0.009348297752658531,0.013150257719137812,0.009692266327937965,0.007843553079271261,0.05176065041561871,-0.19249305742183997,0.9545816546586793,1.8999448359806097,-0.00798221412691169,0
2021-09-27,370.2,371.2516,367.73,370.35,43338080,-0.00798221412691169,0.012715340442986056,-0.008384003428602016,-0.00034010300262354853,-0.005379304047503086,-0.015232192215189011,-0.014897155779976745,-0.006394195663442015,-0.00036751913706648784,0.0027385099806624884,45.82400587450192,44.39208294062219,-0.01589030903728106,0.00950884298636419,0.01389450134043087,0.009951712465792663,0.0077045095858046374,0.053742297476143855,0.20193916265447842,1.1232130541488745,2.9648446319671233,-0.028297556365600163,0
2021-09-28,365.67,370.302,359.35,359.87,97701630,-0.028297556365600163,-0.017151440666393514,-0.012636695018226063,-0.025323655273278844,-0.02951344879103801,-0.04049762837313586,-0.015568217267149853,-0.029357324716045352,-0.0032016089467117523,0.001614286088698837,33.662959842604465,2.28070175438589,-0.04101156531471506,0.03043321199321977,0.01575600712955869,0.013080979505780136,0.009365557927975292,0.06517336393261115,1.2544060558289614,2.3204655531507483,-0.24854716648389374,-0.0016394809236669472,0
2021-09-29,361.17,363.37,358.635,359.28,58076620,-0.0016394809236669472,-0.02784316908840012,0.003612415594520302,-0.021467363180285748,-0.026175200644012464,-0.03942378260305779,-0.018350353117634888,-0.026312623475553965,-0.005517008592484067,0.00019014790238951605,33.12990307908356,2.7640882794085315,-0.049649517259621856,0.013179136049877572,0.016140733848649693,0.012493356467140414,0.009358593576261436,0.07414317549779313,-0.4055716368293958,1.3342743792842122,-2.1157415347220603,-0.0036740146960587694,0
2021-09-30,360.97,362.68,357.1,357.96,61384580,-0.0036740146960587694,-0.040270255777789754,0.004703852148742138,-0.01702008468851446,-0.02437163057165126,-0.0400502018667479,-0.023428878677481113,-0.025408348196621522,-0.007585028350716983,-0.0013643264023581575,31.912353658588472,3.8513210927002124,-0.053791863815389585,0.015588333892054934,0.016171320019794714,0.012347679128536713,0.009302159086668057,0.0817225720641153,0.0569585488962685,1.3583947689283542,-3.784155704466426,0.006201810258129381,1
2021-10-01,358.6,361.25,354.38,360.18,56375490,0.006201810258129381,-0.03522352878150692,0.0017879092636050586,-0.0037286185302382036,-0.01465515118852534,-0.03147087730431708,-0.02784608620710538,-0.016433979352132422,-0.008555104962272625,-0.0027957548010793813,36.16160223876334,23.654159869494354,-0.03651392344113624,0.019073796435115788,0.016400847195449902,0.012624236379572565,0.009515546552571029,0.08504001800029072,-0.0816017638305907,1.2063403929614058,-3.220899694644347,-0.020989505247376306,0
2021-10-04,358.52,358.86,350.32,352.62,76766010,-0.020989505247376306,-0.04787363304981773,-0.004608806707757318,-0.0149784067355343,-0.03187280529556946,-0.04809467762312514,-0.033619842563897495,-0.03155414941104595,-0.011162951998135225,-0.004517145930800028,29.42660426387765,8.04758572428276,-0.03576702214930272,0.024218705688843573,0.017872659358111123,0.012505092425280098,0.010242680184753595,0.09344900132436215,0.3616912243246133,1.5558666955250993,-3.390671048799197,0.013498950711814395,1
2021-10-05,353.71,359.69,353.48,357.38,47232900,0.013498950711814395,-0.006919165254119619,0.0030911462764449116,-0.0002909221111992988,-0.016435852836918396,-0.03201385700684867,-0.03173216648451593,-0.015682482553399213,-0.011700437882344218,-0.005905672663756786,37.33979213201796,24.70258922323305,-0.02395193226819603,0.017376462029212544,0.018040341213434275,0.01358313074262013,0.01090677186035082,0.09388044269032306,-0.3847159699976591,0.9352522800498126,-1.5444933823735407,0.006407745257149378,1
2021-10-06,354.08,359.95,353.15,359.67,56806540,0.006407745257149378,0.0010855043420174848,-0.009233868711175819,0.0058954810634239685,-0.007429035053344357,-0.023018166804293916,-0.02874418705723847,-0.007944342551382322,-0.011519720176296102,-0.00699840128011901,40.78005534899923,33.93829401088936,-0.02678788862732362,0.018906219590179917,0.018440832668040946,0.013332322188381936,0.011119389282126012,0.09196022557526509,0.20269007407971995,1.0988636523883517,0.37285517765078835,0.009175077154057965,1
2021-10-07,362.8,365.69,362.25,362.97,39411170,0.009175077154057965,0.013995977204157128,0.008702421664303461,0.012287903972512781,0.004452611100810744,-0.011839844930428334,-0.02383486832970816,0.0009795402157171118,-0.010477175358177805,-0.0076432544251257215,45.429695656888484,53.33052276559874,-0.026837900155504246,0.009477367275532406,0.01836566579685845,0.013327206121463885,0.011433834997660812,0.08818278832147199,-0.30622125551036905,0.7550564505765708,2.2245770134224,-0.004986638014160993,0
2021-10-08,364.08,364.3166,360.61,361.16,41822310,-0.004986638014160993,0.0027208617913265787,0.003058103975535076,0.006689708997658528,0.002821093784708406,-0.014697958654744547,-0.021245541164514714,-0.003396850979452637,-0.010071039916663357,-0.008159455649049546,43.416192065470675,45.699831365936,-0.0325985053437976,0.010263041311330103,0.016639479138648477,0.013282266851335175,0.011383455847731634,0.08621716356530124,0.06117910226973722,0.8000446867805322,0.47440069305732546,-0.007669730867205793,0
2021-10-11,359.58,363.2,358.3,358.39,34847180,-0.007669730867205793,0.016363223867052357,-0.004374792335806954,-0.004234344871274831,-0.0015545427192796835,-0.019856392921656196,-0.015688478478765977,-0.00935788076605304,-0.010287668453198113,-0.00863554982325657,40.460686979056995,34.021922428330456,-0.0322937761576888,0.013672256480370484,0.016983334196984126,0.013270202774340926,0.011447107764408047,0.08476404373585311,-0.1667801228578718,0.6755916934271581,1.5169246243300816,-0.003487820530706731,0
2021-10-12,359.88,360.33,356.48,357.14,43905100,-0.003487820530706731,-0.000671554088085502,0.00415748207260247,-0.007575041821122452,-0.0042796403429289365,-0.020848840763877163,-0.013375116005861387,-0.010863236325012071,-0.010594350062267707,-0.009051489604001779,39.16502037358136,28.75210792580095,-0.007586072748492545,0.01078008624068983,0.016790454323634574,0.009963240598497573,0.011449398182725811,0.08361050410054136,0.25993265452182923,0.8494884840107157,-0.5617561140317253,0.008008064064512599,1
2021-10-13,359.51,360.69,357.43,360.0,40120800,0.008008064064512599,0.0009175077154057742,0.006636053088424632,0.00018892457464181334,0.003492712134178344,-0.010559528586584266,-0.010746422897851216,-0.002490652238904545,-0.009967046953713539,-0.009177073828905365,43.61411001574487,41.296928327645084,0.002004008016032177,0.00905555555555553,0.016474523809523793,0.010324466049737243,0.011476022711563087,0.07706386917228744,-0.08619272020790292,0.7717719013995262,-1.0255191034216968,0.018416666666666748,1
2021-10-14,363.69,366.85,363.01,366.63,43433870,0.018416666666666748,0.010083477973386046,0.010250000000000092,0.016541711953508065,0.019509807738297136,0.00928265860627997,-0.007140930137808366,0.013404297668746512,-0.007814868153754036,-0.008771868873160718,52.31954301012138,77.92046475185843,0.024220583305397225,0.010473774650192379,0.016831215589091363,0.011667868617856444,0.012374974125016579,0.06803079724308322,0.08257736635361201,0.8289326096134924,-0.9067764219593016,0.006300630063006407,1
2021-10-15,367.88,369.06,366.82,368.94,40419880,0.006300630063006407,0.02154169896998548,0.003409431852276157,0.018552261056816288,0.02344031734583485,0.016325839121685393,-0.002185869120570061,0.016694037413076845,-0.005642677024480149,-0.00810209269869321,54.93042098028654,93.18386547893093,0.024321172746959885,0.0060714479319130725,0.016112104949314244,0.011671433517162124,0.012240700226942585,0.06417843814559088,-0.06939261917024664,0.7867964496648884,1.1153499021318491,0.010055835637230892,1
2021-10-18,367.61,372.87,366.99,372.65,34513510,0.010055835637230892,0.039789056614302876,-0.0036049222095733136,0.020757549195774994,0.028019851417820263,0.025564108421101794,0.0047088157507273465,0.022682620844673318,-0.0030816857244819773,-0.007033481554408534,58.82963845792979,99.0243902439023,0.056803357722193804,0.015778880987521792,0.014970309175595631,0.00841282986718956,0.011382677286068973,0.06813107311931885,-0.1461253719704264,0.7002381815452604,2.830702381444116,0.007567422514423772,1
2021-10-19,373.75,375.52,372.6974,375.47,29090960,0.007567422514423772,0.05132441059528481,0.002951831477257638,0.018256865308159176,0.03065588440359912,0.03200147322766056,0.013498173582499273,0.025621516607050365,-0.0004768280038588448,-0.005679890385708707,61.552478844544716,99.80158730158749,0.050618389389445406,0.007517511385729794,0.01450307994932065,0.007990318940876649,0.011477127434003389,0.07406520686846739,-0.15711383745089968,0.5980082705987548,5.0,-0.0013050310277785693,0
2021-10-20,375.94,376.565,373.46,374.98,31390340,-0.0013050310277785693,0.041611111111111265,0.0012517644552161311,0.00873205033706892,0.025003211848029228,0.02988897204732255,0.020973777628245482,0.020470719446280317,0.0014491012028829825,-0.00426002976341732,60.80003689371939,93.96075442941522,0.042566797342007856,0.008280441623553304,0.014050577935585134,0.008206376742183042,0.011331542998879996,0.07777440400627819,0.0790410491781639,0.6557785281696079,3.2448648174746277,0.006106992372926445,1
2021-10-21,374.16,377.47,373.85,377.27,25469280,0.006106992372926445,0.029021083926574542,-0.0021867832951090183,0.009115662998646634,0.027247503832403597,0.03556841388699783,0.0262137947693184,0.022502173159224093,0.0034083470313902068,-0.0027056679609893837,63.0720298220482,99.26335174953944,0.039397195360497905,0.009595250086145214,0.01334996913919171,0.008055992837900688,0.011230279730632736,0.08146299720930397,-0.18862681958844663,0.5429606292850694,3.0488833039115084,-0.008402470379303861,0
2021-10-22,375.98,376.97,372.385,374.1,36275820,-0.008402470379303861,0.013986013986013957,-0.0034193018262781427,-0.0021179320021125214,0.01503973605168274,0.026758574504494925,0.028937794788260085,0.011745395893331567,0.004277073981076492,-0.0013274611228276626,58.055821599057325,86.14309210526316,0.03582899545907625,0.012256081261694831,0.012513193569328285,0.008532989593579435,0.01140967939886065,0.08201516328198136,0.4242970354874578,0.7731567164321458,0.6829016936401201,0.010237904303662004,1
2021-10-25,375.56,378.87,373.56,377.93,32597800,0.010237904303662004,0.014168791090835908,0.0039026998128841583,0.005266657800239383,0.020023697002248264,0.03619257559369338,0.030763894886484344,0.018639617647288054,0.005645234743082168,7.78402044049053e-05,61.9892346727887,96.3452566096423,0.054521610536008236,0.014050220940385792,0.012053743890591979,0.007758581115793199,0.011452220975819757,0.08737163226533555,-0.10139040275312872,0.7028100793087383,0.6294842795893665,0.0031487312465270367,1
2021-10-26,380.23,382.71,377.905,379.12,47191280,0.0031487312465270367,0.009721149492635917,0.006085783081523077,0.006477646808962456,0.017201087175249263,0.036719425089966506,0.030047143497806905,0.018424032254065636,0.006916185419087126,0.001445313784494247,63.14566459358346,86.31338162409462,0.06154449235593895,0.012674087360202592,0.011640038585596714,0.007180968337340748,0.009130474239389124,0.0929103060287267,0.4476829724705349,1.0760366770116006,1.0869540074478738,0.002321164802701059,1
2021-10-27,379.58,383.15,379.31,380.0,45760500,0.002321164802701059,0.013387380660301762,0.0012133361468664727,0.006132110441533056,0.014120290678900194,0.03619030998451156,0.029875002726816646,0.017533738737907978,0.008013573711424951,0.002756288135921746,64.01748026650472,88.18897637795283,0.05555555555555558,0.010105263157894671,0.01123902255639097,0.007230471307297291,0.009075360564515168,0.09733255282196726,-0.03031873685138442,1.0582721869450693,3.063168692244756,0.01110526315789473,1
2021-10-28,381.95,384.48,381.155,384.22,38007010,0.01110526315789473,0.0184218199167705,0.005131578947368487,0.013575185847618076,0.02059139156581713,0.04395977622058411,0.02997763836094336,0.024290012514601944,0.009574143130317396,0.0040956406434499,67.93476369399845,99.0714285714286,0.047977525025229895,0.008653896205299166,0.011259360336711854,0.006045595910793783,0.00911807714434284,0.10303417074871843,-0.16943630423618627,0.9033825734583456,3.1846878591916097,0.004919056790380516,1
2021-10-29,381.06,386.28,380.7,386.11,37310120,0.004919056790380516,0.03210371558406844,-0.008224454739472198,0.012147553188142979,0.020955352539101302,0.04541239381324669,0.03286560395302396,0.024704997090007952,0.011094491334762762,0.005479372324659052,69.53445579340587,99.42953020134242,0.046538732585244214,0.014451840149180243,0.011330042881932241,0.006021035949740555,0.009103204881462861,0.1093990083945747,-0.018335828048562597,0.9073777502109203,5.0,0.0034187148739996953,1
2021-11-01,386.56,387.56,384.42,387.43,30765300,0.0034187148739996953,0.025136930119334266,0.0011654709797725982,0.010574475188848576,0.020457616359771613,0.04406620710470577,0.03314128026991625,0.023765317849323786,0.012426168619686198,0.006853796712397827,70.63627396080537,99.56853634251578,0.039661881121696,0.00810468987946206,0.01116054144343126,0.005707447646757069,0.0070484626821600595,0.108528002344595,-0.17541675020074987,0.7925405109127694,5.0,0.004181400511060085,1
2021-11-02,386.8,389.54,386.75,389.05,25135290,0.004181400511060085,0.02619223464866005,-0.0016261001987455392,0.009570222284501329,0.021072329346676355,0.04397690665657694,0.03408052616114077,0.02362935196177851,0.013634061439236768,0.008187018349349557,71.97582595979686,98.15303430079152,0.03616800276986165,0.007171314741035909,0.010974535039565247,0.005565140025387041,0.006740379936483564,0.11043151711231342,-0.18299870308431898,0.6664763202913275,5.0,0.010615602107698185,1
2021-11-03,389.55,393.61,388.48,393.18,33748900,0.010615602107698185,0.03468421052631587,0.0012851818532322312,0.013355738947107954,0.027005989431643895,0.050336995808589746,0.03649385446803288,0.029034660402085244,0.015151566888064284,0.0095111302834869,75.09509620331315,98.39492347891002,0.048535921915835445,0.013047459179001972,0.010546787004134785,0.005679650255924723,0.006874755712197355,0.11517190602622038,0.3426898993407277,0.9230892271264916,5.0,0.01281855638638807,1
2021-11-04,394.48,399.2,393.92,398.22,40265310,0.01281855638638807,0.03643745770652229,0.0033063736710921,0.018991908863402518,0.03450963277012287,0.05881555279919293,0.03908141329621562,0.03549857755400376,0.017083608225702606,0.010929325140417261,78.27328323870364,96.95746662527178,0.05553052190738739,0.013259002561398153,0.01105724043421798,0.006226083069391377,0.007051542831533526,0.12408551905333393,0.1930851079590743,1.1000390454166058,5.0,0.0009542463964642423,1
2021-11-05,400.04,400.99,397.16,398.6,43383800,0.0009542463964642423,0.03234829452746624,0.004570338004118213,0.013486025792278644,0.02894787111563124,0.05457686624520641,0.04054406218458273,0.030701024897968443,0.01861123508407025,0.01245737166792687,78.49610086387187,91.64481733962599,0.06549051055867405,0.00960863020571998,0.010679341982653568,0.004329455813192237,0.006741739457042546,0.12845460714945484,0.07744855310936383,1.1827127781562978,5.0,-0.0013547415955845743,0
2021-11-08,398.57,399.62,397.4,398.06,29256270,-0.0013547415955845743,0.0274372144645485,-7.526342197694547e-05,0.00667135364243765,0.022241967750302294,0.0476503796502219,0.04070745219828664,0.024684987150576987,0.019527143589461983,0.013884845583361222,77.2831722946605,89.75703548330709,0.05326383192654727,0.005577048686127788,0.010577192239504452,0.004714252027943626,0.006248669964946986,0.12644008514010685,-0.32564067693470833,0.8036982635349426,3.2969705320293894,-0.006883384414409943,0
2021-11-09,399.16,399.57,393.92,395.32,50490720,-0.006883384414409943,0.016116180439532224,0.0027634025021354702,-0.0034184069618531376,0.01099946549911901,0.0352376762407558,0.03878867869189029,0.014878759694729737,0.019588154179478606,0.015102497036265585,71.26576282096156,80.17829050865228,0.042730533867904485,0.01429221896185363,0.011110348216995986,0.006073718448021364,0.006538860731129612,0.1173205171273001,0.7258085189943899,1.3745951753785828,0.9549067944913642,-0.014696954366083204,0
2021-11-10,392.47,395.36,387.53,389.51,54937390,-0.014696954366083204,-0.009334147209929311,-0.007209349387837571,-0.016244803531830443,-0.006275990509477913,0.016096697574865093,0.032875558088848233,-3.1195435376107916e-05,0.01840477609956536,0.015943170060870197,60.507459248814015,59.86715609159234,0.025026315789473674,0.02010217966162625,0.012048104394899084,0.008543614007546304,0.007849195732642282,0.1049019878989231,0.08806905506596063,1.4660851950984688,-1.1687458025793478,0.0027727144360862876,1
2021-11-11,392.57,392.75,390.24,390.59,32242980,0.0027727144360862876,-0.019160263171111525,0.007856024235578074,-0.00970041783294806,-0.005137452974603107,0.01573968728667552,0.025689302083671928,0.0023186957273666486,0.01721243079090364,0.016161755305695105,61.665917109347255,62.085308056871924,0.01657904325646742,0.006426175785350345,0.011713963856875865,0.008001043908699684,0.0070758103486555654,0.09737459420977285,-0.4130958897028053,0.873494685002472,-1.4040529280519398,0.010522542819836778,1
2021-11-12,391.77,395.25,390.13,394.7,34730560,0.010522542819836778,-0.00978424485699958,0.003021070687933669,0.002703004806470899,0.0031362303223150256,0.023001330912549856,0.020243607537604458,0.010864803316257499,0.01678476195639276,0.016151723113044858,65.77978760741405,72.75286982889318,0.02224754603610357,0.012971877375221699,0.011557602519092259,0.008437817671119938,0.007234563288871085,0.09186354112520759,0.07715105737745076,0.9481929434778823,-1.678853972112774,-0.00022802128198629035,0
2021-11-15,395.91,396.24,392.095,394.61,33716860,-0.00022802128198629035,-0.008667035120333622,0.0030656194578162488,0.004234678556340965,0.001080713575386083,0.019865684043486764,0.015565092324451912,0.008983560236492272,0.01638438506788411,0.016201202525284696,65.61373501127332,70.57195571955722,0.01853238004284652,0.010504041965484863,0.011440771539349878,0.008459743742552895,0.007101223855794137,0.08782405122872493,-0.029187551251693034,0.9215196503463831,-1.7507265601716218,0.007120954866830509,1
2021-11-16,393.86,397.93,393.66,397.42,27872940,0.007120954866830509,0.005312152180511953,-0.0019006107295811425,0.010305923745316248,0.006073094848122018,0.02422291577002267,0.013775027640256399,0.013647080588717664,0.016332732295291124,0.016135866631173557,68.30406335433287,82.40512567767378,0.021513944223107595,0.01074430073977148,0.011403013724235602,0.008598902265366774,0.007086435655765999,0.08612353717419452,-0.1733233759015519,0.7630688761828494,0.16872494185717954,0.0005284082331034057,1
2021-11-17,397.75,399.7196,396.64,397.63,28703260,0.0005284082331034057,0.020846704834279084,0.0008303557948770024,0.006683713511734357,0.0054720254079996256,0.021781893263198127,0.014997937831729535,0.011974618133288484,0.016230475230196675,0.016147970893557875,68.5023965686184,83.44011828486934,0.011317971412584615,0.0077448884641501585,0.011145429527090871,0.008072887221882562,0.007041317290865072,0.08245765000451151,0.02978946605560795,0.7887012663221497,2.856069883878713,0.010361391243115525,1
2021-11-18,399.73,402.27,397.45,401.75,45721520,0.010361391243115525,0.028572160065541974,0.005281291653044251,0.011399167216317396,0.014984121530295269,0.029132058071994482,0.01753302892712827,0.018939243071757428,0.016626431481914634,0.016111183329673116,72.18034925650586,97.08683473389365,0.008864446788207525,0.01199751088985686,0.010896008534091922,0.007707579405884715,0.007203771044592093,0.08177756205903998,0.592903384493608,1.222314850753354,3.0253107057688435,0.005575606720597426,1
2021-11-19,403.43,405.3,402.58,403.99,45191720,0.005575606720597426,0.02353686344058792,0.004181705040448014,0.012303297584444373,0.01925531968573857,0.03092336273068752,0.018393761228155947,0.020754074920751764,0.017226315369418474,0.016262744502030285,73.96065337307422,92.93800539083557,0.013522328148519724,0.006732839921780309,0.010908084712139275,0.007847815564454356,0.006680695641176225,0.07716784595110784,-0.011587541271593782,1.1939222502984792,3.1393108297007335,-0.011609198247481411,0
2021-11-22,405.57,408.71,399.19,399.3,61715370,-0.011609198247481411,0.011885152428980472,0.003910987895739959,-0.0017949192286347282,0.007107510555334207,0.016184384149763087,0.018011632804457722,0.0075237954392302075,0.016841654203314148,0.016531338406653745,64.63423969579324,55.57129367327684,0.003115108275134393,0.02384172301527669,0.012240098744230975,0.008849681978755138,0.0073387160666844985,0.07098439519153547,0.3656344569314909,1.570071809716019,2.050002339812359,-0.004557976458802848,0
2021-11-23,398.11,400.23,392.92,397.48,70098740,-0.004557976458802848,0.00015097378088668734,-0.002980215376909623,-0.006374521910856745,0.0019712728574381444,0.009194926604351616,0.01566933302188489,0.0024794035236146428,0.015898697724218997,0.016465365842070007,61.398632002690626,46.978281397545054,0.005463927957098047,0.018390862433329984,0.012687898043387628,0.00866727040058288,0.00751844210491941,0.06323608483822872,0.13583925689824117,1.7328556926988954,-0.2425641412555138,0.003220287813223255,1
2021-11-24,394.93,399.05,392.54,398.76,46954380,0.003220287813223255,0.0028418378894952134,-0.006415417127905831,-0.0037376079309242582,0.002859492534385666,0.010039349386329333,0.013828643364366178,0.00482533462592416,0.01512649180475427,0.016155308622573857,62.80875562981337,53.021718602455216,0.023747785679443467,0.016325609389106207,0.012734942607798463,0.006811876516439899,0.007520669786559643,0.0545609613109639,-0.33016798875414877,1.1590119198501634,0.11223433637866384,-0.01895877219380082,0
2021-11-26,396.11,397.54,389.77,391.2,51533310,-0.01895877219380082,-0.026260112009956482,-0.006645601364229092,-0.01744586156836947,-0.016304402490419645,-0.009984929601880799,0.0075934054671003,-0.012062869736888748,0.013125553110616566,0.01579912057373385,50.966469430856485,17.3276676109538,0.0015617399318978986,0.01986196319018415,0.013923203330411927,0.00957527320540746,0.008621364747215907,0.04924389397532853,0.09751869793616708,1.2511505269025365,-1.655235302812204,0.021702453987730186,1
2021-11-29,395.89,400.73,395.14,399.69,54447110,0.021702453987730186,-0.010643827817520268,0.011988752556237214,0.006051056417794687,0.0037846919632429366,0.009765691613328631,0.00369229292274742,0.007923621692545346,0.01263627189702764,0.014898073701269337,60.071287089909795,57.41265344664788,0.012642513301241554,0.013985839025244645,0.014933823713377876,0.011394587936870747,0.009769788801430241,0.045158527004355034,0.05654206958567176,1.2949542278355424,-1.4389156046286533,-0.014686381946008131,0
2021-11-30,398.78,401.19,391.75,393.82,81332690,-0.014686381946008131,-0.013724017029802194,-0.0022767644924817088,-0.005981978343723937,-0.010761007174004855,-0.005866553576477251,0.00011611939092848189,-0.005826968801181942,0.01132208373207349,0.014360523755018307,52.77471203163308,29.697828139754574,-0.0020019766351587753,0.023970341780508858,0.01584382277617767,0.01247799594964575,0.010426230078353537,0.04084693950728114,0.4937925998276125,1.8246684229687848,-1.6684382166838942,-0.017012848509471268,0
2021-12-01,398.28,400.48,386.64,387.12,78379250,-0.017012848509471268,-0.026064204488276177,0.011324970798842093,-0.017756103501996856,-0.025068375164327028,-0.022541488079081407,-0.004871890366685894,-0.019309673389632298,0.008808565503392452,0.013448965560280286,45.918816544956165,2.174898051653912,-0.025917165718886803,0.03575118826203769,0.017226958049183724,0.013230848028612343,0.011125569426337717,0.04284034194336205,-0.036313074115709165,1.6593063440346985,-1.756675281501416,0.007207067575945469,1
2021-12-02,385.8,391.74,384.34,389.91,84416620,0.007207067575945469,-0.022193800782425388,-0.0034097954122752627,-0.006213871359099454,-0.016129113655747318,-0.015090278970607551,-0.008931909347182687,-0.010377967746925787,0.007109063876216111,0.012103997992746142,48.896010997945496,22.855970455478246,-0.01941503407690559,0.01897873868328597,0.017865771221930348,0.013567433497913273,0.01097644320122146,0.04463360431489297,0.07702765719243287,1.6961502959440653,-1.0336998496868033,-0.017388628144956564,0
2021-12-03,391.31,392.34,378.9,383.13,105349100,-0.017388628144956564,-0.020628834355828185,0.0035905721833242588,-0.01946080965567376,-0.028673562519014317,-0.03036852474948093,-0.011124201053072436,-0.023441602808765616,0.004435920289614317,0.010741739654929933,42.738682569346956,14.189869171419048,-0.04634723086496584,0.03507947693994205,0.019733063376474243,0.01362419352079563,0.01114457078195323,0.052785381263252586,0.24796633648681987,1.9868293119592804,-1.5621387863883662,0.008012945997442067,1
2021-12-06,383.63,387.6,379.3,386.2,67588800,0.008012945997442067,-0.03375115714678878,0.0013050400647300897,-0.004731519755898916,-0.016454397049872393,-0.021062864138886472,-0.01640898381407796,-0.013245779187288864,0.002809160215726232,0.009086912755715533,46.05145778068118,24.48842670244888,-0.044035743458996524,0.021491455204557253,0.020344677073315106,0.013847442754883055,0.011348639198104958,0.055854463265310995,-0.3584302096553269,1.24624452461579,-1.355366959980431,0.030113930605903727,1
2021-12-07,393.03,398.46,392.99,397.83,56005260,0.030113930605903727,0.010182316794474566,0.017685137234593418,0.02312531182651889,0.01354346596554512,0.00844617716693108,-0.014347347768556395,0.013900315562003662,0.0038175368137890043,0.007820523085568729,56.35316900437165,63.50218047635023,-0.0036814425244178217,0.01374959153407227,0.02118449732656808,0.017293270504665594,0.013373295541518391,0.055779364396227264,-0.17138253675165116,1.0078067274462206,0.3099299296268743,0.004474272930648837,1
2021-12-08,398.17,399.82,396.22,399.61,39204040,0.004474272930648837,0.03226389749948333,0.0008546364024835107,0.021142956436412952,0.01752616957835862,0.012407765145517446,-0.00855432751686358,0.015556230124992076,0.004963126914984696,0.007221175617739427,57.68499957186324,69.47333109694745,0.005358760189191791,0.00900878356397479,0.021183153574735374,0.017278252421854795,0.01330408778748669,0.056926093721093717,-0.29999360774327266,0.7127087878390961,2.011914041548563,-0.014714346487825658,0
2021-12-09,398.35,400.2,393.5299,393.73,49973710,-0.014714346487825658,0.009797132671642172,-0.0031530742473911966,0.004157102779902999,0.0038396426531779326,-0.0030221042809556176,-0.0071494859130945,0.0005186297557180364,0.004712986365394354,0.006805811127455937,52.03634458369968,49.74840657497497,-0.012614103721536707,0.016940796992863105,0.02183514083255023,0.017903428861709484,0.013305142436122528,0.05560021728635982,0.2747081678316827,0.9126132913782745,0.11749133371962252,0.0108703934168084,1
2021-12-10,396.62,398.28,393.36,398.01,52545770,0.0108703934168084,0.03883799232636442,0.007340055367891729,0.007426419220605496,0.01299296267545591,0.006869561807715474,-0.0005527524415340768,0.009624763681972848,0.0052156843428361075,0.006429236745883322,55.45556235850109,64.10600469641064,0.017407975460122627,0.01236149845481259,0.02184620271565323,0.017067398526504424,0.013495850397457843,0.054962566000156504,0.05146826201216603,0.9421185933053221,3.116456889136408,-0.014446873194140841,0
2021-12-13,398.0,398.325,391.88,392.26,50166410,-0.014446873194140841,0.015691351631279105,-2.5124996859360316e-05,-0.010164324935400537,0.00024989672635289395,-0.0073701990902708125,0.002822817883329387,-0.004201108807809106,0.004502393836977074,0.006119263282215221,50.27068973794646,59.93719156572455,-0.01858940679026244,0.016430428797226313,0.021606496420012968,0.016203654375902828,0.013724274646200749,0.05539759517175942,-0.04528166586958382,0.8871812203772433,0.9603847093604357,-0.010350277876918335,0
2021-12-14,387.3,390.09,383.63,388.2,75199180,-0.010350277876918335,-0.02420631928210537,-0.012644674450619453,-0.015625237725744312,-0.00868232890704812,-0.016846818554800302,-0.0012409713006392709,-0.012303379766075984,0.0030381203302483483,0.005554233473740021,46.9339455330797,41.7227456258412,-0.014270478898989358,0.01664090674909835,0.02207534775888717,0.015873883054898164,0.0139099406290808,0.057651193121738234,0.49899464601911925,1.2828255304648029,-1.5648240019969366,0.02279752704791349,1
2021-12-15,387.94,397.4198,383.88,397.05,73858030,0.02279752704791349,-0.006406246089937673,-0.0006697578567748108,0.008124920655071755,0.011352724067928088,0.005613758710950378,-0.002490923389226074,0.008628769576054074,0.0035569000395325213,0.005055726431794429,54.087771411736995,81.42664872139981,0.025650960942343426,0.03410099483692233,0.022847950060265892,0.016482307321564207,0.01478933465405143,0.057570903432094984,-0.017834635962785783,1.2123930326185186,-0.8108801825128727,-0.025714645510641065,0
2021-12-16,398.04,398.475,385.21,386.84,82591370,-0.025714645510641065,-0.017499301551824997,0.0024933887419720246,-0.014350068285126083,-0.01388272841753213,-0.018904675191608322,-0.004620917386518708,-0.014684129027017434,0.0019753570393104382,0.0045464025623321086,46.3282548767464,35.621354867653615,-0.007873611859147145,0.03429066280632831,0.02424034669187705,0.018621674679373888,0.015870001315952793,0.059964095886999635,0.11824496266688933,1.2983284286970058,-1.2195384410539083,-0.004989142798055957,0
2021-12-17,383.33,389.19,381.77,384.91,81642850,-0.004989142798055957,-0.032913745885781664,-0.009073518767449107,-0.012676605481054204,-0.019247625259896428,-0.02171039923548479,-0.009149781930197443,-0.016634784661931135,0.0002434138237999753,0.0037040419234465505,45.01364759868104,26.962763571108308,0.004645942630438826,0.01927723363903254,0.02397033443810613,0.017775732615116564,0.015648267057573457,0.06091455830487534,-0.011484492871349672,1.2481767703958766,-2.9679065390362744,-0.01096360188095924,0
2021-12-20,379.565,381.5,377.47,380.69,65336830,-0.01096360188095924,-0.029495742619691012,-0.013886363045906958,-0.01767052521301138,-0.028636457581146857,-0.02956253967121003,-0.01210593264625126,-0.023296422548447437,-0.0020208004008867406,0.0025919213020576715,42.19432994340642,13.99391568883082,-0.014267219057483183,0.010586041135832234,0.02386079036936691,0.017909489541169044,0.015662600720879497,0.06219066721769215,-0.19972379700120713,0.98373741723516,-3.049326006463437,0.022380414510493996,1
2021-12-21,384.05,389.53,380.201,389.21,48899480,0.022380414510493996,0.002601751674394581,0.008826078961885031,0.0037912002888533802,-0.004707825833459189,-0.006566143204456587,-0.010318225035574446,-0.0012165234757320897,-0.0019449806974206555,0.0016391501475698192,49.12276474695516,51.649802023757026,-0.021667546439433916,0.023969065543022923,0.022510598391613776,0.016515360090750556,0.01648458404683857,0.06026471989564059,-0.2515786272459193,0.7434226935139777,-1.515822901214707,0.012178515454381866,1
2021-12-22,388.91,394.16,388.23,393.95,37042200,0.012178515454381866,-0.007807580909205414,-0.0007707921173658594,0.01764310808018177,0.008873580291176353,0.0059856079835345355,-0.01145539138828311,0.009247421193171457,-0.0009154169361194357,0.001112458948474855,52.53150264638188,72.50329960404747,-0.01416380971447162,0.015052671658839972,0.021973219951770515,0.01702613629225457,0.01672553241468337,0.05898503977240027,-0.24248274214776921,0.5776712791670119,-2.2761263864060255,0.007539027795405495,1
2021-12-23,394.31,398.425,394.14,396.92,29595540,0.007539027795405495,0.02605728466549495,0.0009138215509583159,0.020003289338431873,0.015649788640853313,0.013807935348416622,-0.00607385687357298,0.014226017605998953,0.0004810954930432473,0.0009795269747583405,54.584719851187096,85.56973163220422,0.008101998831686608,0.010795626322684734,0.02019548739580483,0.016524234193237956,0.01680126284088089,0.05791292290869379,-0.20103179616761424,0.4678738973615326,-0.5988654444723368,0.0165272599012396,1
2021-12-27,398.25,403.48,398.2194,403.48,32820710,0.0165272599012396,0.04824504429606913,0.0033508011690013273,0.02705867379406901,0.03099263832212018,0.028949730700179366,0.001841235514933759,0.026096535468908888,0.002835923852886472,0.0013380657992698305,58.821465309787264,100.0,0.01374337328207842,0.013038068801427606,0.019559103655341376,0.016992529109237965,0.01657683021474758,0.06391983885024989,0.10897486580748317,0.5266502403592056,1.9425160448482686,-0.0046346782988004875,0
2021-12-28,404.4,404.58,400.71,401.61,33113730,-0.0046346782988004875,0.05495284877459361,0.002280162585506007,0.011525461295506245,0.02376837307474644,0.023930203149220786,0.0122634005058333,0.017998598192132675,0.004304918895044314,0.0019364207226893317,57.18379747817724,89.04463297676143,0.023836231071228342,0.009636214237693296,0.018157967751229864,0.01623610527062541,0.015935995687579675,0.06528298458289483,0.008927899487853885,0.5406051550535538,3.1752671463963025,-0.00014939867035179688,0
2021-12-29,401.75,403.05,399.11,401.55,32248480,-0.00014939867035179688,0.031705249094319266,0.0003485968974876741,0.005126382346020808,0.020143742330820835,0.022769385943575138,0.017553020105167905,0.015059545801566543,0.005385323112413622,0.002626432674160996,57.12883836707888,88.8233124308374,0.03438948995363211,0.009811978582990905,0.018221160858814946,0.015650531887031104,0.01554020760655621,0.06854484877938528,-0.02612964471232926,0.5484540960890608,1.0343436314355252,-0.002988419872992143,0
2021-12-30,401.33,403.5699,399.75,400.35,23850070,-0.002988419872992143,0.016245716461479986,-0.0005478769767153224,-0.0010778927197329091,0.016243136836814775,0.01799772167863467,0.019096198051221647,0.010157156623526342,0.00594930503534146,0.00329730507412831,55.970225250255005,84.39690151235718,0.008311295806573415,0.009541401273885395,0.017767257221359883,0.01417163734143466,0.014987077988296222,0.06926007838751917,-0.2604280883936235,0.42534412958786916,-0.8836077880594108,-0.006244536030972858,0
2021-12-31,399.66,401.0589,397.34,397.85,34752880,-0.006244536030972858,0.0023430414189258286,-0.0017234919445484609,-0.0077761816404301465,0.007082611909318359,0.010620597507042806,0.018540956996867974,0.0032550825842072584,0.005849111482458792,0.003824241975118918,53.53432862329514,75.17521209885662,0.028461379381656604,0.00934749277365846,0.017663261458913098,0.011113518224966415,0.015032854355698164,0.0694451114661654,0.4571395387938064,0.6485050296121112,-2.9066538330271725,0.009626743747643607,1
2022-01-03,399.05,401.94,396.88,401.68,40575850,0.009626743747643607,-0.0044611876672945305,0.0030162121402539377,0.0026759325824745606,0.01247955153265834,0.017951248934037656,0.015234549723578628,0.010904857812347402,0.006381181555650367,0.004306458716629101,56.64720818635661,89.30284028033944,0.04356862643215287,0.012597092212706638,0.01724855606452899,0.01092524034360846,0.014486464086216694,0.06673312665044188,0.16755359555812355,0.8058669139515718,-2.5339977553316344,-0.012970523800039824,0
2022-01-04,402.24,402.28,393.288,396.47,58027210,-0.012970523800039824,-0.012798486093473782,0.0013941445927105889,-0.0077831723309474965,-0.0046120203762424206,0.003442079420920896,0.01131330515552631,-0.0018681870261753053,0.00580968984779095,0.004652377775436218,51.58460547204439,70.08483954260431,0.041451049410281327,0.022680152344439583,0.017540437215570272,0.011250913403715498,0.014819631847476538,0.06365475861319868,0.4300922839570829,1.1635116200357392,-2.8582798433544645,-0.030721113829545788,0
2022-01-05,394.74,395.89,384.03,384.29,75739850,-0.030721113829545788,-0.0429834391732038,-0.0043635079577269975,-0.02988427982874231,-0.033998215250807484,-0.025715393995938585,0.0042973077810426474,-0.027665462254871875,0.0028674381009218992,0.0044133548384355905,42.10975615855365,25.156768720029525,-0.012640990724801404,0.030862109344505485,0.017891956595279625,0.013898100243188771,0.014862736270549076,0.06789604954556562,0.3052471418150209,1.4892061977487085,-3.2581424713879867,-0.0007025943948582025,0
2022-01-06,382.42,387.35,380.13,384.02,70814320,-0.0007025943948582025,-0.04078930935431513,-0.004866116734757564,-0.022506630827109686,-0.03226131615686634,-0.024472029335443568,-0.0020106514993516456,-0.02409236771306722,0.00032949492611873124,0.0035990652387780683,41.92591788323294,24.16082626337132,-0.025206244447264936,0.018801104109161054,0.016780152819421624,0.013095821032151391,0.014795857845873587,0.07075098219642885,-0.06503221223701927,1.350394610680966,-3.5503971257058202,-0.01083276912660791,0
2022-01-07,384.03,385.76,378.04,379.86,72652300,-0.01083276912660791,-0.045218047002639206,2.604031040043253e-05,-0.02415841177195943,-0.03861144575263975,-0.03333672638436469,-0.009405537459283297,-0.02948846405210037,-0.002556098705246607,0.002399564301483304,39.09401877049389,8.815935079306493,-0.042980953340723604,0.020323276996788212,0.01702033079856489,0.01282116625886222,0.014643368083554457,0.07751432556532904,0.025954919852368752,1.3561199569497342,-3.723265158222285,0.0006581372084453196,1
2022-01-10,374.82,380.64,369.31,380.11,91770500,0.0006581372084453196,-0.053699462258514186,-0.013268046122255628,-0.012573061436550126,-0.03225477940521271,-0.030492392843023408,-0.018147501052121484,-0.024520144352989437,-0.004734971990167364,0.0009713944800522347,39.35910803498195,30.620924298270534,-0.05792108654704076,0.02980716108494905,0.0177401278577254,0.01077435464219591,0.01435761974679676,0.08193324175526925,0.263146521170011,1.6524837057612225,-2.5130227522083897,0.015021967325247854,1
2022-01-11,379.355,385.9899,377.2182,385.82,68295700,0.015021967325247854,-0.02686205765883931,-0.0019862671331982718,0.007836581160858946,-0.013752556237218827,-0.015119606476695191,-0.022777688433488263,-0.008361283822859278,-0.0051142639141721034,-0.00025723823550632984,45.22330811159608,46.810320385596825,-0.03931675008092428,0.022735213311906987,0.017374404792760506,0.0126583709014208,0.01454552938541488,0.0832256941312661,-0.25579897679537544,1.2100294404701915,-0.7796537251154954,0.003965579804053876,1
2022-01-12,388.46,390.2,385.01,387.35,54576370,0.003965579804053876,0.007962736475057852,0.00684256907366132,0.010218239479229618,-0.00623428600749143,-0.01110670014462578,-0.021109240350727143,-0.0037500532199499226,-0.005071596157382992,-0.001219296964324002,46.71035956049218,51.14828466118523,-0.035362968497073766,0.013398734994191292,0.017169318999059546,0.012860210719549911,0.01439852042746269,0.08345564479734498,-0.20088131463620695,0.9849514476243626,0.9937744127705854,-0.025016135278172147,0
2022-01-13,388.77,389.47,376.7,377.66,77993960,-0.025016135278172147,-0.016561637414717834,0.0036659352007226698,-0.011775172702532921,-0.025421213849413316,-0.033452682280136425,-0.021935807499276927,-0.02436873556800212,-0.0071711823692705975,-0.002434701821798625,39.412702669433095,23.674510915792535,-0.05667540901710999,0.033813483027061476,0.01917872084490207,0.014536541500995584,0.0143815834567986,0.08846061000386407,0.4290792883440213,1.4023400394951113,0.8759686136584028,0.006222528199968158,1
2022-01-14,375.07,380.35,374.86,380.01,80121210,0.006222528199968158,0.00039488232506701415,-0.0068580204416671675,-0.00570396922996419,-0.014821363295802414,-0.026587549101602548,-0.021003382519253377,-0.01552649772736181,-0.008085785042741435,-0.0035528734160543396,41.78796604737967,30.33739722143463,-0.04484102048510752,0.014446988237151678,0.018858996191829545,0.015013488130185102,0.013396072857098288,0.09152885367370868,0.027274547926531723,1.4437944464200512,2.9076501536896324,-0.024894081734691098,0
2022-01-18,374.04,376.22,369.7704,370.55,75812300,-0.024894081734691098,-0.02515061429586174,-0.015710112891765937,-0.02558128527024972,-0.031530471963911455,-0.0490708199085641,-0.024106202275506416,-0.03408490705220102,-0.011004759188341125,-0.005115813371787366,35.717533818807254,3.6193917670513005,-0.07749950209121692,0.017405478343003728,0.02056828652389306,0.015375185563721019,0.014423339128941443,0.10182151457421311,-0.05377989174152509,1.373362106821016,0.6892808774361088,-0.010983672918634446,0
2022-01-19,372.15,374.69,366.21,366.48,81791480,-0.010983672918634446,-0.05012700222901867,0.004317905815679257,-0.026380808161313496,-0.03460084559356191,-0.05779756839374639,-0.03226801658778122,-0.03808001068623712,-0.014034909107167946,-0.006945084080581829,33.46511736878533,0.7227000072271028,-0.07564254546371729,0.02313905260860079,0.021681576854710456,0.015315489415413025,0.014424010965456487,0.11355198892439097,0.0788682047636069,1.4599180322353136,-1.3624282370082343,-0.012988430473695689,0
2022-01-20,369.79,373.87,361.17,361.72,88610680,-0.012988430473695689,-0.06616754872854003,0.009031870770574102,-0.025759257064672747,-0.04144075387297996,-0.06673736056338386,-0.04206157851215153,-0.04312881827091919,-0.017415578822730433,-0.009112297261508662,31.00268789386709,1.3378739965945317,-0.0587316870072081,0.03511002985734819,0.023720438855626295,0.013243990777683703,0.013437707639246238,0.1301281541439693,0.08337298701527351,1.527499951000053,-3.018418536380824,-0.027728629879464894,0
2022-01-21,359.47,362.18,351.4,351.69,143388900,-0.027728629879464894,-0.06876555632049997,-0.006220280880238849,-0.03933458985495375,-0.059966588706983015,-0.08764156290899372,-0.050284909338774164,-0.059582944319437,-0.022558571948723235,-0.012009454252539525,26.56672300687407,0.5699685534591598,-0.08418832352481642,0.030651994654383206,0.025831048447699484,0.0147275064526365,0.013930118613461183,0.15390450786844423,0.6181898163968498,2.2642401649757717,-3.2942938241446473,0.004577895305524882,1
2022-01-24,345.905,353.98,334.15,353.3,199448100,0.004577895305524882,-0.07028762400989441,-0.01644914555432353,-0.020645991107365758,-0.048911214663942326,-0.07824963963552645,-0.058818004526569156,-0.04717472148902413,-0.0254600245359759,-0.01465578631919773,28.339197703644558,28.1080287685308,-0.06992049702521985,0.05612793659779236,0.02869946625692452,0.015270856828031202,0.01379863095063375,0.1690975302908965,0.39095913281990446,2.7770462444912805,-1.6140802027720973,-0.023181432210585884,0
2022-01-25,346.67,351.0295,341.68,345.11,124398400,-0.023181432210585884,-0.06865470246930239,-0.018765921313331435,-0.029663161446325192,-0.06212208093616578,-0.09270875506738097,-0.06497289509798232,-0.05923802254562183,-0.030069936341092382,-0.018016860106612166,25.029542475686554,17.75186264982189,-0.09207860882376151,0.027091362174379116,0.029924475426054652,0.015774793260786832,0.013277088333028557,0.18481447539451812,-0.37628686360010444,1.6282701810634206,-1.8720772973285953,-0.0015647184955521753,0
2022-01-26,352.91,356.88,340.78,344.57,146559500,-0.0015647184955521753,-0.05978498144509936,0.02260148938019757,-0.019095986654444674,-0.05297325227295213,-0.08728497941841817,-0.06951647850986176,-0.05185436263435972,-0.033042154862370686,-0.021044507453637156,24.823690004644902,18.5905441570027,-0.10691514177595773,0.04672490350291675,0.0307300817996758,0.013637009620713831,0.013332002418763953,0.1965273224267043,0.1781461819444623,1.7857559959100493,-2.160499493754022,-0.010070522680442173,0
2022-01-27,349.4,351.27,340.05,341.1,95255660,-0.010070522680442173,-0.057005418555789,0.014017471050874919,-0.017438946404189415,-0.05043998229492319,-0.0891843647321291,-0.07301878907715498,-0.05245160549032113,-0.036124485231216606,-0.02423177112023864,23.486940535992417,12.39964317573603,-0.11940105847424809,0.03289357959542647,0.03188032416132681,0.012589412890979916,0.013226511925356378,0.2065198048612776,-0.350054687686571,1.1177386827557028,-2.1871103239802814,0.031369099970683045,1
2022-01-28,343.03,352.02,337.95,351.8,108167900,0.031369099970683045,0.0003127754556571105,0.005658164761066953,0.013318893011037503,-0.01355174647326518,-0.05448407835042679,-0.06691178051559898,-0.019298750440840062,-0.034286472190540956,-0.02565310371409091,35.0936668018897,31.489741302408618,-0.06847428904305464,0.03999431495167707,0.032199971574758394,0.01789918568217337,0.015881898140577097,0.2038658764938291,0.1355535198643314,1.209422382710432,-0.43480995401863937,0.031978396816372934,1
2022-01-31,353.2,363.65,351.52,363.05,94326390,0.031978396816372934,0.027596943107840444,0.003979533826037551,0.03988244931629259,0.022857577541929963,-0.019663437132086847,-0.05726213235691202,0.010187827279597217,-0.029812200482883532,-0.025848983298046878,44.607930669772195,51.56110615521861,-0.04463040446304034,0.033411375843547704,0.03135957266807013,0.021493323386887614,0.01804437458223803,0.1949372844260284,-0.12796319425633673,1.0206680033784938,-1.4393969592647613,0.006803470596336458,1
2022-02-01,364.43,366.19,359.14,365.52,74433020,0.006803470596336458,0.05914056387818367,0.00380112932103005,0.0348576476184006,0.03127803766004367,-0.008151436541446455,-0.04156038684047725,0.014398110303807332,-0.026079225113544473,-0.025755292136641746,46.46345879201243,55.9678858162355,-0.013574416408042134,0.019287590282337525,0.03081121220648472,0.020438105856232888,0.017939508228686764,0.17893908447897844,-0.21089930400177515,0.7909219277873375,0.3384352740580504,0.0081254103742614,1
2022-02-02,369.76,370.1,364.285,368.49,78777140,0.0081254103742614,0.06941985663290473,0.011599912453490901,0.029324677646427766,0.039068337868512826,0.0037180796731357546,-0.024877085461355253,0.019090859225878054,-0.022186708929993294,-0.024875507015525194,48.68919140376097,62.075198843094725,0.005484610347085805,0.015780618198594255,0.030684027091256616,0.020312461170356667,0.01803844351678707,0.16474101114870227,0.05836280725946619,0.8279546557818032,2.8877142814250245,-0.04054384108116904,0
2022-02-03,358.53,361.93,352.46,353.55,95384770,-0.04054384108116904,0.03649956024626211,-0.027029227387446175,-0.019229808977979546,-0.0007574515711468166,-0.03292777662286506,-0.013966541571386326,-0.018871993873832982,-0.023224747624313258,-0.02538628869646696,39.73923342354084,41.991341991342026,-0.022586531018467415,0.02678546174515635,0.03263927106693337,0.02392786023917805,0.018930334852844448,0.16240467754919533,0.21081788447765426,0.9922587300201927,2.8854566730723468,0.012614905953896027,1
2022-02-04,354.08,361.4,351.97,358.01,86318300,0.012614905953896027,0.017652075042637883,0.0014990807523687089,-0.01026749676548988,0.010043729722104766,-0.017232268469272283,-0.0070370243283121026,-0.005501398824383719,-0.021758018985277183,-0.024407629871491112,43.10169044911911,56.7149988115046,0.017970371634109528,0.026340046367419767,0.0330187504738495,0.022468868735940818,0.019282963845783097,0.15670935347052706,-0.09505154753741085,0.8907597735076903,2.777819997138195,-0.008044468031619179,0
2022-02-07,358.62,361.05,353.84,355.13,58198090,-0.008044468031619179,-0.021815176972868833,0.001703863020586116,-0.013911256733492472,0.0014014488217397592,-0.021817871318354887,-0.008018157228598888,-0.011448220011267218,-0.02140148711430733,-0.023964752287936302,41.49169167676655,51.75135668475581,0.005179733937163755,0.02030242446428079,0.03267716852178882,0.0226623482880296,0.019235835531922988,0.1533507593878702,-0.3257734454918598,0.6050866259577987,1.0931458295324592,0.011235322276349491,1
2022-02-08,353.96,360.24,352.8,359.12,64720900,0.011235322276349491,-0.01750930181659005,-0.0032945681862980303,0.0007245165245499674,0.008667711510698561,-0.007959911768321337,-0.008678140836432813,-0.00028899548733229974,-0.01962327736798777,-0.022883449147054494,44.58028427536078,62.86505538771402,0.0405957520790472,0.02071730897750055,0.03210725424052447,0.021189907974113766,0.019490739305772976,0.14744728355687045,0.11207945140467679,0.6825015762461583,0.994178913258035,0.02119068834929827,1
2022-02-09,363.76,366.81,362.12,366.73,55766420,0.02119068834929827,-0.004776249016255507,0.012920472265538052,0.022933937317995756,0.023670621074668663,0.01574033297603905,-0.007032325431315156,0.017624209351955633,-0.01615989707792586,-0.021158855880974336,50.00149792152986,90.6258692628651,0.06431204109469779,0.012788700133613278,0.030465192375862364,0.02171845517871027,0.019831035372132867,0.13497253579772683,-0.13835530717279887,0.591984661719263,0.7384081755332468,-0.022632454394240997,0
2022-02-10,359.52,366.4885,356.54,358.43,112468500,-0.022632454394240997,0.013802856738792224,-0.019660240503913018,-0.002931980282849911,-0.004314092609928766,-0.0032563869399695466,-0.0003253606080071414,-0.0045790680694313135,-0.01574303848020511,-0.02046766517946533,44.84851805971347,67.53824756606397,0.05080621518616235,0.027755768211366143,0.031053084682803187,0.02310050756632853,0.020272391296655496,0.11675291809473347,1.016778197345284,1.1583097951214414,0.47869788877967995,-0.03172167508300083,0
2022-02-11,358.43,360.07,345.8,347.06,101569100,-0.03172167508300083,-0.03058573782855223,0.0,-0.028643078249284804,-0.03462778400540745,-0.03075088460109876,-0.00216996070611708,-0.030764227163868396,-0.018046829258801474,-0.02051992939760426,38.92983542020821,28.335925349922253,-0.013473564525298465,0.041116809773526136,0.030926105819496008,0.023768005566185493,0.020694939984667718,0.11104722576244498,-0.09691069054890922,1.0335103934702647,-1.9320025327774912,0.0012389788509190591,1
2022-02-14,346.49,350.98,343.89,347.49,80254440,0.0012389788509190591,-0.021513248669501217,-0.00164236731400913,-0.0232624815187511,-0.02923009445374103,-0.025123090518873847,-0.0019049222180139713,-0.02512944861829558,-0.01911952457125071,-0.020219534593912947,39.256326023769056,29.673405909797854,-0.042859110315383586,0.020403464847909385,0.029956668845557737,0.02081958876643171,0.020594988648002514,0.09821227688249595,-0.20985378427100365,0.8165689762499375,-0.16027605616634347,0.024864024864024836,1
2022-02-15,352.91,356.37,351.82,356.13,55390810,0.024864024864024836,-0.008325907774560104,0.015597571153126655,0.002708577349310737,-0.0024760933744895075,0.0011413342928785486,-0.001563009524238046,-0.0007533857136605704,-0.01734484790563331,-0.019252163529491162,45.55474572704732,56.547433903576945,-0.025689428759028243,0.012776233397916524,0.027781789154040858,0.022586028769078153,0.020973248552369747,0.09106188940540719,-0.30981002421797477,0.5695044052665278,-0.2790229465698631,-0.00025271670457405193,0
2022-02-16,353.82,357.0896,350.71,356.04,58947090,-0.00025271670457405193,-0.029149510539088652,-0.006486395417403812,0.008526187576126665,0.0007617302238249746,0.0023592209503324746,-0.006114830434513219,-0.0008512880705917603,-0.016144428518181316,-0.018634509785779137,45.501819278554365,56.267496111975156,-0.03378653423430755,0.017918211436917308,0.026817733159998084,0.022307231685818947,0.020862185394439983,0.08665317847158034,0.06420343013579322,0.613270674610393,-1.6804867504324328,-0.029743849005729794,0
2022-02-17,352.74,353.46,345.02,345.45,61801350,-0.029743849005729794,-0.036213486594314115,-0.009268621503201957,-0.014222364268307364,-0.026789009434892486,-0.02522231957301091,-0.011158657800690364,-0.025988995311722496,-0.017922319256936343,-0.01894907433424454,39.662557159179926,5.951926745516979,-0.0229104794229954,0.02443190041974236,0.027009201248888635,0.020485695300061647,0.02167937112913303,0.08835917614445904,0.04842071084425026,0.6520592134065004,-1.2106326749771952,-0.011405413229121475,0
2022-02-18,346.41,346.81,339.14,341.51,80001510,-0.011405413229121475,-0.015991471215351827,0.002778983933999335,-0.022368918253541037,-0.03339569611869486,-0.03495398857520715,-0.012873025987659825,-0.03157079636876137,-0.019859594621393056,-0.01930607072953123,37.72292441080663,7.655038759689928,-0.04608809809781855,0.022459078797107013,0.026387974416143455,0.019967003628379183,0.02095799102390552,0.09413445192434605,0.29449453774068046,0.8732896038543306,-0.9676817624032685,-0.010043629761939621,0
2022-02-22,338.49,344.04,334.35,338.08,85967100,-0.010043629761939621,-0.02707991596880488,-0.00884307926561445,-0.02694550457342526,-0.03846372623747174,-0.04258768656980594,-0.016075340147853945,-0.0351673371661001,-0.02201135886921205,-0.020003824577539076,36.06921910926642,10.433566433566325,-0.048010587672120075,0.02866185518220539,0.027213465959029164,0.020016080863741754,0.02099867952899051,0.10249324005911499,0.07456846752017565,1.0003698188379924,-3.38089630562712,-0.02561523899668705,0
2022-02-23,341.32,342.183,329.1,329.42,86215370,-0.02561523899668705,-0.07500070199084596,0.009583530525319572,-0.03706518561824035,-0.055112238049071505,-0.06503488167477445,-0.0290463026560025,-0.05114031262055463,-0.025997834531919402,-0.02162332505871078,32.22779851397067,0.8485812781755326,-0.08270216083760296,0.03971525711857194,0.029504800645290007,0.020142582072266994,0.02113456763871962,0.11765585529039511,0.0028879652797406674,1.026053812188603,-5.0,0.03360451702993128,1
2022-02-24,318.84,341.04,318.26,340.49,130614100,0.03360451702993128,-0.04367486799236042,-0.032117054216501906,0.004424909289359791,-0.015953296147510176,-0.03305597364609658,-0.037315764064408175,-0.016340538821794648,-0.024855551986437942,-0.021707356961569668,40.89351829786005,45.78784757981465,-0.0715512775066125,0.06690358013451211,0.029961567992347178,0.022423137690641994,0.022595037631809277,0.11998587073123589,0.5149746501116912,1.5693359294508502,-2.0622072097573314,0.015507063349877948,1
2022-02-25,341.31,345.98,337.39,345.77,78842090,0.015507063349877948,0.0009263279779996303,0.0024082939293370575,0.019808054174261347,0.0029761214118300128,-0.018712210543941343,-0.037772073441205034,-0.0009198123923206403,-0.022749760125466402,-0.021650655896093905,44.536297834779546,56.66323377960862,-0.03532070418212763,0.024843103797322012,0.0293305211143659,0.022742349719505086,0.02273942941485857,0.11755564774937607,-0.396373821815562,0.9567260459983606,-0.46278240907848206,0.002978858778957205,1
2022-02-28,342.51,348.54,341.32,346.8,77515540,0.002978858778957205,0.015490029574536601,-0.009428232640194323,0.01966411064590501,0.006039719422832768,-0.015090304688687106,-0.0340841802430184,0.00173940129735084,-0.020838331403406882,-0.021436748839372008,45.24523490332081,58.784757981462434,-0.000749150002881338,0.02081891580161484,0.02924546877574562,0.02046702372113487,0.021596426786626398,0.1184843666804595,-0.01682540379129982,0.958453953507845,1.2500077316073772,-0.015311418685121092,0
2022-03-01,345.75,348.078,338.9,341.49,67407000,-0.015311418685121092,0.010086370089919638,-0.003027681660899728,0.002042289476927417,-0.007636915244189413,-0.02719240646601273,-0.029175111918880114,-0.01153067339753111,-0.020694522788778463,-0.021554968272638617,42.24718674839081,47.847579814624126,-0.017266683933350624,0.02687633605669272,0.03006375421995209,0.021027372181654454,0.020410365193550942,0.11798285269562653,-0.1304066255617906,0.8475708777327173,1.513290350460889,0.016779407888957376,1
2022-03-02,343.08,348.59,340.24,347.22,70609020,0.016779407888957376,0.054034363426628707,0.004656066063427833,0.008322830575512308,0.011633700145967651,-0.008284290694203889,-0.01647004388489104,0.0042742006499649765,-0.018444140879491634,-0.020648234006031062,46.376392898572725,60.04748229781154,-0.02501895375284302,0.024048153908184912,0.029703399244612332,0.020031133312249347,0.020777488365392324,0.11196668366358915,0.04750278161021848,0.8899724663073755,3.413907224384703,-0.014284891423305246,0
2022-03-03,349.93,350.04,340.35,342.26,71089390,-0.014284891423305246,0.005198390554788546,0.007804849951039694,-0.007101662856678792,0.0012022852194972788,-0.018775318297406307,-0.01175715076159145,-0.008535473398672,-0.018137018319145347,-0.020385376693862627,43.47851638365959,57.40253527864147,-0.03870351645882497,0.028311809735288955,0.030029509729445476,0.020356715434638153,0.020786609303347893,0.10239634379436655,0.0068032384531040435,0.9003894664319572,1.2103858710308981,-0.014491906737567839,0
2022-03-04,339.84,341.31,334.92,337.3,77009760,-0.014491906737567839,-0.024496052289093795,-0.00707064804534574,-0.0166582122012513,-0.010949054932939184,-0.030737378105814117,-0.014317672735214226,-0.019448570865035264,-0.018910386820559833,-0.020330192459852073,40.73720233330471,49.03475698951317,-0.02359241568968007,0.018944559739104614,0.029003557663800795,0.01869674509645327,0.019088631353946367,0.10586305994851793,0.08328064145718517,0.9868580747578141,-0.9265112674339304,-0.036881114734657605,0
2022-03-07,337.29,338.48,324.65,324.86,89933790,-0.036881114734657605,-0.06326412918108415,-2.9647198339755043e-05,-0.04065251929857727,-0.04275287371563108,-0.062017272094681886,-0.022270087977386388,-0.047462726089565144,-0.02287767995312711,-0.021462500016256415,34.809280018302445,16.99734223375986,-0.04875406283856987,0.042572184941205564,0.03159616010413279,0.02159684466178979,0.020243587166115594,0.11824908410999203,0.16782327330977265,1.1498122025910826,-3.1223450265624986,-0.004648156128793879,0
2022-03-08,324.05,333.21,319.94,323.35,116153900,-0.004648156128793879,-0.05312014993118386,-0.0024933817644523515,-0.034770356837951155,-0.04304874872741904,-0.06207396664249454,-0.02828716461203773,-0.04426048658892645,-0.02564790350172505,-0.022379762250445048,34.15950336666259,13.108556359066352,-0.043569569332702174,0.041039121694757943,0.032713468377918685,0.021517870672042805,0.020227865888094554,0.13019683947178007,0.2915490384648529,1.4319858706266213,-3.337812896764107,0.03599814442554505,1
2022-03-09,331.75,336.38,329.09,334.99,64723370,0.03599814442554505,-0.03522262542480281,0.02597804236894996,0.007331184295989779,-0.010231849030736928,-0.024897865917998807,-0.0319944926916097,-0.008352049431964215,-0.023716908115192035,-0.022025082267669964,42.99344585911459,47.52840909090916,0.01690850585878212,0.021761843637123558,0.03299480155057934,0.023450415597674808,0.021927028232339822,0.12676377964824864,-0.4427791920891162,0.7979311088566019,-3.454958402661038,-0.0111048090987792,0
2022-03-10,330.82,332.51,326.71,331.27,69362710,-0.0111048090987792,-0.032110091743119296,-0.012448132780083054,0.0027727831356665344,-0.018549407313698696,-0.030723833683714674,-0.03340399478597478,-0.016433975030700987,-0.02378191935896295,-0.022574314403013072,41.095723212696456,40.93769666456885,-0.02707862198596145,0.01750837685271836,0.03277451711810393,0.020858236240375503,0.02121036850993997,0.1139873169203753,0.07167951854175691,0.848019196370111,-3.448563633372583,-0.020738370513478488,0
2022-03-11,334.32,334.64,323.9,324.4,66228430,-0.020738370513478488,-0.03824488585828645,0.009206991275998444,-0.010293677961034198,-0.03277935800878973,-0.046075943411484244,-0.03615442748383424,-0.03134274237757817,-0.02553711360516895,-0.02354932933579616,37.77920925167306,19.320327249842606,-0.06180408942360527,0.03310727496917389,0.03414457459926018,0.02051903942224182,0.021130909842198294,0.113481324986927,-0.045186815797710334,0.8332528379596769,-3.4074060130580004,-0.019204685573366076,0
2022-03-14,323.13,326.59,317.45,318.17,79802610,-0.019204685573366076,-0.020593486424921537,-0.003914919852034515,-0.025321962038500567,-0.04318695099103553,-0.06040466652590104,-0.03599414690903946,-0.042588826564309734,-0.02830218473689006,-0.024868790812374145,35.01921839212673,2.2092666462105757,-0.08255478662053051,0.028726781280447516,0.03468967622879054,0.02061889740745957,0.020465330500545793,0.12587541933760185,0.20496001490598514,1.0179752346461413,-3.366689292595759,0.0313668793412325,1
2022-03-15,320.88,328.95,319.23,328.15,76470990,0.0313668793412325,0.014844595639399882,0.008517459219913759,0.0023030214174881714,-0.009199962560047403,-0.028157230329550087,-0.030390262322027572,-0.010646421206555012,-0.026423237761853662,-0.02457461414758166,42.29225929428134,32.83215710340588,-0.03906410143781669,0.029620600335212466,0.0331333667094752,0.023900147723257433,0.021937771906728146,0.12659862514537373,-0.041748258609586864,0.9778361729780409,-1.0404075166723872,0.03708669815633092,1
2022-03-16,332.17,340.44,328.401,340.32,105243000,0.03708669815633092,0.015910922714110765,0.012250495200365696,0.03610158861603474,0.029690747851028876,0.01025033618609128,-0.02495049975212782,0.02195049073249744,-0.02156608913856207,-0.023269869526181906,49.687491134431276,70.17490027615828,-0.01987212718161402,0.03537552891396329,0.02974679293438109,0.026551238581259785,0.02289347101180985,0.11631923874930528,0.376247384792586,1.30417639556094,-0.42406325296001535,0.012106252938410833,1
2022-03-17,338.37,344.5,337.0406,344.44,67809950,0.012106252938410833,0.0397560901983276,-0.005729901269393434,0.04030251045014133,0.04146949882833151,0.02424417238846588,-0.01543621965761377,0.028889552172402855,-0.017082627705769994,-0.02180974815676247,51.93320395189844,82.81681497391833,0.006369426751592355,0.02165660202067128,0.02915651907029215,0.02647175048539846,0.023109471211596757,0.1059080069348178,-0.355682088119875,0.8357149254371291,1.308198673165485,0.020468006038787623,1
2022-03-18,342.74,351.79,341.55,351.49,85446350,0.020468006038787623,0.08350801479654768,-0.004935547555452335,0.044503349043427676,0.05824582108964815,0.04427060896226531,-0.00022282368110682071,0.04194212642430095,-0.011705023183753325,-0.01943884447313922,55.58638309917471,99.1263832265579,0.04206937444411496,0.02913311900765316,0.029185426937567815,0.026514440670228283,0.022590064424646155,0.11080051543330992,0.2600857248825579,1.037949025208832,3.0759926697236004,-0.004011493925858534,0
2022-03-21,350.2,352.48,345.575,350.08,73799070,-0.004011493925858534,0.10029229657101535,-0.0036700901874876513,0.020950958891325477,0.04605786067302908,0.03875911488275818,0.01744271439910383,0.031768224109274046,-0.007978867749000376,-0.01720948343065863,54.691106598613,93.14872966029108,0.07763344209813439,0.019724063071298075,0.028839204100287286,0.02256538894364177,0.022434459900671794,0.11570745109754496,-0.13631103025465685,0.8998550300646208,3.1946036757745246,0.019652650822669093,1
2022-03-22,350.59,357.85,350.2,356.96,63345930,0.019652650822669093,0.08779521560262071,0.001456809872029119,0.023811299324839608,0.0560103187023524,0.05621498306759798,0.03165005481393601,0.04368843882586293,-0.0032990833860959226,-0.014162048769117381,58.22654424515704,97.79702970297019,0.10394309571671556,0.021430972658000993,0.028167301658449145,0.022391861589906605,0.022613772028865307,0.12690935066871337,-0.14164324834987763,0.7831979969465926,3.1347116589320256,-0.014371358135365275,0
2022-03-23,354.01,357.66,351.77,351.83,70615460,-0.014371358135365275,0.03382110954395867,-0.008264231286418622,0.0024789149760655604,0.035674440921842576,0.03759562583681819,0.035029874779551884,0.024168818029625783,-0.0008744755653223468,-0.011669730524767032,54.79332906149147,85.09900990099001,0.05027015731812878,0.016741039706676644,0.027806529939378218,0.021585032070373524,0.02199727024068054,0.12919034170948868,0.1147592276252003,0.8815789012096622,0.9997832233605997,0.02222664354944137,1
2022-03-24,353.8,359.7,351.5939,359.65,53555250,0.02222664354944137,0.0441586343049587,0.005599295114117719,0.015954712120270553,0.04992278476947831,0.05766968591930355,0.041059875308786964,0.039427561993311544,0.002783986412756105,-0.008575995800788215,58.78294456453391,99.88165680473371,0.08567029915174929,0.022538857222299376,0.027354074397727975,0.021372840900353414,0.021314956079539385,0.13974658159620168,-0.24159312988968706,0.7023806948416297,0.8353422516869349,-0.0008341443069649346,0
2022-03-25,359.59,360.67,354.9438,359.35,57584160,-0.0008341443069649346,0.022361944863296346,-0.00016682886139307573,0.010619449116077373,0.038451757579961,0.054681423695185805,0.04359897745649621,0.032435718963052196,0.005541760599664733,-0.00575817219286178,58.56939512283551,96.94585839888943,0.10773736128236755,0.015934882426603604,0.0257661054682065,0.019164429314530725,0.021120840135412565,0.14782121570739587,0.07522903916982937,0.7658966879742052,-1.3342355705569902,0.015472380687352238,1
2022-03-28,359.34,365.01,358.07,364.91,56833870,0.015472380687352238,0.042361745886654534,-2.7828022819087472e-05,0.017766497461928932,0.04046555922422024,0.06816109500343215,0.04951489135000564,0.04065945285370942,0.008736524140759944,-0.002789044797793873,61.37034990591905,99.78973927670319,0.1469025992394004,0.01901838809569482,0.024134463683804636,0.016094005493033574,0.02133069897405739,0.15991512295112878,-0.013029451154623062,0.7664592025047524,0.7540609695468228,0.01720972294538381,1
2022-03-29,368.9,371.83,366.06,371.19,68072960,0.01720972294538381,0.03986441057821599,0.010934202954153038,0.02712888711792938,0.045540839722608695,0.0818412197855205,0.05326725141682176,0.049115749134575726,0.01236617438988829,0.0002797483354243301,64.30565829849255,98.8230967267378,0.1311595307024227,0.015544599800641132,0.022550388133916802,0.014971948400425303,0.021118799012169048,0.17688725156438026,0.1977533819182118,0.9176170409779073,0.8195099029321236,-0.011045556184164473,0
2022-03-30,369.275,370.98,365.57,367.09,68757710,-0.011045556184164473,0.04337322002103283,-0.005159082949433014,0.0072769579462075296,0.026253917399825077,0.06680267245563098,0.05909567774765123,0.03157191250960034,0.014463427092159212,0.0031189836768995907,61.04438224599335,91.28356013240159,0.07866125999059714,0.014737530305919599,0.022284667442394445,0.01388724768781379,0.02117608602588667,0.18691698358383646,0.010059060161332845,0.9280053470868415,0.8549792415747893,-0.01239478057152188,0
2022-03-31,367.24,367.6,361.68,362.54,67011410,-0.01239478057152188,0.008035590157097205,0.0004086191397205674,-0.006783264295263658,0.008430943314353678,0.05048432850308737,0.05765870704717524,0.0158498730664276,0.015031086806053206,0.005532719745395715,57.555870246688364,82.91651342405304,0.05254906514922775,0.016329232636398787,0.021614698673643906,0.015126996094234978,0.021098970343080007,0.1922677380101306,-0.025397879016040514,0.9069318314789645,-1.075322477579738,-0.0019032382633640266,0
2022-04-01,362.81,363.61,358.59,361.85,54527760,-0.0019032382633640266,0.006957005704744779,0.0007447454074032134,-0.010029656704494294,0.003619520448210345,0.04476900889143609,0.055353845665226054,0.011750316160412666,0.01503912052095276,0.007442440031222776,57.02367365606041,81.0266159695818,0.029474522746024023,0.013873151858505012,0.020842634082788865,0.014253247441535489,0.020731330093802985,0.19501383760575255,-0.18629140917942189,0.7493789436948255,-1.037266502986275,0.020588641702362853,1
2022-04-04,362.71,369.31,362.44,369.3,45950170,0.020588641702362853,0.012030363651311271,0.0023766754179908034,0.007931352587651652,0.01885137129724912,0.0594821934982277,0.051145190372568816,0.02743094165739368,0.016161233465499227,0.009066087852694672,61.19576193177698,94.1743995947409,0.05490173674588683,0.018602761982128364,0.019780027851920644,0.015011381235044995,0.018689497967017594,0.19317287911513187,-0.15730684700783604,0.6511773661278174,-1.2531832855815166,-0.0222041700514487,0
2022-04-05,367.81,368.54,359.93,361.1,62738660,-0.0222041700514487,-0.02718284436541929,-0.004034660167885229,-0.008990712889981767,-0.004907945028811089,0.03037773859051396,0.03972561306191413,0.003904502605548199,0.015670585403099208,0.010551688377213897,54.88058927046853,69.15727204263379,0.011597938144330078,0.023843810578787077,0.019651600269019288,0.01638684355904479,0.01963382743239427,0.1820536936593454,0.3653629573078838,0.9240679340827085,-3.4631315657193116,-0.02171143727499314,0
2022-04-06,355.65,356.78,350.56,353.26,90077070,-0.02171143727499314,-0.03767468468223045,-0.015092772085295025,-0.023091175575896794,-0.02689629335801491,0.0053860986004681255,0.029150390972414897,-0.015180923278845793,0.013378561477945344,0.011304404302636432,49.609332632109094,38.67239101717302,0.004064462950857051,0.017607427956745657,0.020710625925057246,0.017304236075526242,0.019185031455467603,0.17686203221394922,0.4357506201120649,1.3024130589316545,-3.565424830771489,0.0023778520070203424,1
2022-04-07,352.24,356.35,348.69,354.1,63777370,0.0023778520070203424,-0.023280189772163062,-0.002887391722810384,-0.01617572696306424,-0.023088871048282722,0.004513359942583062,0.021029250317013304,-0.010885413939378363,0.011320642787159201,0.011286198851584555,50.16167296504475,32.47000571319762,-0.015431669678854343,0.02163230725783684,0.02014106184693592,0.015594212389669838,0.018904339591493156,0.16797229833620864,-0.29196886621645224,0.9258876239360327,-1.5393388352130435,-0.01397910194860219,0
2022-04-08,352.32,353.09,348.5,349.15,61956090,-0.01397910194860219,-0.03509741605637706,-0.005026828579497433,-0.023034176315539168,-0.03402693049365202,-0.012993768136221995,0.010277133484006162,-0.020990250776174668,0.008609377477848313,0.010878840727352202,46.899300037527375,2.7861123017572984,-0.02838458327535842,0.013146212229700631,0.020159632577074964,0.01608339576128076,0.01850426808102842,0.15023439542218542,-0.028556837636923516,0.9022452295360023,-1.6185591244309387,-0.023657453816411267,0
2022-04-11,344.81,345.75,340.535,340.89,66107400,-0.023657453816411267,-0.07692932575142164,-0.012430187598453268,-0.030736423087858955,-0.05056998108882682,-0.03942854325023093,-0.008967756933633164,-0.03761414071402458,0.004480092759103612,0.009809972589674625,41.99154398502922,1.1343665122222777,-0.06582444986435021,0.01529819003197505,0.02082517192391346,0.015914112388937685,0.018820278150545773,0.1220481352670599,0.06700406691255045,0.9723959956684828,-3.149538646569909,-0.004224236557247241,0
2022-04-12,345.76,347.69,338.035,339.45,72790220,-0.004224236557247241,-0.05995569094433684,0.0142861333568014,-0.022799896364107508,-0.046148485555240204,-0.045006646551178475,-0.022724874981537302,-0.03549485874047087,0.0006963666815421066,0.008020543758683872,41.182455587778705,4.187009912708878,-0.08550876909399496,0.02844306967152739,0.021705763525029977,0.013617987298687328,0.01770862694976229,0.10784307144352202,0.1010903469203146,1.0736021757406375,-3.2019761880295112,0.020326999558108794,1
2022-04-13,339.8,347.43,339.06,346.35,61367760,0.020326999558108794,-0.019560663533940925,0.0010310796877301964,0.001046279061701627,-0.02105432745711555,-0.026420313198350365,-0.027437884575922777,-0.013477792449299475,-0.0006560543832422304,0.006157395628644443,46.50164928371424,24.604231395176825,-0.05649840638535497,0.024166305760069305,0.02132776506011673,0.01638062906094634,0.016293033533906365,0.10308413937465087,-0.1569230042167753,0.9353952980472235,-1.1611786716787091,-0.022867042009527938,0
2022-04-14,346.44,346.97,338.21,338.43,73519370,-0.022867042009527938,-0.04425303586557472,0.0002598527501080916,-0.012903451614973083,-0.0368766150238482,-0.04787894730178921,-0.035432699814459845,-0.030662535281503867,-0.0036038590315542957,0.004320421884510884,41.82596033761328,1.1688119544310764,-0.06650300656479291,0.025884230121443277,0.022467190936298294,0.017173313716560532,0.016904139240936318,0.1085313455824602,0.19801293056810287,1.115760676511285,-3.1721687477758143,0.0007682534054309631,1
2022-04-18,337.35,341.04,335.791,338.69,58560560,0.0007682534054309631,-0.029958470571387563,-0.003191206453328599,-0.006080490195503052,-0.029741715176238692,-0.04542873127334879,-0.03958896136930201,-0.02543215178644531,-0.005794557324433401,0.002294772738071821,42.03202250010754,8.044063375787347,-0.06400442172170795,0.015497947976025344,0.022093317530147684,0.017277126215092423,0.01616067358805766,0.11636421165067426,-0.20346760316362889,0.907248760746219,-1.3914544182976436,0.022350822285866156,1
2022-04-19,338.03,346.85,336.98,346.26,56515680,0.022350822285866156,0.015752882161401027,-0.0019486846378694578,0.012941878561649522,-0.0014649563973608837,-0.023567646830740085,-0.03604306048065875,-0.0030899926551999357,-0.0055402483852163556,0.0006876335174522991,47.82664334094731,29.750774389724025,-0.062388302193338796,0.02850459192514297,0.022218852885115256,0.017589799113646276,0.017017114932339365,0.11785570244967415,-0.03491906498161901,0.8874497801564534,0.4668330722518067,-0.014584416334546324,0
2022-04-20,347.09,347.56,339.96,341.21,65500020,-0.014584416334546324,0.005184857858300251,0.002397042684687767,-0.00285807801559379,-0.010351558534597571,-0.03566684566034539,-0.03290280643246757,-0.014957704983468934,-0.006637349882863134,-0.0007692214334395812,44.62209371220369,16.16695008800973,-0.05508169482137926,0.022273673104539794,0.022962189183870878,0.01697781921891821,0.016609752329760686,0.12264035296351115,0.1589707493566388,1.0267917716694834,0.5931688301453935,-0.020691070015532942,0
2022-04-21,345.19,347.87,333.2,334.15,75801010,-0.020691070015532942,-0.03522448390356592,0.01166437091527217,-0.016476918186420608,-0.025426694821330753,-0.05325460552039141,-0.03739382228442889,-0.030065934001738515,-0.009197904398189129,-0.0024679598598656744,40.533198488066326,2.630850180005506,-0.0540961331597124,0.0439024390243903,0.025317757209123392,0.01687243534251554,0.01691239090182856,0.13267095612654956,0.15726697488031305,1.1834620409217922,-1.511748649516406,-0.026185844680532644,0
2022-04-22,334.31,335.56,324.96,325.4,82562150,-0.026185844680532644,-0.03850131489525166,0.0004788268741584556,-0.03482805464759642,-0.042935546679686354,-0.07355078601557086,-0.040120034108363956,-0.04733539311340895,-0.01342991939067869,-0.004713442482128645,36.116028972725736,0.9921082299887204,-0.08105055069189504,0.032575291948371304,0.027223417332513856,0.01779842290766909,0.016658968134636493,0.14915099849916316,0.08919590913102615,1.2604798706331868,-1.6048139222047408,0.012845728334357709,1
2022-04-25,323.73,329.9,322.43,329.58,101755900,0.012845728334357709,-0.026897753107561484,-0.005132145052243242,-0.01711797685792682,-0.0250295082549159,-0.05765629244163606,-0.04124433515847259,-0.029859302553723377,-0.015179058387528957,-0.006758741912798373,39.507496486188884,15.50639774452391,-0.05605040813403983,0.02266521026761324,0.026880315206366568,0.018834391961561683,0.01710773118558558,0.15781345638886254,0.2324763829430314,1.5028380873210399,-0.8582260352342718,-0.037745008799077606,0
2022-04-26,327.47,327.66,316.855,317.14,105819600,-0.037745008799077606,-0.08409865419049267,-0.006402087505309684,-0.037499696506179125,-0.05519176800748371,-0.08698987927388724,-0.05141835549356355,-0.05683122759884085,-0.02028665214888122,-0.009676416409772683,33.76284626614549,0.7138384470882116,-0.06967056821848694,0.03407012675789874,0.02869034856169877,0.020763812593348755,0.01800598433424498,0.17397413644713752,0.03993576785228181,1.5082945789696718,-2.6414747977626853,-0.001198208992873817,0
2022-04-27,317.24,322.88,315.0,316.76,111204200,-0.001198208992873817,-0.07165675097447322,0.000315318156019595,-0.024170840957961404,-0.04990146881945545,-0.08088267297285545,-0.05811655809769767,-0.049485479960661105,-0.02371465274875476,-0.012493350300212648,33.60211565269101,4.256348246674704,-0.06684342318456327,0.02487687839373657,0.02812494362563817,0.020830711759803895,0.017162887500361927,0.17974027106915277,0.05088471322892918,1.5377748951426133,-2.8673913301353813,0.03551584796060103,1
2022-04-28,321.85,329.89,317.52,328.01,99449960,0.03551584796060103,-0.018374981295825155,0.01606894809950754,0.01432379444489107,-0.010715912209745992,-0.042812411543096895,-0.0563293558732465,-0.01333986575144508,-0.022479535624384546,-0.01414779247250743,42.351914152421735,34.15594644263586,-0.05295221596650801,0.03771226486997349,0.028351487541756135,0.023413800708213098,0.019668335019738723,0.17462704121038428,-0.10569960487103902,1.3466550361844796,-0.9822453965451232,-0.04499862809060695,0
2022-04-29,323.7,327.225,312.6,313.25,91977860,-0.04499862809060695,-0.037338660110633026,-0.01313984329746043,-0.02398519386318021,-0.04800255284231625,-0.07926276356378947,-0.05663599502081773,-0.049293277853152184,-0.026683265701823205,-0.01718819001865907,35.704080010320794,1.8429259994328824,-0.07440238749519845,0.04668794892258579,0.03192429597537338,0.02615680420868388,0.021538379450131786,0.18299392999498595,-0.07513426853062588,1.224772069481719,-1.0563917207649154,0.016695929768555606,1
2022-05-02,312.83,318.72,309.645,318.48,115511800,0.016695929768555606,-0.03367922810850166,-0.0013407821229051153,-0.0007780929193542674,-0.026126522824012843,-0.057885270730783756,-0.05715164710337006,-0.028424902862920542,-0.02705918982509624,-0.018936581806629278,39.33759353784993,23.11314584695888,-0.059671085653547395,0.028494724943481677,0.031503211684070775,0.027174095586315138,0.02216510341430144,0.18236681227136156,0.25586527018567295,1.4781321018871547,-0.8973899361142424,0.0010675709620697749,1
2022-05-03,318.5,321.17,315.98,318.82,78185530,0.0010675709620697749,0.005297345021126443,6.279829188637898e-05,-0.0007647368553016509,-0.01683730109781667,-0.049784814201070615,-0.04905759349554739,-0.023272246004294672,-0.02727437887106755,-0.020587985550953473,39.57665525799382,24.00261608894704,-0.07924680875642576,0.016278777993852325,0.030469275094769124,0.025506648856779574,0.021341158369713942,0.16812642254245402,-0.32313815558237335,0.9802732949818816,0.9063057624941987,0.0338121824226838,1
2022-05-04,319.31,330.29,313.891,329.6,116083400,0.0338121824226838,0.040535421139032746,0.0015369173828492233,0.02477365436274992,0.020057625828255432,-0.013022946617597286,-0.03688287732557971,0.008240217413918227,-0.02365758118378387,-0.02066321903616208,46.74291179015965,52.204054937867966,-0.034025966413645414,0.04975424757281553,0.031212725381414716,0.028517043060958692,0.022875845340406414,0.15324734871212503,0.48471718488062954,1.4083322285564783,3.1648784722447374,-0.05036407766990303,0
2022-05-05,325.17,325.25,309.62,313.0,154607400,-0.05036407766990303,-0.045760799975610444,-0.013440533980582536,-0.017669397106361617,-0.024934268731853892,-0.057047141617661334,-0.04008604068254129,-0.03623154471481704,-0.026611091112336987,-0.022729494885263622,39.060473169665286,8.83660130718953,-0.06329492742780185,0.04993610223642171,0.03542857142857144,0.03189583306711598,0.024836561841139804,0.15380204131827455,0.3318648488931233,1.8050506870399268,0.5679307428550764,-0.011980830670926479,0
2022-05-06,310.95,315.09,305.105,309.25,139572800,-0.011980830670926479,-0.012769353551476459,-0.006549520766773176,-0.02699556366611089,-0.03174498808662796,-0.06200759189974925,-0.03598342096522966,-0.040727150193662465,-0.02894129696004959,-0.024192351612769857,37.558708610975856,9.692505553606882,-0.04963122311001833,0.0322877930476959,0.03695207298764291,0.03120861104845807,0.024797151834804337,0.15290567567562685,-0.09724372830795935,1.5604762909212149,0.1291518145056171,-0.03912691996766382,0
2022-05-09,303.48,309.3487,295.72,297.15,113387300,-0.03912691996766382,-0.06697437829691044,-0.018658043654001588,-0.05234657039711188,-0.06008616272228662,-0.09154416092034856,-0.04136279076166305,-0.06702747519003394,-0.0346617663368046,-0.02707432799056221,33.132271049835225,2.7420901246403653,-0.09839796104132537,0.045864714790509784,0.03936027980096631,0.032283127596219326,0.0258154546707785,0.16746785797965208,-0.18761176962846626,1.2322831843972955,-1.7720642966063054,0.012148746424364809,1
2022-05-10,304.51,305.76,296.57,300.76,124124600,0.012148746424364809,-0.05664638353930118,0.02476863536934215,-0.029656204831715938,-0.043712719549264256,-0.07483227566774431,-0.04655676788059804,-0.047532133162877965,-0.03641377514964231,-0.02868224049979297,35.571909481624814,9.664429530201277,-0.051649113955981596,0.03055592499002526,0.03926545608268575,0.03133138788978666,0.02589290218971454,0.17821358948874308,0.09469579044566712,1.3077468083605375,-1.2918017121672554,-0.029658199228620896,0
2022-05-11,298.44,304.09,290.95,291.84,140326100,-0.029658199228620896,-0.11456310679611659,-0.00771379172762332,-0.03492063492063491,-0.06466335059740524,-0.09564883260795809,-0.06292559957732502,-0.06487844780144236,-0.04128783831217756,-0.03190469116221001,32.424029177771004,1.9950683703205248,-0.07867154943806043,0.04502467105263153,0.04009112135808269,0.03224287085213078,0.026424271605245405,0.19642824911163237,0.1305261003862248,1.4276502632726178,-3.152957762155846,-0.0023643092105263275,0
2022-05-12,287.45,295.75,284.94,291.15,120910900,-0.0023643092105263275,-0.0698083067092653,-0.015042489035087647,-0.02308492433647613,-0.0557195212921221,-0.09000411006215114,-0.06850051492984,-0.057359961073255694,-0.04405681224900322,-0.03439560443854698,32.18675138328915,13.693495038588702,-0.11237462272491694,0.03712862785505754,0.040237653639508326,0.028625240588419178,0.025656437628224074,0.20394260891801405,-0.1383577253269349,1.1939599525449134,-3.055453856574201,0.037059934741542344,1
2022-05-13,295.72,302.999,294.0825,301.94,83684930,0.037059934741542344,-0.023637833468067915,0.01569637643826227,0.018113889563270424,-0.01711919635155068,-0.05086727733385288,-0.06775388058669307,-0.019041357299113493,-0.041165561276346276,-0.03476627840028602,39.62703754840524,37.4862183020948,-0.036105347166799695,0.02953070146386713,0.0398356579831376,0.029689858464303685,0.027314849096906124,0.2034016313321835,-0.30787935579009007,0.8222374417581325,-1.432049113630642,-0.011591706961648018,0
2022-05-16,300.15,302.26,297.13,298.44,59190430,-0.011591706961648018,0.004341241797072293,-0.005928330131814374,0.005437529057427559,-0.022133390127623498,-0.0558967699483881,-0.06100259561955568,-0.025854489064938924,-0.04106542673292784,-0.03635228947520736,38.16430887530068,29.768467475192928,-0.06292388847023367,0.017189384800965005,0.038485050835774595,0.02891352289815961,0.027309397191605776,0.20228078486972123,-0.29269905585151357,0.5813894160205763,-1.0659789879148176,0.025901353705937602,1
2022-05-17,304.45,306.56,300.55,306.17,62715290,0.025901353705937602,0.0179877643303632,0.020138051199571017,0.02773339420223686,0.00737011811930377,-0.02526225306824148,-0.051565559287499396,-0.0005270364888544377,-0.03711326036730919,-0.03577024268255061,43.154998732117676,46.813671444321955,-0.03967756100621034,0.019629617532743216,0.03756939422076437,0.03061400418779654,0.02751382382087401,0.183955853060015,0.05955118082433253,0.6141419406437179,-1.8639342592496395,-0.04909037462847443,0
2022-05-18,301.54,302.25,289.85,291.14,79477110,-0.04909037462847443,-0.002398574561403466,-0.015122317666655727,-0.022258939845785974,-0.029804987936711158,-0.06566560173811742,-0.04439484405562877,-0.04228468080415759,-0.04030060817006232,-0.03815361672810196,36.91618098223831,13.671444321940431,-0.11668689320388359,0.04259119324036539,0.0402915386804581,0.030577148947109202,0.029129911122143227,0.17748443372370482,0.2672684763157438,0.7729926993349234,-1.3938937086003487,-0.005358246891529861,0
2022-05-19,289.29,294.39,287.58,289.58,79920710,-0.005358246891529861,-0.0053924094109565335,-0.006354331249570522,-0.02647131993518337,-0.027412995143446417,-0.06397778733115023,-0.0385263096650319,-0.04041636219455624,-0.041487181377389576,-0.03898475991445742,36.32912910791702,10.23153252480702,-0.07482428115015982,0.02351681745976933,0.03838729490000297,0.02743884644996077,0.028965706415694514,0.17571461616713427,0.00558148125919522,0.7757529955682835,-0.9889083619545571,-0.003107949444022262,0
2022-05-20,293.13,293.8,280.21,288.68,91764170,-0.003107949444022262,-0.04391600980327215,0.012259133918088416,-0.020766480553049194,-0.02369075198268422,-0.06131619935162269,-0.04140965152160536,-0.03696880709378325,-0.042152885334511364,-0.03971561732193505,35.97370451873225,16.91293929712464,-0.06651576394502823,0.04707634751281707,0.0396241265662424,0.027417928019848475,0.028607346746229848,0.1793617464551782,0.14819012493757877,0.8867517086625003,-3.318930094486065,0.016627407510045655,1
2022-05-23,289.75,293.87,287.29,293.48,63648400,0.016627407510045655,-0.01661975606487054,0.0037065262574476066,-0.001123174840883756,-0.006223799429767141,-0.040074313450996324,-0.038994936741983066,-0.017789433782904984,-0.040099582165661334,-0.03927275658168402,39.380070607825026,26.49760383386587,-0.012350664647484244,0.022420607877879188,0.03931436067680445,0.02566295267423342,0.028747675545762352,0.17136885321980053,-0.306391590530378,0.626595542232127,-1.6528451786379141,-0.021262096224614946,0
2022-05-24,288.125,288.86,282.25,287.24,73491120,-0.021262096224614946,-0.06182839598915635,-0.01824655853891244,-0.009599205582986214,-0.022880197029588434,-0.05586762951251811,-0.046716868756922936,-0.03291941438282597,-0.04114499558390301,-0.040329733280804074,36.65022768141027,15.608348134991177,-0.044952786274770506,0.023012115304275216,0.03888303956870313,0.02594246908679921,0.02799771352501043,0.17657002806397712,0.15464206484373522,0.7351927751569213,-3.360851081933727,0.013995265283386571,1
2022-05-25,285.71,293.39,285.5,291.26,67144550,0.013995265283386571,0.000412172837809921,-0.005326556189945819,0.004178618711385695,-0.00900962205860345,-0.038625306144004834,-0.042625807857090914,-0.016451641623748015,-0.03914833623712923,-0.03964814582348342,39.557142481249784,31.68004587155967,-0.0019873903508771384,0.027089198654123417,0.03538142160661559,0.02484811848340919,0.02829834633789774,0.17677065436974584,-0.08635832465201243,0.6868395103135456,-1.5211768152662606,0.027707203186156715,1
2022-05-26,290.44,300.92,290.15,299.33,59462230,0.027707203186156715,0.03366945231024232,-0.0028153539792624693,0.025109761025760458,0.015621288925985466,-0.007289538616646052,-0.031605688360616724,0.00912307729591011,-0.034418880974357045,-0.03774715494754647,45.01204482030757,65.61720323830502,0.02809548342778645,0.03598035612868753,0.03461485412659703,0.026296732479958933,0.027776352250260948,0.1596118980455939,-0.11441464720517158,0.6209549405636776,0.3516055378059611,0.03263956168776949,1
2022-05-27,302.54,309.25,302.42,309.1,66985600,0.03263956168776949,0.07073576278231952,0.010723950155347106,0.04396754953019788,0.04622903987923177,0.025818024329576028,-0.0173851430619556,0.03536076597838389,-0.027642192081786397,-0.03477167591994598,50.80104523020809,99.48347107438025,0.023713320527257054,0.02209640892914909,0.03266372417617971,0.025692438206763746,0.02719264455531653,0.1573544684066253,0.12652350912503607,0.7087694372933722,2.7779246574037764,-0.0026528631510839285,0
2022-05-31,309.07,311.33,304.33,308.28,60968330,-0.0026528631510839285,0.050429330789150795,-9.705596894216129e-05,0.030891981728318862,0.03998974448934978,0.024831247579456095,-0.00587911658668816,0.02745876657101265,-0.023143179642787216,-0.03251996855306842,50.32219515496918,90.19922879177373,0.0329714515480497,0.02270663033605813,0.03224318337689302,0.025294459299921117,0.026898279271967585,0.1500218347281082,-0.08982930659723876,0.6642693335644594,0.9012741980436445,-0.007395873880887471,0
2022-06-01,310.47,312.65,303.73,306.0,65341650,-0.007395873880887471,0.06531123798913807,0.007103931490852755,0.010588056566510629,0.03235731708551359,0.019424025425634373,0.008743393316109627,0.01675326836779578,-0.020035128083916564,-0.03021684497767203,48.940844156259544,79.5006165228114,-0.0005552470849528035,0.029150326797385488,0.03149836601307191,0.02419130877413843,0.026925964631200148,0.1405216041836616,0.07173101182203934,0.7169343686201077,1.051608372004508,0.027385620915032716,1
2022-06-02,304.85,314.56,303.4001,314.38,59291330,0.027385620915032716,0.07937924878115776,-0.0037581699346403985,0.022646689523710295,0.05237787589586684,0.050003590412429855,0.02675107754121875,0.037479352492350015,-0.014650793320978163,-0.026459275180940062,53.94483665862612,99.47598253275108,0.0798241395892012,0.03549812329028562,0.03073825579598849,0.01822718764206401,0.026515037791304343,0.11618329255081544,-0.0925951517906266,0.6714703066358526,0.9522407272136689,-0.026019466887206577,0
2022-06-03,309.03,310.47,304.92,306.2,60914680,-0.026019466887206577,0.022951257809107117,-0.017017621986131548,-0.008393999844555688,0.019324556001264925,0.023845707588729725,0.032512618346633104,0.008857375957054936,-0.01310023963613689,-0.024352946506937208,48.90632762845399,75.66229985443957,0.05739346639961318,0.018125408229915128,0.031002122795558463,0.020871006361784464,0.02467398375164481,0.11046503809508483,0.027379213790616586,0.7285040993564978,-0.9720481800427232,0.0033311561071196483,1
2022-06-06,310.75,312.35,305.62,307.22,51785010,0.0033311561071196483,-0.006082174053704259,0.014859568909209697,-0.003877879228055714,0.016446704538311208,0.027605053400542756,0.03160549492084441,0.010318942813101417,-0.011126685657553164,-0.021643011034053885,49.53923123858611,78.63173216885015,0.06422336150755159,0.021906125903261565,0.03127119235168842,0.020664232956047177,0.024546257876271224,0.10889554656214376,-0.1498763516446282,0.6536306020587347,-1.2763671593457615,0.008625740511685409,1
2022-06-07,303.81,310.67,302.6886,309.87,44900290,0.008625740511685409,0.005157648890619093,-0.01109953779050854,0.0036795429074865105,0.01968488390459644,0.03426868222280821,0.030476997893879698,0.016058408364121757,-0.008724383087557828,-0.01891121308088533,51.22950858601897,86.34643377001458,0.05584707646176912,0.025757253041598115,0.030971813064464827,0.020378680809623278,0.02280500903364949,0.11320915697418144,-0.13294812533588385,0.5923335789039265,0.5265207153693175,-0.00719656630199772,0
2022-06-08,309.05,311.72,306.77,307.64,38342060,-0.00719656630199772,0.005359477124182943,-0.002646271016877977,-0.004601018565854154,0.005596087968410934,0.025647864456053826,0.030388702004020773,0.007390750782748645,-0.007445029471725242,-0.016727642215691917,49.72019121225246,79.85443959243084,0.07102074919927581,0.01609023534000795,0.02855640637479802,0.0187350388615961,0.02277759371028917,0.11557182373214576,-0.14606208556782152,0.5361532715803434,1.1111378186951024,-0.026784553374073594,0
2022-06-09,305.91,309.05,299.23,299.4,55900480,-0.026784553374073594,-0.04764934156116807,-0.005623455987517789,-0.02177961616122015,-0.023935424558749863,-0.003079996670273921,0.019115957712478204,-0.016627761561348375,-0.008677374821409334,-0.015485887392432732,44.50278551111269,55.86608442503635,0.027947538281947404,0.03279893119572476,0.0300604303845787,0.021314058400390204,0.022579710392877754,0.11263095329740415,0.45794148775522237,0.8307155430232022,-1.1608826023500718,-0.03527054108216432,0
2022-06-10,293.65,294.87,288.384,288.84,85963460,-0.03527054108216432,-0.056694970607446216,-0.019205076820307254,-0.04545364415685693,-0.05513047403767857,-0.03787188613285064,0.00794278662067649,-0.043763176540550064,-0.01264299566922956,-0.015370240694002014,38.87300659632917,20.396162178891906,-0.03504493368523043,0.022455338595762327,0.03052290442558411,0.022463886205833884,0.02403013478374788,0.11462514871921674,0.5377946665216471,1.3115263675111928,-1.508185703198331,-0.04649633014817878,0
2022-06-13,279.75,282.34,274.53,275.41,94442010,-0.04649633014817878,-0.10354143610442024,-0.03147071042791849,-0.07028950282211222,-0.08902369643164265,-0.07853574810210018,-0.008869691484628017,-0.07567884298234118,-0.01999618831597076,-0.016895037589284102,33.1324446925704,2.1983512365726994,-0.10899385312196697,0.02835772121564214,0.034016116231903606,0.02232166701972018,0.024484536394760364,0.13672400136096655,0.09862969685026646,1.4291542827361012,-3.5948825263661237,0.001815475109836262,1
2022-06-14,277.66,278.66,273.3375,275.91,64697520,0.001815475109836262,-0.10959434601607121,0.008169637994263068,-0.04674543946931997,-0.07749250218163939,-0.07337035463541519,-0.02793054055914823,-0.06333710446631458,-0.024856382008920937,-0.018462812924461107,33.52602791570487,6.24052398568754,-0.10500194628260007,0.01929071073900927,0.032425117921475434,0.02255631746014568,0.02445793179245768,0.15363926304132697,-0.3149497771171961,0.974979881792344,-3.0934618469852837,0.02497191113044095,1
2022-06-15,279.415,286.83,276.61,282.8,86051430,0.02497191113044095,-0.08074372643349359,0.012703417781160464,-0.005877555611800034,-0.0470638581783015,-0.04648873184350011,-0.04085128191295684,-0.03401018922934007,-0.025773673927621553,-0.019565130016042175,38.86598710020858,22.954697070774525,-0.07581699346405224,0.03613861386138603,0.03240043443119823,0.02525953258875566,0.02439967949988405,0.1580942997088914,0.33005762817492856,1.2743714302550475,-1.1052308083426925,-0.04034653465346538,0
2022-06-16,275.59,276.06,269.28,271.39,81910300,-0.04034653465346538,-0.09355377421509681,-0.02549504950495063,-0.02682253379710986,-0.07206942297960794,-0.08190277080045538,-0.05659834810834219,-0.062457437707469254,-0.03114835193939875,-0.022539832939297937,33.995632927577205,4.659893992932889,-0.13674534003435335,0.024982497512804562,0.034486427018576335,0.02389068414474003,0.0236086473421396,0.17551691392431265,-0.048123895210108625,1.210862095397386,-1.350476264349083,0.012159622683223459,1
2022-06-17,272.18,277.19,270.5119,274.69,82703400,0.012159622683223459,-0.04898905968702383,0.002910939975680815,-0.004890595565860356,-0.050557001489715425,-0.06839270694847677,-0.0638142008302357,-0.043544348024123214,-0.03278667042818481,-0.02437257384360723,36.47504211827304,11.947879858657291,-0.10290659699542781,0.024311405584476947,0.03322912061908749,0.02484777561160984,0.02384963798085028,0.18638322203056254,0.009682542976890529,1.2200768717146042,0.6966738738402828,0.02326258691616001,1
2022-06-21,278.75,283.45,278.64,281.08,51633740,0.02326258691616001,0.020587487745542754,0.014780297790236263,0.014092230873025358,-0.01961263049218176,-0.04549097379752509,-0.058755212648908484,-0.018077830205301182,-0.031403561252749096,-0.025335507494894407,41.08968879362109,26.0600706713781,-0.08508560640583307,0.017112565817560845,0.03292095285531318,0.02680454489684875,0.024525691492660956,0.19045448706643903,-0.37567572796281656,0.7849592512441627,2.7680897624088345,-0.0014586594563824606,0
2022-06-22,278.52,285.18,277.91,280.67,67472920,-0.0014586594563824606,0.017252002464571703,-0.00910772733741283,0.009146933404284407,-0.010969649344745758,-0.0448056820908298,-0.05346358761960346,-0.01655826387228876,-0.030707179377637492,-0.026439449761343353,40.884468592969924,25.15459363957605,-0.09423306547907184,0.02590230519827549,0.03254912988817574,0.026271974647524194,0.024170640339624728,0.19544968373747046,0.3067602695446814,1.022780234905036,0.9601239456368481,0.014892934763245158,1
2022-06-23,283.21,285.72,280.31,284.85,57457800,0.014892934763245158,0.007248939179632208,0.009049773755656076,0.022668523996898227,0.0118861543708082,-0.0301856214846995,-0.05168257772814555,-0.0016182631378498513,-0.02816815364101192,-0.02647480429889921,43.95759972362026,36.15045275133511,-0.07408009361591461,0.018992452167807705,0.030629654705484094,0.027395017112707032,0.024001652110146373,0.19644943757666447,-0.14843169674589451,0.8816813850514251,0.6215479912313262,0.03426364753378963,1
2022-06-24,287.74,295.04,287.5001,294.61,58422260,0.03426364753378963,0.08555952688013568,0.01014569071441107,0.04036301998728731,0.04834089493817295,0.00247206801334543,-0.03642089467425025,0.02743852807601388,-0.022699862683198214,-0.025018158625479642,50.436478694602194,58.81123752031579,-0.015998663994655882,0.025592817623298753,0.02979192831200571,0.029311896865305952,0.025035596963942065,0.1961935550550785,0.016785536515494748,0.9025206494591381,2.876140435214038,-0.007331726689521867,0
2022-06-27,296.0,296.5799,291.29,292.45,54151450,-0.007331726689521867,0.06465470166369358,0.00471810189742361,0.01994196671456283,0.039319653429808143,-0.0037115958840291396,-0.023191086719163923,0.016791801754202806,-0.019616708685915127,-0.024085693490036666,49.08405675968305,54.594721960414674,0.012498268937820356,0.018088220208582625,0.029660234960799163,0.026941448235119785,0.024273233135593698,0.1956763166170176,-0.07310244417110878,0.8399899135657236,0.7935553787312135,-0.030466746452384896,0
2022-06-28,293.0,295.65,283.35,283.54,61867060,-0.030466746452384896,0.008751956738295208,0.0018806633612584722,-0.012826226220649994,0.00475196581136017,-0.029841426256965065,-0.017236276416839114,-0.012030248771747298,-0.019882370518579467,-0.023850526614574954,43.859604173367174,33.60037700282759,0.029519625285937323,0.04338012273400562,0.031680211408821116,0.024089544549032796,0.02378330979916603,0.1920975078882822,0.14248205726716456,0.9634984014152497,-1.1292219242386774,0.0009169782041333896,1
2022-06-29,283.4,285.34,280.84,283.8,57302730,0.0009169782041333896,0.011151886557166701,-0.0004937574945335088,-0.014069828035435106,0.002869379620337398,-0.024867929390542498,-0.010952196881845122,-0.009429008057385335,-0.019290128158291175,-0.022920966621923444,44.046761098295455,36.509932109630434,0.02859628139610737,0.015856236786469344,0.031537929125138406,0.024096858444968117,0.023807616272274058,0.18728427253525898,-0.07377641672321267,0.8949694943174409,0.988312984761825,-0.01240310077519391,0
2022-06-30,280.75,283.9441,275.78,280.28,79313580,-0.01240310077519391,-0.01604353168334227,-0.010747004933051474,-0.02319681043856492,-0.008686548582423237,-0.03268835536658132,-0.009716947108125207,-0.018435956796082342,-0.01985626145661903,-0.022538314735456456,42.00508745350457,40.29318788713506,-0.00891089108910903,0.0291283716283717,0.031512008399763494,0.02320724808252744,0.023873027269683638,0.18431188523564607,0.38411520707652147,1.2253710247409875,-1.2796220552189328,0.006600542314828095,1
2022-07-01,278.95,282.53,277.03,282.13,56675110,0.006600542314828095,-0.042361087539459,-0.004745254745254668,-0.008121220644072613,-0.0059194531552801966,-0.02085451813187389,-0.012837554097154591,-0.010136193749010647,-0.019230255330418645,-0.02175847116760781,43.48770467117611,47.06976948633513,0.039574044732672675,0.019494559245737782,0.029908856606123815,0.018570117073028376,0.022860854533206784,0.16811173412050917,-0.28542993520151283,0.8773866428139747,-1.3150927614900692,0.0171197674830752,1
2022-07-05,278.31,287.08,276.7501,286.96,61829270,0.0171197674830752,-0.018772439733287793,-0.013539857512494202,0.01276902118288148,0.006746492560614881,-0.0007556315443090211,-0.013354133513477917,0.005756314421453412,-0.016966514885294527,-0.020507095757982218,47.27733283734008,64.76214198586801,0.04466853543995053,0.035997700027878485,0.028414736747779674,0.01887473085238349,0.022822918577523468,0.15794176188560022,0.09094221431594929,0.9565009837240688,0.5461799391301398,0.006412043490382047,1
2022-07-06,287.35,290.95,285.59,288.8,63194720,0.006412043490382047,0.01855117443746912,0.0013590744354614603,0.01549259126423208,0.010465030842275791,0.008887149963668906,-0.006504667151081667,0.010308178154310177,-0.014647746928454271,-0.0192307022907063,48.688959490155874,71.50209341426164,0.027465490251885605,0.018559556786703648,0.02824297586070438,0.017735280786888057,0.02287815750191363,0.14432843329291514,0.022084200573611712,0.9690720648776802,2.5083336367535582,0.021398891966758926,1
2022-07-07,289.63,295.7,289.63,294.98,56620110,0.021398891966758926,0.039393939393939315,0.0028739612188364294,0.029131633115863753,0.026946107784431073,0.03316328764340515,0.003917530467249186,0.02688365590132258,-0.01081044807894694,-0.01722433606383598,53.21943013332614,94.13953897267027,0.05098514269426735,0.020577666282459803,0.02667783772265431,0.018570893935264808,0.02338756333342681,0.1258996107802621,-0.10403733096689094,0.8605197664555106,2.5029788328843505,0.0012543223269374515,1
2022-07-08,292.08,296.75,291.12,295.35,59895480,0.0012543223269374515,0.05376766091051821,-0.009831174994915037,0.019700045573186387,0.02448922959519928,0.036690453040923554,0.01666216211472893,0.023734722619697335,-0.007811395480605011,-0.015324485704173382,53.484237811159204,94.6642477923326,0.03686150605581884,0.0190621296766548,0.02473626931727488,0.018273506350627942,0.02336881597734051,0.1084652602648433,0.05784817443837542,0.8956301114815414,5.0,-0.021364482816996766,0
2022-07-11,292.88,293.11,288.14,289.04,55273920,-0.021364482816996766,0.024492255343281588,-0.008362959200948095,-0.006824132551730755,0.004542405633000124,0.016390099128275937,0.02337373716062019,0.0015760680067309352,-0.007242319743126578,-0.013975690222435468,48.44750619023059,63.23319027181703,-0.018906350768812974,0.017194851923609283,0.025407729034043727,0.01632462025544693,0.023093317732812053,0.09869268169308164,-0.07716041344021285,0.8269102915406052,3.137755863530466,-0.009687240520343199,0
2022-07-12,290.32,292.28,284.61,286.24,55797090,-0.009687240520343199,-0.002509060496236337,0.00442845280929971,-0.015958361122379472,-0.0030371422998688447,0.007004422179145653,0.023335174442126405,-0.00688482624281106,-0.007425022535240825,-0.012774924858900452,46.36114034538924,49.88078206962338,-0.021234399042571295,0.02679569591950796,0.02538426794697755,0.01643017906525924,0.02179661839611868,0.09784844722266807,0.00946504246487323,0.854007528361837,1.1802563520930436,-0.002061207378423857,0
2022-07-13,280.6,288.05,280.02,285.65,73939420,-0.002061207378423857,-0.010907202216066558,-0.019703745108999415,-0.0158551879056823,-0.005822715202054796,0.0031219162736471073,0.019282837186272328,-0.007568112508563818,-0.007608154033670153,-0.011762679619229508,45.912468984303544,47.067238912732435,0.007441630810467448,0.028111325048135936,0.02562674101672877,0.013079933690714586,0.01890462040176253,0.09324430534810416,0.32514831866679783,1.149726089294129,-1.135803138979515,0.003570803430771985,1
2022-07-14,282.99,287.56,279.8,286.67,63741840,0.003570803430771985,-0.028171401450945877,-0.009312095221424732,-0.0066530371807755895,-0.003268314731754818,0.004805484772116397,0.011535266509872244,-0.003407314681455942,-0.007341848324169721,-0.010845031145234149,46.86977056118653,51.93133047210314,0.010112755461592737,0.027069452680782747,0.026121099920765032,0.013109040060759905,0.018907805462882267,0.08848195942495199,-0.1379180415534772,0.9918951172306746,-0.9942257800356555,0.018139323961349207,1
2022-07-15,289.73,291.98,288.08,291.87,63818150,0.018139323961349207,-0.011782630777044223,0.010674294484947833,0.013810638637832051,0.010738687324470364,0.02140838662828859,0.007494247644377783,0.012385295557541642,-0.00552354069774661,-0.00962615968552328,51.575279423418785,76.72865999046262,0.04135150563722001,0.013362113269606448,0.02446145299521802,0.013175391729766896,0.018530481886513125,0.09023690150387415,0.0011971728459674313,1.0105640815684402,-0.9189999488755206,-0.008462671737417438,0
2022-07-18,294.72,296.16,288.2,289.4,59519580,-0.008462671737417438,0.0012455023526154463,0.009764621235481608,0.004979754554357063,-0.0003316107994584261,0.009583015004203554,0.004580450928474367,0.003228559258846575,-0.004854643913402011,-0.008737583177742406,49.339948189814905,64.94992846924171,0.025768262857547963,0.027505183137526045,0.025329252640931985,0.01371272573861292,0.015904247491115058,0.07712144242872025,-0.06735654355383225,0.95950602114831,-0.9736895299001238,0.030753282653766423,1
2022-07-19,293.11,298.6,291.47,298.3,55172640,0.030753282653766423,0.042132476243711636,0.012819626814098317,0.027281681119093237,0.02639094381171936,0.036363036269231985,0.008840180173607104,0.028687464257739492,-0.001731808496407166,-0.007127874462643558,56.63340416946387,98.68536371603851,0.03951770281572364,0.023902111967817618,0.023831234136296182,0.015827805031212182,0.01695575556746309,0.07443047713707057,-0.07303378148837747,0.9096148939616109,0.7791735347327189,0.015856520281595676,1
2022-07-20,298.73,304.24,297.9329,303.03,67769430,0.015856520281595676,0.06084368983021182,0.0014415018437814453,0.031226391337194626,0.037585643701656846,0.04879711765092698,0.017038670132315303,0.037814181245136025,0.001856581712948173,-0.0052419759445280064,59.934752738653984,95.74841883345033,0.04927285318559549,0.020813450813450787,0.023885211742354626,0.01626380667736712,0.016596138322201165,0.08440565288557818,0.228315882654881,1.1026281265635747,3.0801475664731015,0.014355014355014406,1
2022-07-21,303.5,307.435,300.78,307.38,55049360,0.014355014355014406,0.0722433460076044,0.0015510015510016295,0.0314903555752426,0.04803046782568954,0.05895788869883356,0.026628977164088852,0.044243681410552016,0.005689124029489812,-0.0029964089646019316,62.74372998249349,99.82075874452904,0.04203674825411885,0.02165072548636876,0.02319650874208753,0.015611195966592346,0.016703895862878914,0.09706787640857537,-0.18769628134691407,0.9048136481343446,3.0247653429890424,-0.01753529832780265,0
2022-07-22,306.43,308.55,300.115,301.99,57127720,-0.01753529832780265,0.03467297084318366,-0.0030906369965514324,0.006566228918072126,0.027327126076262864,0.03732608326019693,0.03055919566781773,0.021855736612549137,0.0073781304172566165,-0.0009642856686976662,57.37595262017541,79.37100431133433,0.02248180125275101,0.027931388456571418,0.02430473099866129,0.01707224906145268,0.017226856814583035,0.10146394951188051,0.037754480706042814,0.9392291989257012,1.0410058786229495,-0.005695552832875372,0
2022-07-25,302.02,302.5,298.22,300.27,40582380,-0.005695552832875372,0.037560469937802266,9.93410377825299e-05,-0.006366771014646333,0.017588450589670623,0.03041627417370596,0.0370187349973321,0.013535280044532305,0.008129747125755824,0.0008501020102512194,55.73727230142186,71.1999999999999,0.0388527539440906,0.014253838212275528,0.023004795683884523,0.015278005907872655,0.015664570563884823,0.10472886561944361,-0.2896201703831345,0.6771398382955418,1.4559463997171145,-0.01964898258234249,0
2022-07-26,298.53,298.79,293.54,294.37,50074120,-0.01964898258234249,-0.013174656386188421,-0.00579478469377559,-0.023350408748274765,-0.005147130888530582,0.009836965377655549,0.03398084064459139,-0.0054034747575008035,0.007166230630964837,0.002126958476277918,50.41793388575089,50.67826086956519,0.02840273896031298,0.017834697829262492,0.023798305339732803,0.01653695924976312,0.016243639278243207,0.10504917433225543,0.2338882046839046,0.8383666702883515,-0.46129254068533826,0.04225974114209996,1
2022-07-27,299.04,308.54,298.46,306.81,69304360,0.04225974114209996,0.012474012474012586,0.015864388354791537,0.015375756211858604,0.029532665120852286,0.04832812831008737,0.03245337688696326,0.030819184712710612,0.009185002139391378,0.0034695750288676326,59.24883448358599,93.9478260869565,0.0740766672501314,0.03285420944558535,0.024525904817779283,0.020512803419279205,0.017076658404181586,0.11118437466778688,0.3840355057662521,1.1531497797992698,-0.43048940548311637,0.009778038525471766,1
2022-07-28,306.59,310.3965,302.745,309.81,55139940,0.009778038525471766,0.007905524106968542,-0.0007170561585346791,0.023657690401453824,0.03158932216313781,0.053895596947271196,0.029539080133280438,0.03439010049091218,0.011556651204495273,0.0050601125645345175,61.050474840019895,98.083114081676,0.08071999162800436,0.024697395177689548,0.02475448085693076,0.02047931630713371,0.017104957202467897,0.11841179353408306,-0.2043799264577294,0.9191229130873994,-0.4286824907250717,0.018236983957909514,1
2022-07-29,311.385,316.39,309.931,315.46,57501040,0.018236983957909514,0.04460412596443586,0.005083761014815558,0.03312984699224475,0.04221592298187549,0.06673249347790433,0.032525095062819975,0.04469510832782175,0.01454235808636074,0.0068840589465524096,64.25562005791907,97.45832194588684,0.08082365436667005,0.02047486210613074,0.024168470532827353,0.020484721900046004,0.016878981971152816,0.1261104034681753,0.04282014089968178,0.9762272754529426,1.6743988228399338,-0.00060229506118048,0
2022-08-01,313.65,318.81,312.53,315.27,46358830,-0.00060229506118048,0.04995504046358268,-0.005737652951245842,0.022461925641491298,0.03276126956880665,0.060149807066656624,0.03685993627735318,0.03703544843063877,0.016840125360811264,0.00887859121617703,64.06469885183202,90.92540374263005,0.08939184519695931,0.019919434135820185,0.023868113045960627,0.01992646942722112,0.016943649747689842,0.1306962109111811,-0.19377406043438516,0.7940131337471463,1.5359026380972454,-0.00298157135153998,0
2022-08-02,312.92,318.545,311.8401,314.33,48676500,-0.00298157135153998,0.06780582260420553,-0.007453928378849728,0.006384150402131139,0.02430329257801289,0.05214710578374637,0.045472651137569375,0.02857217761290709,0.018258185615512363,0.01077575115033279,63.06631071356589,88.51576518841318,0.05373784780422386,0.021330767028282408,0.023638373683708223,0.018604049612157687,0.01682662091083275,0.13511838331775744,0.049994143510524225,0.8432067987864744,1.5688822256080182,0.02723252632583595,1
2022-08-03,316.05,323.7291,315.99,322.89,53735730,0.02723252632583595,0.05241028649652879,0.005471956224350372,0.02325448737450575,0.04543188131762821,0.074668295304962,0.050245377435260696,0.04746456965555823,0.02072955219228341,0.012537974259780617,67.96261381254592,97.64622388784,0.06553806553806552,0.023968224472730677,0.0233743026152206,0.019633654724372226,0.017566007766946737,0.14839213871145368,0.10393578009922644,0.9385353374756759,1.3645389095314815,0.0046765152219021555,1
2022-08-04,322.97,324.72,320.77,324.4,38973660,0.0046765152219021555,0.04709337981343387,0.00024776239586254967,0.01862027820516854,0.04456465739309645,0.07443367839523862,0.05479313674023323,0.043953119320653045,0.023073953215735615,0.014598481170250857,68.74963878126778,99.12376779846646,0.05537120176979626,0.01217632552404453,0.022966047208032445,0.019443226956047846,0.01717505797473669,0.16256008972427613,-0.27471609672000363,0.6913587097282677,1.12489406544684,-0.008168927250308156,0
2022-08-05,319.19,323.83,318.39,321.75,53893970,-0.008168927250308156,0.019939136499080856,-0.016060419235511603,0.006324125506680822,0.029481403742289025,0.061018016695988386,0.05435017386845353,0.029812640808916102,0.02426998929638354,0.016628971700157834,65.69931536732231,91.06766917293226,0.0654326302195436,0.0169075369075369,0.022722299922299946,0.018404239935481636,0.0174081125058865,0.17052759205827542,0.3828306091857936,0.9611482523228327,-1.1633052223549134,-0.003232323232323253,0
2022-08-08,322.69,326.47,319.21,320.71,44066300,-0.003232323232323253,0.017255051225933293,0.0029215229215229233,-0.00033040746097445783,0.019486299192574164,0.052094610110553496,0.05244234491355826,0.02231856313539371,0.02460325684550435,0.018266968339636952,64.48999884748747,82.50835104767675,0.06807206847170888,0.022637273549312612,0.022363906867352373,0.01823848703192138,0.016439091293605844,0.17105156437998167,-0.1823519403005568,0.793814278662799,-1.1265561979352416,-0.011318636774656166,0
2022-08-09,318.77,319.03,315.42,317.08,39764220,-0.011318636774656166,0.008748767219164622,-0.006049078606841118,-0.013336818456215038,0.0007227371856171061,0.03495097463214658,0.04894050370138281,0.009078866950544162,0.023889812041885856,0.019558836424284746,60.316743157093484,71.48496811418147,0.07714780718143821,0.011385139396997467,0.022390811692407524,0.017050020388321742,0.016521416805293974,0.16365830155124225,-0.09762743865493584,0.7268120275977576,-0.9767465617469098,0.02791093730288896,1
2022-08-10,324.59,326.23,322.0601,325.93,51459560,0.02791093730288896,0.009414971042770004,0.023684874479626528,0.012286706380018053,0.02248378889645286,0.05688974207648845,0.044061662980809935,0.03133394540756029,0.02438385751201296,0.02009897468323825,66.0799072488287,98.36015791071965,0.06231869886900698,0.012793851440493484,0.022329619418718326,0.014168165546637494,0.01716925262225594,0.15906553287020322,0.29411717368025836,0.9603088869462965,-1.0363723846982862,-0.0056760654128187316,0
2022-08-11,328.305,330.36,323.36,324.08,45897650,-0.0056760654128187316,-0.0009864364981504448,0.007286840732672717,0.006741014569289661,0.012149036509572664,0.044555069756797794,0.03756085690388411,0.02147583702989353,0.0246886205654747,0.021108691327382384,63.98789304627786,82.94405214557297,0.046060488686614276,0.021599605035793633,0.02214080738442009,0.014566090920331221,0.01738272008033999,0.14971527933876333,-0.10808312391322428,0.8710180693884725,-2.8109925187711338,0.019470501110836924,1
2022-08-12,326.175,330.585,325.1001,330.39,40928380,0.019470501110836924,0.02685314685314677,0.006464453221426858,0.020862815862166872,0.027067019394870107,0.05832325642853142,0.03669488200011228,0.03477938884887699,0.02559190295077727,0.021682815797947657,67.739432521639,99.47361317316778,0.047327711912762416,0.016601289385271896,0.02219898129050951,0.014698950552240434,0.01743293997703954,0.14859127340942763,-0.10826850612177308,0.7939585606480464,-0.8405565449529978,0.00808135839462465,1
2022-08-15,329.42,333.5652,329.4,333.06,38266610,0.00808135839462465,0.038508309687879994,-0.002935924210781149,0.02131809093919812,0.029672728172088325,0.05946740338873058,0.03735301742716679,0.036263919160227864,0.026805423536685597,0.022568279834903147,69.20146697102612,98.56089696113396,0.056427823770101915,0.01250585480093685,0.02147097048150916,0.014605065558434169,0.0170815288978505,0.14231275242540367,-0.06503482424664742,0.7579479677192916,1.039973756962139,-0.0023419203747073736,0
2022-08-16,332.055,334.4209,329.16,332.28,41186860,-0.0023419203747073736,0.047937429039989876,-0.003017474328949721,0.009515476320682392,0.02159215635635814,0.05130440147501547,0.04139503171029979,0.02848309371972224,0.027489007224293906,0.023594807058950135,68.22867370167077,93.24123387180776,0.057105589666910594,0.01583273143132296,0.019606227106227142,0.014564652813130035,0.016261836051872616,0.14169944479648988,0.07631326631755475,0.8272475256052026,1.0005104274814083,-0.011406043096183871,0
2022-08-17,329.07,331.43,326.36,328.49,47842160,-0.011406043096183871,0.007854447273954568,-0.009660527266160956,-0.00354911120548429,0.008203991811354339,0.03514397132390612,0.03883089770354897,0.014138475630023128,0.027060787112673835,0.024505785818036488,63.55373795970715,75.78226125872298,0.01734336771036582,0.015434259794818694,0.019455930382747053,0.013274899072621447,0.01649191715370817,0.1397042604124145,0.16158794333921067,0.9805435755749712,-1.3014022028411325,0.0024049438339066587,1
2022-08-18,328.44,330.49,326.79,329.28,41937170,0.0024049438339066587,0.016045420883732397,-0.00015221163505740876,-0.004293921983671067,0.009117236940898943,0.03406530426385479,0.038524648080833446,0.01399136593801198,0.026297020635380627,0.024816997867034354,64.10582212623976,77.23331325728033,0.015043156596794116,0.011236637512147683,0.018784512529501623,0.01323958723066125,0.016319050577518687,0.13980397715531648,-0.12342649244933757,0.8712251477889934,0.7637742612598578,-0.019497084548104837,0
2022-08-19,326.17,326.84,322.08,322.86,51770570,-0.019497084548104837,-0.022791246708435353,-0.009444849368318575,-0.019240933917386127,-0.010894073819910921,0.01059234496487993,0.030418560392643013,-0.004893858647612159,0.02436962665470675,0.025122308054492292,56.60208901607274,48.802079642882454,0.0034498834498835063,0.01474323236077554,0.019361576446226155,0.01458224430401575,0.01645790448881832,0.1310309672985625,0.23447934135755943,1.0815277316628256,-1.3709250225460363,-0.0263272006442421,0
2022-08-22,318.5,318.74,313.53,314.36,51098890,-0.0263272006442421,-0.05614603975259713,-0.01350430527163482,-0.03408776662754176,-0.03505729308952943,-0.018178808515821654,0.01647039716659804,-0.02643525044227013,0.02061470791853901,0.024764214973384307,48.5065004424645,3.973021746310782,-0.019799819151258058,0.016573355388726417,0.020481567993019856,0.016876730737702857,0.017665222779576013,0.1191513644657078,-0.01297416659696815,1.0558968823833024,-3.206553620031847,-0.0008270772362896084,0
2022-08-23,314.12,317.0,313.33,314.1,39497070,-0.0008270772362896084,-0.054712892741061614,-0.0007634559104211514,-0.023982499425140746,-0.034972640660188015,-0.02200412869317192,0.0020269828469301476,-0.023146626940979464,0.016869612201578146,0.023201693517127066,48.279035923168664,3.6508636426138166,-0.009398259114418939,0.011684177013689958,0.019195683813162345,0.016546964727184827,0.016911665570753593,0.09388386463707037,-0.2270464192079319,0.8251768905711396,-3.1934991216298236,0.002897166507481508,1
2022-08-24,313.61,316.87,312.99,315.01,38057060,0.002897166507481508,-0.04103625681147072,-0.0015600127347978887,-0.01288535419056025,-0.028918804775718066,-0.020421236593413106,-0.007634252449646661,-0.0172448022666708,0.013920587560553897,0.0212918523363503,49.17734095379919,9.425642413524308,-0.03350412665296232,0.012317069299387307,0.019124358863890953,0.013291441675520918,0.014226545695865577,0.08599145506030828,-0.036458653768494775,0.8219204324093318,-1.4025024019525747,0.0176819783498936,1
2022-08-25,316.83,320.6,315.7577,320.58,38098260,0.0176819783498936,-0.026421282798833823,0.005777594362083693,0.010076185795035775,-0.010680747189398931,-0.0047669236655796254,-0.014695039512224839,0.0001119048378579457,0.01267603091593919,0.019272735422625625,54.39815387512656,35.41615144487619,-0.010799802517896806,0.015104810031817403,0.018698497366380597,0.01479877659570966,0.014576549728473012,0.07878490861175015,0.0010825849395617038,0.8382358711834007,-1.5149791656989908,-0.04098820887142052,0
2022-08-26,320.28,321.51,307.35,307.44,69047740,-0.04098820887142052,-0.04776063928637808,-0.0009358038555119519,-0.021820056125078757,-0.0444636452356828,-0.044370085899143485,-0.023053048588111413,-0.03481045877425348,0.008838553348680918,0.017844873099570488,43.139618407416975,0.33246031716705027,-0.06946336148188503,0.04605776736924268,0.021100772276123565,0.01759790382681388,0.016895314633364553,0.08711077513982685,0.8123594095898343,1.5001292858295963,-1.7703292405540956,-0.009855581576892924,0
2022-08-29,304.62,307.22,303.28,304.41,48321850,-0.009855581576892924,-0.031651609619544385,-0.00917252146760339,-0.02528913764616969,-0.045380565163807174,-0.05218862819397119,-0.027597405124676566,-0.037761538456224875,0.004565587702096901,0.015331113757973207,41.030797752145155,3.6286684071431803,-0.08602053684020894,0.012943070201373327,0.021045652714618925,0.016781451771215462,0.017005845597788675,0.09834320240426135,-0.3001675362582469,1.0476052334940174,-1.731839631609001,-0.01113629644229841,0
2022-08-30,306.1,306.73,298.44,301.02,51184500,-0.01113629644229841,-0.04164278892072604,0.005551723005157605,-0.028002014905131656,-0.04666592769710698,-0.060797613773221015,-0.03374039799566919,-0.04132748570042788,0.0002108484729534353,0.012445184348938237,38.74856107642475,7.1704709998915614,-0.09407728421812922,0.0275396983589131,0.02107859468284026,0.01663368703097486,0.017137629069504324,0.11217947251027265,0.05924131629894136,1.1066581418095347,-1.8879284208972593,-0.005813567204836834,0
2022-08-31,303.99,304.91,299.16,299.27,50044040,-0.005813567204836834,-0.04996666772483416,0.009866454056209006,-0.023729056840127383,-0.04335540048524289,-0.06280435293196585,-0.040025052845846676,-0.039973716823590855,-0.0037291103142089305,0.009268544609975105,37.58630094688858,2.3067794301976425,-0.08895247952753516,0.019213419320346176,0.020903508060089084,0.0166641392356078,0.015701630282110107,0.12698225114972614,-0.02228135470699133,1.0863357505898061,-3.5158240830733924,0.0004343903498513768,1
2022-09-01,296.72,299.78,292.95,299.4,57990750,0.0004343903498513768,-0.06606775219913907,-0.008520733785544632,-0.009619328631726654,-0.03371040358889121,-0.05871256779061551,-0.04957006995205537,-0.03367598603860311,-0.006736862964461338,0.006064243560553958,37.735709956773384,15.553074565538688,-0.0907434402332361,0.022812291249164944,0.020971967745013847,0.01652342690513073,0.015611292808597693,0.1381357113876428,0.15879433395065634,1.233381770076897,-2.90335931075754,-0.01412825651302596,0
2022-09-02,302.34,303.75,293.52,295.17,64666840,-0.01412825651302596,-0.03991022638563613,0.009819639278557002,-0.015620935521953871,-0.038772160637757236,-0.0681176715728059,-0.0533297973770781,-0.04034089230693527,-0.01029028372836348,0.002862862106595095,34.815269692945606,5.353151245813391,-0.08576472774577215,0.03465799369854666,0.022740140064563284,0.016241664994794684,0.015753577418368088,0.15243242120160608,0.11512336019106506,1.3597947562137056,-2.869616092812562,-0.007182301724430018,0
2022-09-06,295.66,296.6,290.87,293.05,57005440,-0.007182301724430018,-0.03731809073289316,0.001660060304231381,-0.015229415757673448,-0.03900703405532158,-0.07075338578083035,-0.05638264476175081,-0.040259320211139094,-0.013551674026047362,-0.00040347656803854816,33.419308212323074,5.374753451676545,-0.06778852271281333,0.019552977307626746,0.023018987496039207,0.015030068027493956,0.015765782362580905,0.1665452573794382,-0.1184749401702635,1.182604976619745,-2.935475600068738,0.020201330830916353,1
2022-09-07,293.54,299.99,293.27,298.97,49260380,0.020201330830916353,-0.006810178725665916,0.0016720696126941714,0.00605036813697124,-0.014705106910279486,-0.049251488674940225,-0.054969272477202846,-0.01771720423071521,-0.013999818211428561,-0.0031163534024989687,40.583707015072854,20.444220090863254,-0.04816937281120659,0.022477171622570916,0.022806875032850903,0.017276068716132856,0.016589649874303565,0.17326592519800443,-0.13586527882251243,1.0119620759968617,-1.1554249429458527,0.0051844666688964924,1
2022-09-08,296.85,301.87,295.45,300.52,55649820,0.0051844666688964924,0.004176830287031752,-0.007091012476168168,0.01041617634203229,-0.004844643572651464,-0.040445484646553065,-0.05033733839527177,-0.010703135031127742,-0.013915902696964525,-0.005263404622302839,42.33335550248714,26.827912149013024,-0.04599853972889756,0.021362970850525808,0.023335741856971754,0.01740380661148237,0.015085123642378616,0.17471614701069477,0.12970748500113083,1.13832173645989,0.7243947366377365,0.021862105683482014,1
2022-09-09,302.83,307.6,300.5209,307.09,56125220,0.021862105683482014,0.02568470273881096,0.007686676427525629,0.02719427348140213,0.02147461697612374,-0.016800736382919124,-0.04283027174130549,0.009228700517093014,-0.011747336604805906,-0.006470105198051153,49.16640313849669,52.93733681462134,-0.042079980036184406,0.023052199680875445,0.022808576359652635,0.018036102046013587,0.016138447012457233,0.1728121459701107,0.008542705079728874,1.136161504385703,0.6961808963816691,0.011885766387704111,1
2022-09-12,308.5,311.08,308.18,310.74,45905740,0.011885766387704111,0.05274926313649764,0.004591487837441788,0.028688334646477243,0.03248229024069338,-0.0019752372693547793,-0.029808418043712037,0.01790045260610107,-0.009091491217930806,-0.006933583318618738,52.53157151574627,64.84986945169717,0.010733801717408342,0.009332560983458766,0.02131317867946564,0.013112375601589125,0.015675888373486147,0.16454890183756501,-0.1820835624341428,0.9246269755274491,2.840266175052075,-0.05483684108901343,0
2022-09-13,301.8,303.02,292.785,293.7,79562170,-0.05483684108901343,0.00221805152704313,-0.028770032824869674,-0.02813993196648623,-0.020650698749220542,-0.050703487864713126,-0.023216877244357392,-0.032272719525177296,-0.012050460707890436,-0.008278779047747884,39.413672763080164,9.236292428198386,-0.035182812653986484,0.034848484848484705,0.02602388248455667,0.02200517719799602,0.019252302949929825,0.15917925500592064,0.7331638701391154,1.5385443630483553,2.2229931847563518,0.007933265236635956,1
2022-09-14,294.865,296.93,293.06,296.03,54907200,0.007933265236635956,-0.009833762584874894,0.003966632618318089,-0.018520237653174898,-0.011236030114163853,-0.03753399582865313,-0.01937254226211882,-0.02089061037952855,-0.013081519399896838,-0.009187198468564453,41.562523973747,16.840731070495988,-0.016576971629792103,0.013072999358173175,0.025816640205384617,0.022081874501173628,0.0194931634581665,0.14824167747499617,-0.3098830763414321,1.0478744549942405,2.276668521306595,-0.016653717528628653,0
2022-09-15,294.07,296.53,289.46,291.1,65299410,-0.016653717528628653,-0.031345667509649844,-0.006620950579333096,-0.02879906049404113,-0.025042116438975692,-0.04777481559019303,-0.019538443924698723,-0.031655041999832156,-0.015399523133895887,-0.010554137158965053,38.454697246367594,5.117004680187341,-0.027299762756039514,0.024287186533837143,0.02661701918830055,0.022580551007252366,0.019610735753433077,0.14184184897962684,0.18926862050878568,1.2257849440186654,0.20007605042999704,-0.006114737203710141,0
2022-09-16,287.72,289.72,285.62,289.32,79920390,-0.006114737203710141,-0.05786577224917766,-0.01161113019580895,-0.02315499463160664,-0.027721301614079485,-0.04737131511621395,-0.024790340690204693,-0.031980136263229264,-0.01746110966291442,-0.011987477917581438,37.368233549995,14.532600157109158,-0.03366733466933858,0.014171159961288617,0.024637820702731558,0.022579994711302412,0.01951455432315161,0.13050939553177746,0.22390677036745044,1.4486029324242173,-1.903731081054062,0.0059795382275682485,1
2022-09-19,286.1,291.21,286.04,291.05,52613830,0.0059795382275682485,-0.06336487095320842,-0.011129545140328934,-0.004071995620038127,-0.02055142567733559,-0.036629909323058985,-0.03269103143985852,-0.02225197762286646,-0.018217166202704256,-0.013176412759151844,39.16716519638681,21.32757266300083,-0.013958058068231916,0.01776327091565009,0.024739244606964948,0.022391721339837925,0.01943664009433224,0.12181655089077821,-0.34167200635532435,0.9529276075868598,-1.7643677607484736,-0.007971138979556702,0
2022-09-20,288.49,291.07,286.38,288.73,51271120,-0.007971138979556702,-0.01692202928157971,-0.008795739563648874,-0.008638745253153557,-0.0269441401971523,-0.04023800422158308,-0.0318746156530989,-0.025541384052341853,-0.01947433813232704,-0.014520697802896384,37.60719083625253,12.215239591516166,-0.014741511687425324,0.01624354933675059,0.02404742938286388,0.02241661503317851,0.01879900239207182,0.12220039422928385,-0.025520096142021997,0.9284639916544011,-1.4632630394956514,-0.017906002147334954,0
2022-09-21,289.59,293.95,283.42,283.56,82930960,-0.017906002147334954,-0.042124109043002345,0.0029785612856301213,-0.01798082783842192,-0.03937882812076543,-0.05261469790316331,-0.03526801822871417,-0.03661837804392165,-0.021944016855275878,-0.016217160196080636,34.32617742841394,0.5061460592913468,-0.05154363314044896,0.03713499788404561,0.025689952239888764,0.021587957660999905,0.019030307901031218,0.12569211021969035,0.617498505981535,1.4449630353009462,-3.4154165225180146,-0.012307800818169068,0
2022-09-22,282.0,283.03,278.815,280.07,62757070,-0.012307800818169068,-0.037890759189282086,-0.00550148116800675,-0.022600210786400732,-0.04458294529216522,-0.05878122469006364,-0.037017619916588695,-0.041325918989063126,-0.02463572138566368,-0.018062540271564485,32.27890573354428,3.889663722299693,-0.0680487155596965,0.015049808976327258,0.02547832429647691,0.021372912105998162,0.019005012022070628,0.12875967316173195,-0.243261262139013,1.0704258014409174,-3.4031900247340334,-0.01628164387474562,0
2022-09-23,277.55,277.85,272.02,275.51,74815190,-0.01628164387474562,-0.04773261440619381,-0.008997750562359297,-0.029155977785921716,-0.04990326952455504,-0.0670402885128214,-0.03902203635193824,-0.04860123018775464,-0.028004395944684804,-0.02029007567213413,29.77974009416333,8.934971838197667,-0.10283630206128491,0.02116075641537527,0.025334833581358216,0.01895349470701136,0.018311785974928486,0.12422157850383743,0.19213962665879714,1.2373513336030146,-3.3780595328121863,-0.004137780842800587,0
2022-09-26,275.03,279.49,273.56,274.37,71176690,-0.004137780842800587,-0.05730974059439964,-0.001742223512758212,-0.02167246691008662,-0.04181683569413008,-0.06566912080203224,-0.04497129274588463,-0.04481740253909139,-0.03046119222921304,-0.02239174276024921,29.17165823608873,6.016385048643171,-0.11704318723048213,0.021613150125742636,0.02549216646967859,0.017456975522104106,0.016518828355069095,0.1338462136643583,-0.04863317195344952,1.1751062261312473,-5.0,0.00040091846776246776,1
2022-09-27,277.81,280.21,272.11,274.48,69780120,0.00040091846776246776,-0.049354067814220914,0.012537813900936667,-0.011232069395312405,-0.034955101926011145,-0.06050674721682636,-0.04983442150210082,-0.03785717692222701,-0.031902960648012284,-0.024286807405410026,29.321626790621593,6.298003072196713,-0.06544092611508334,0.029510346837656534,0.025783819794312355,0.009319963250651014,0.016537069275517773,0.14192466571317672,-0.019621170919861597,1.131997641140299,-3.0694927735163415,0.0198921597201982,1
2022-09-28,274.46,281.25,272.945,279.94,79652140,0.0198921597201982,-0.012766257582169538,-7.286505392023468e-05,0.011073629159834564,-0.010158656073094186,-0.038348903396902,-0.04888123983394255,-0.015884115427765022,-0.030485291867284374,-0.025147548897531877,36.50780694209797,20.276497695852573,-0.05435259939870951,0.029667071515324737,0.025761897957725627,0.011835003540165761,0.017368560803088212,0.1441206047583359,0.14147324481528556,1.2629820041712645,-0.8280262663694726,-0.028827605915553334,0
2022-09-29,275.86,276.25,268.84,271.87,81215960,-0.028827605915553334,-0.02927839468704252,-0.014574551689647719,-0.012222327183414983,-0.03211221474598591,-0.061654934620953394,-0.05004426481577018,-0.037702227597672944,-0.03275867503794268,-0.027266944007110584,31.422493002072443,7.173295454545523,-0.06605977327378909,0.027255673667561795,0.027582773279245847,0.01360274984255336,0.01827039146825261,0.15373030855929237,0.019633119712791247,1.256720392046944,-1.0324920262075121,-0.01695663368521727,0
2022-09-30,271.03,275.19,267.1,267.26,78482380,-0.01695663368521727,-0.029944466625530852,-0.0030897119947034257,-0.023115386864729026,-0.04099266552798164,-0.07242131494326265,-0.050472622268343814,-0.04609191324809425,-0.03541063808976564,-0.02927194747042085,28.942343863810294,0.44543429844089183,-0.07624775335268907,0.030270148918655898,0.029154328048663133,0.013975455552946233,0.018429892427297295,0.16597831914645347,-0.03365816275520228,1.1954683223563307,-1.0707495246804235,0.02346030083065176,1
2022-10-03,269.07,275.16,267.53,273.53,61267450,0.02346030083065176,-0.0030615592083683696,0.006772431340267948,0.00041694706966644013,-0.012284604162754675,-0.04708155007324666,-0.047478701037643845,-0.02013826486812409,-0.03397362881706156,-0.029675494032910144,36.305900926294875,21.55548105933608,-0.06019584263872202,0.02789456366760521,0.025860313050018013,0.01671658779492726,0.019394835303716152,0.1708451614558269,-0.21934770581626095,0.9356675588585658,0.6884670424155851,0.03144079260044608,1
2022-10-04,278.99,282.85,278.99,282.13,66696930,0.03144079260044608,0.027870883124453405,0.019961247395167137,0.02612876710335854,0.021203741240516605,-0.015247898331055998,-0.04032307324471185,0.009013129478812276,-0.029656044469824325,-0.028947939855782215,44.76132890037104,51.0703363914373,-0.02285872614553397,0.013681636125190563,0.02645183831161927,0.02044668786184505,0.020886817511358468,0.17063419739813712,0.08861932396402983,1.0111032662359638,0.6522766326415436,-0.0005316697976109896,0
2022-10-05,278.28,283.81,275.42,281.98,55766320,-0.0005316697976109896,0.007287275844823915,-0.013646191472016511,0.024063569078350167,0.021244848142434103,-0.01284443495338683,-0.03604073530801799,0.007163223374554661,-0.026803389827408097,-0.028531348996084747,44.649992985659345,55.41899441340787,-0.005572012977852925,0.029753883254131447,0.026800279655092053,0.01968028493633544,0.020247987785965278,0.1665712673398239,-0.16388475451568763,0.8412503186481668,-1.2739208076288482,-0.007872898787148142,0
2022-10-06,280.96,284.18,279.43,279.76,53489410,-0.007872898787148142,0.029021223378820737,-0.0036172778211222,0.010211893172331177,0.013318458579485215,-0.01704431662866157,-0.026980685918675085,-0.0006482901130385743,-0.025076051174638972,-0.028021414953017524,42.94738210351591,47.15083798882676,-0.0011068661406077318,0.016978839004861312,0.02682656562768087,0.019430131898543795,0.020189983943177656,0.16058091473686317,-0.0408294827415544,0.808219512362805,-0.9466781525859995,-0.03810408921933073,0
2022-10-07,275.02,275.15,267.74,269.1,71354670,-0.03810408921933073,0.0068846815834768815,-0.01694309408064054,-0.029570861882437738,-0.023024811030997405,-0.04814625510458537,-0.01914142155518961,-0.03296598748677648,-0.02735218754066071,-0.028775591123163528,35.87351555416478,7.448789571694609,-0.02326594315995778,0.02753623188405785,0.029707490577055795,0.022458691288089035,0.020690975525115982,0.15028154783682932,0.3339962059779684,1.065897786644159,-0.8530512441749128,-0.009996283909327386,0
2022-10-10,269.3,269.7,263.64,266.41,60392990,-0.009996283909327386,-0.02603005154827609,0.0007432181345223832,-0.034312517217880534,-0.029987693248763825,-0.050214798837768915,-0.016467316707962643,-0.0363120181157478,-0.029134170912191275,-0.02907974982747652,34.336575583127754,9.138898053447834,-0.029011918212632493,0.02274689388536467,0.030374771431788815,0.022593078481391297,0.020248337569905718,0.12777728416424247,-0.15362246087046583,0.8924946673165097,-2.8324062191420536,-0.013738223039675757,0
2022-10-11,264.7,267.63,261.03,262.75,66522510,-0.013738223039675757,-0.06869173785134508,-0.006418677977553577,-0.034007352941176516,-0.039210452220146075,-0.058066482044112355,-0.024906120327301884,-0.042250174837019316,-0.03151074552307687,-0.029890004180658826,32.30837206924261,7.429805615550863,-0.04273535412416207,0.02511893434823986,0.029729509310860425,0.022818100092702086,0.01701561675752313,0.13232925810634438,0.10149389854683455,0.9926416128820801,-5.0,-0.00034253092293046183,0
2022-10-12,263.4,265.36,261.95,262.66,50580180,-0.00034253092293046183,-0.06851549755301789,0.002473834443387224,-0.020422472178297624,-0.03343207786711799,-0.05272306954367256,-0.03297400812899631,-0.03626529197020323,-0.03273421855919468,-0.030467040463436006,32.257913268117576,7.041036717062851,-0.06172751303850821,0.012982563009213527,0.029376652054258105,0.021298393800730415,0.016772828845859223,0.12969964038507462,-0.239653164019217,0.757196416740143,-5.0,0.02345237188761118,1
2022-10-13,255.16,270.17,254.26,268.82,112894100,0.02345237188761118,-0.03910494709751211,-0.02855402421381259,0.010799103584159253,-0.00965222516946651,-0.026596418807597,-0.036995998768851845,-0.011585715409185848,-0.030719980373035867,-0.02995910759347066,39.25121597881498,48.663101604278054,-0.011218597123625274,0.059184584480321496,0.030791979763410488,0.021527696424986024,0.017777844495309815,0.12395505057858718,1.2319829624963772,1.6319123801413176,-1.8791753404924387,-0.030057287404210986,0
2022-10-14,271.2,271.81,260.14,260.74,77244300,-0.030057287404210986,-0.031066518023039835,0.00885350792351769,-0.013379951263073453,-0.03710651875267734,-0.0509434511676663,-0.038072913633451666,-0.035165131992319076,-0.03276194358937828,-0.031262390415434244,34.25578449515902,21.657754010695236,-0.024395719524058945,0.04475722942394729,0.033318631587021585,0.022962892245478178,0.018721363750635527,0.12567126203254672,-0.315780895547243,1.1187494872925012,-1.9291720724041688,0.03302140062897907,1
2022-10-17,266.84,270.24,266.74,269.35,64576450,0.03302140062897907,0.011035621785969063,0.023394952826570448,0.016936994079980616,-0.0037726079076819685,-0.015717099517268296,-0.032110242608285655,-0.002797904600103651,-0.029629960441886077,-0.030136441472213334,42.633990012907255,50.43449197860971,-0.015281687566263136,0.012994245405606088,0.032624837571932463,0.024310852548585022,0.020453940362984476,0.11396181400271718,-0.16399721403391576,0.927245067644437,-0.22694518392004853,0.007907926489697292,1
2022-10-18,276.53,277.21,268.74,271.48,69781000,0.007907926489697292,0.03322549952426268,0.02665676628921454,0.018266381606091286,0.00807634466497098,-0.0047967564615076785,-0.02264941520628616,0.004301775764992355,-0.02681607813834962,-0.029283211238516137,44.517679080764076,57.553475935828935,-0.03774855563038304,0.03119935170178271,0.032412279778568295,0.021801842472825333,0.020585883605207963,0.10188917366429753,0.0805951705304333,0.9888358517890353,1.5920381529046257,-0.003646677471636939,0
2022-10-19,269.93,273.68,268.07,270.49,53115410,-0.003646677471636939,0.02981040127922019,-0.005709444526300289,0.00862866177435695,0.008703888781157021,-0.006044793944182225,-0.01454792658055748,0.0005409869480239582,-0.024869604735106215,-0.028486231751952622,43.79782023715572,54.244652406417146,-0.04074757074969859,0.0207401382675885,0.031081159588682995,0.02177495359807396,0.02028256903644072,0.09526256003505003,-0.23882704461099724,0.7689186307314477,1.547780116514534,-0.0051018521941661454,0
2022-10-20,269.58,274.84,267.92,269.11,60605500,-0.0051018521941661454,0.001078788780596751,-0.0033642648526748253,0.0032658052297620532,0.00755922138896481,-0.009120466001686256,-0.012345951757631868,-0.0038642421541436045,-0.023511215578820414,-0.027608090766421928,42.759862419220866,49.63235294117652,-0.03806834429510997,0.0257143918843594,0.03092999676181277,0.02173690828516572,0.0201564513303451,0.09180772824799706,0.14101538517729595,0.8787164538570376,-0.8700248547088604,0.023447660807847992,1
2022-10-21,267.98,275.969,266.8236,275.42,77897690,0.023447660807847992,0.05630129631050096,-0.004199026420422913,0.01567282516502555,0.028749864598857755,0.014130144615356333,-0.0015188754798264315,0.016444601563906147,-0.019745640739802277,-0.02552958942499714,48.741598187753866,70.7219251336899,0.023485693050910417,0.03320528647157067,0.030544363413799198,0.01949949117585841,0.020606910264052695,0.09176581030741102,0.28532377424491173,1.1269168824243638,1.5113722311807876,0.011001379710986692,1
2022-10-24,275.69,279.4,271.97,278.45,63963570,0.011001379710986692,0.03378503805457567,0.0009803209643453048,0.02000073262756863,0.0354110966916672,0.02451740612576425,0.0044281080921975136,0.023277666240553163,-0.015939445137797912,-0.023389316987861865,51.369638407875144,80.84893048128338,0.04519349874253953,0.026683426108816487,0.029727163122386668,0.019132062145033806,0.020717502201870776,0.09406337261626109,-0.1788771913518873,0.9301904017910314,1.5048007738552585,0.020685940025139127,1
2022-10-25,279.41,284.6,277.9,284.21,59014490,0.020685940025139127,0.04689111536761437,0.003447656670856558,0.03148045990360604,0.04846296016202278,0.043842026201643014,0.01198429517432853,0.037352012580528005,-0.011065027892967112,-0.020545239673861394,55.98910359801244,98.71456822676322,0.08167459562321588,0.02357411772984781,0.028699955264467426,0.018555236906313468,0.021180950685733824,0.1021440100083221,-0.07737341739993564,0.8649894949734647,1.3851838096437514,-0.022096337215439243,0
2022-10-26,278.46,283.98,277.43,277.93,63898250,-0.022096337215439243,0.02750563791637406,-0.020231518947257277,0.0032704747603096163,0.01955245781364634,0.02115386381798312,0.017825092542413268,0.012183234111585062,-0.009342134603158381,-0.018676004563083073,50.37103638928675,78.0158206987475,0.058135993299322175,0.023567085237290005,0.02987016257947787,0.02078766395747139,0.02138954210101099,0.10066957891482053,0.0827552690873039,0.9475113562865126,1.1735834617730987,-0.018206023099341606,0
2022-10-27,276.79,278.2795,272.34,272.87,57760300,-0.018206023099341606,0.013971981717513238,-0.004101752239772605,-0.017661713034963222,-0.0004944964377942007,0.0023785690014603844,0.020400591427967907,-0.005288971116334085,-0.00931180410046301,-0.01708022118793862,46.33659774510076,61.338167435728394,0.015065843315229532,0.02176677538754722,0.02883238486144632,0.02104335077622083,0.020762512985157067,0.10067056223481884,-0.09605818625705709,0.8716536637370493,1.228043032942543,0.030600652325283084,1
2022-10-28,272.23,281.698,272.06,281.22,62651310,0.030600652325283084,0.021058746641493098,-0.00234543922014141,0.008188258238448931,0.022421133381566483,0.03040995454720319,0.022041217130995827,0.021198608051501422,-0.006408999172341676,-0.014540259277047983,53.02321091616929,88.85959129861571,0.07854567768658449,0.03427210013512544,0.02888508742519836,0.019563911085756752,0.021385442266440808,0.10300221437845171,0.08467771116147249,0.9568936226038383,1.0408938301251802,-0.011627906976744318,0
2022-10-31,278.92,279.76,275.99,277.95,47741950,-0.011627906976744318,-0.0017956545160711102,-0.008178650167128931,-0.003177495014990983,0.00738276195757348,0.017604428473886102,0.02084816844016757,0.00787841093139341,-0.005267133402329306,-0.012822483601182348,50.375947347786315,78.08174027686215,0.031928717282346364,0.013563590573844151,0.028872844550664297,0.01820635329949365,0.021034799494293956,0.10422379129138923,-0.2379736353477685,0.7367884310545244,-0.819997024732853,-0.01021766504767041,0
2022-11-01,281.495,282.07,274.74,275.11,45895900,-0.01021766504767041,-0.03201857781218098,0.012754092462673228,-0.0068804689981804,-0.004220417263895548,0.008502862086473106,0.015489908922781348,-0.002048245875510224,-0.0051208180395880005,-0.011388045159147679,48.12850380510402,68.72116018457483,0.01337115072933548,0.02664388789938564,0.030188677775642974,0.01859436754228871,0.0198947234214622,0.09996124768638127,-0.03866725175657881,0.719853086661507,-2.745931779758142,-0.03427719821162445,0
2022-11-02,275.08,278.21,265.61,265.68,79803140,-0.03427719821162445,-0.04407584643615303,-0.00010904729017491288,-0.03236380323856569,-0.03667579180188185,-0.02314730554774236,0.00952475498712202,-0.030849577921806537,-0.007910748042522262,-0.011015949981082346,41.506890698253414,22.649223221586315,-0.01778254279270952,0.04742547425474242,0.03037028971480188,0.02178293426168604,0.021232566765256877,0.09754590263193483,0.7387858174695343,1.228512574886287,-2.8679341275183545,-0.01953477868112019,0
2022-11-03,263.01,264.5,260.1,260.49,70038900,-0.01953477868112019,-0.045369589914611375,-0.010049683830171685,-0.04263295233194908,-0.052532798900095656,-0.038824849084173385,0.003977683645004726,-0.04244808951822132,-0.011649946160544785,-0.01131833455353844,38.37737552651338,1.5918367346938218,-0.03203151127791615,0.01689124342585119,0.02930545729751069,0.022508345841474084,0.0215383442248206,0.10093462644913051,-0.12235408280927296,1.0646372897909706,-2.9534490440699934,0.016085070444162852,1
2022-11-04,265.53,266.61,259.08,264.68,78313210,0.016085070444162852,-0.058815162506222984,0.0193481515605205,-0.01526143863800411,-0.033517247926852956,-0.02256721973773146,-0.007419005801522216,-0.022980526836329118,-0.012833697479893477,-0.011478067795362793,42.168374016665446,21.943573667711654,-0.03899498947062674,0.028449448390509405,0.028309899825125724,0.021650354935870714,0.020308454750712746,0.1030130129774148,0.11813877716526111,1.1841496028759246,-2.5663489987821366,0.010994408342148931,1
2022-11-07,265.75,268.14,263.57,267.59,47333830,0.010994408342148931,-0.037272890807699244,0.004042617500377821,0.003299463837126426,-0.019001147474273616,-0.01203618238877624,-0.015285213217648308,-0.010375422972498383,-0.012742236371311796,-0.011631043736242627,44.71230628516085,33.34639498432593,-0.039001616089064495,0.017078366157180738,0.026960995766444375,0.021649826962739236,0.020341411238335123,0.1024868677918057,-0.39558306957408595,0.7228569607558227,-1.0904507733995534,0.007287267835121014,1
2022-11-08,269.14,272.85,265.52,269.54,63213790,0.007287267835121014,-0.020246446875795132,0.005792443663814151,0.014849621229235499,-0.006509255232099664,-0.006082462632218344,-0.020625798565209963,-0.002678334391702064,-0.011966192170006756,-0.011630757149980173,46.41337877608705,40.9874608150471,-0.05161676225326328,0.02719447948356474,0.027221748163537857,0.02034408808797091,0.020113352686453787,0.0985863564917478,0.3354885924084319,0.9678123547473819,0.5760032384727062,-0.02307635230392535,0
2022-11-09,267.76,268.56,263.03,263.32,64862130,-0.02307635230392535,-0.008882866606443884,-0.006603843585367808,-0.006804363241351141,-0.024180548092423315,-0.02913659449345085,-0.02248522891721738,-0.02182640399718505,-0.01344515131473107,-0.012213424254152824,41.97683755782368,16.614420062695935,-0.052567193178138405,0.021001063344979604,0.027753548100084638,0.020437211349353602,0.020850008220834458,0.09794260552493285,0.026075639508404747,0.9823091567061957,0.8333254571739859,0.07378854625550657,1
2022-11-10,276.01,283.05,273.85,282.75,99256690,0.07378854625550657,0.08545433605896569,0.04819231353486253,0.04886933554915851,0.04400128492465849,0.03983171459147772,-0.008616536542131903,0.042277703055181304,-0.007769627267559873,-0.010653239687580295,56.095104343384115,92.7507836990595,0.036207717960933694,0.03253757736516353,0.028520272830617664,0.031591744157084045,0.026151733378947824,0.10431131776274068,0.5302718242524567,1.5188849983994632,3.1624399593574304,0.018426171529619673,1
2022-11-11,282.56,288.64,281.19,287.96,66961750,0.018426171529619673,0.0879552667371919,-0.0006719717064544994,0.05005980337816163,0.0605988059239726,0.0537177985948476,0.003483606557376895,0.051536505541597055,-0.0024434037234294,-0.008857075026289794,58.97748836546006,97.6995940460081,0.02396700092454296,0.025871648840116647,0.028009222511063064,0.030674086579521656,0.025169583878998678,0.10884531682911587,-0.3253678920786095,1.0328142389773136,3.1013823829936285,-0.008751215446589744,0
2022-11-14,285.86,289.215,284.44,285.44,55080050,-0.008751215446589744,0.06670652864456827,-0.007292679538824731,0.027494402488102976,0.048425011753643776,0.04143065368526844,0.013563335394741305,0.03558952303583185,0.0009575490461628294,-0.006956705786536518,57.02733194768664,87.47303799568616,0.026947292678539236,0.016728559417040278,0.027774788797245358,0.030537085892545918,0.024469223667816432,0.11453017100453655,-0.17744010573200375,0.8558192462914883,1.566944327719938,0.013838284753363128,1
2022-11-15,292.21,293.26,285.97,289.39,73985370,0.013838284753363128,0.07364398605030775,0.023717769058295923,0.027036043325809223,0.057387351836424516,0.05240381118626791,0.024699978180231508,0.041918324005692176,0.004667421362400996,-0.004555916466201812,59.299121978133165,88.67758923346985,0.051906510123223226,0.025190918829261427,0.027652377167737073,0.030320566692999484,0.024565219024168746,0.12404277836151463,0.34323353010754354,1.1458224850690908,1.6696233380246717,-0.01364940046304286,0
2022-11-16,287.39,289.4838,284.6,285.44,48859800,-0.01364940046304286,0.0840042533799179,-0.006911088842047053,-0.002641546352848967,0.035478487992454566,0.03522499569321158,0.03796683319581806,0.02333628614370231,0.006531374787691916,-0.0023888950709205358,56.10492607345282,77.12112346401406,0.07437518819632638,0.017109725336322698,0.02777086002562459,0.027922235458796837,0.024818491847533337,0.12715391343189175,-0.33960186993725927,0.7592008692901074,1.9797540364393171,-0.002207118834080757,0
2022-11-17,280.88,286.3189,280.72,284.81,55462080,-0.002207118834080757,0.007285587975243146,-0.01597533632286996,-0.006273376877128367,0.024157473066467317,0.03000768500519868,0.036510103521540715,0.017777297474664167,0.0077076467687421605,-0.0003738140935843376,55.59059502105138,75.27794031597429,0.0933625091174326,0.019658368737052623,0.026819308110168673,0.026559725714779707,0.02477728085688897,0.12793337100577082,0.1351270369506219,0.8652469722561927,-0.30722271304004456,3.511112671605865e-05,1
2022-11-18,287.89,287.99,282.3211,284.82,53588630,3.511112671605865e-05,-0.010904292262814197,0.010814227028545398,-0.004056227708231441,0.01682934317722573,0.02829601148086991,0.03248400169685839,0.015031373224426936,0.008532573055738329,0.0014074738359387473,55.59755315504671,75.30719719133998,0.07609188453982152,0.019903447791587696,0.02692843600469468,0.026587306105280706,0.024315378976141853,0.13041238182568454,-0.033778935085016615,0.8521787893589965,-0.5545400619487495,-0.01028719893265928,0
2022-11-21,283.4,284.58,281.04,281.89,40083530,-0.01028719893265928,-0.0124369394618834,-0.00498560494347311,-0.011848424299786164,0.0012573880427368955,0.01708613787616664,0.029281501833814616,0.003880719827040302,0.008347094512881572,0.002807101538929712,52.978353561701375,66.73493270918665,0.05343996412422003,0.012558090035119953,0.02630879319694104,0.027137553688536525,0.024364433993088696,0.13122581625749496,-0.25201427989482095,0.6497546492553807,-0.3094243420853071,0.014402781226719563,1
2022-11-22,282.64,286.11,280.46,285.95,41873440,0.014402781226719563,-0.011887072808320909,0.002660612295576348,0.00480705034049933,0.009792461958421761,0.031411242544857165,0.02647691633467586,0.015474289089324023,0.009055680414051194,0.004024932488640339,56.06685831148495,78.6132241076653,0.060881501817911854,0.019758699073264677,0.02419918567182075,0.027281349849588417,0.02413518482908611,0.1323250676949287,0.04465450023987416,0.6883320009332075,-1.0202162460705386,0.010036719706242314,1
2022-11-23,285.97,289.46,285.79,288.82,46389970,0.010036719706242314,0.01184136771300448,6.994229760470816e-05,0.012486941645808436,0.01082501828668625,0.039721224251762166,0.026898403807247284,0.021632236850283926,0.010297788848372121,0.005247507205660035,58.159008949497604,87.00994733762435,0.09684034634665051,0.012706876255106846,0.023486353339202858,0.025260807009992628,0.023610275030259132,0.13723878402554654,0.10786145107734169,0.7737104913400867,0.9752925102670561,-0.006578491794197006,0
2022-11-25,287.19,287.91,286.42,286.92,15498800,-0.006578491794197006,0.007408447737087931,-0.005643653486600675,0.004340520862503583,0.002711921270409423,0.030275935990175418,0.02582332843187407,0.012588491399323942,0.01077017049142001,0.006379839287573647,56.24927015920215,79.02745616936828,0.014748010610079687,0.005193085180538161,0.022364770667781936,0.01170355745417831,0.023221754742984057,0.1388376434128889,-0.6659019180223655,0.267938054529391,2.184769298273649,-0.014673079604070938,0
2022-11-28,284.9,286.96,281.76,282.71,38877050,-0.014673079604070938,-0.007408187627273466,-0.007040289976300129,-0.00893226482692866,-0.010184896663037346,0.014887117097388991,0.024034060517728495,-0.0019208476547920572,0.0099394461001262,0.007167765385397902,52.162078191433,65.1008931524975,-0.018231698847062106,0.018393406671147073,0.02285699126313181,0.011055591890505572,0.02256274265602182,0.13920059779297683,1.5083909722042996,0.6861947482508935,-0.16954562701237214,-0.0075695942838951424,0
2022-11-29,282.94,283.35,279.17,280.57,35618880,-0.0075695942838951424,-0.004682677640214239,0.0008135545258391996,-0.015523133820361301,-0.015999607199472354,0.006731397159608576,0.022605438222566665,-0.00802977689770723,0.008510242728795435,0.0074799975840906,50.16663452255637,58.021832616606055,-0.0170613789237668,0.014898242862743724,0.022229390170011017,0.010978893311984641,0.022465965876954805,0.1392640354137834,-0.08380702753938374,0.6354857668032529,-0.048562158227388665,0.0455857718216488,1
2022-11-30,280.84,293.47,279.97,293.36,74718090,0.0455857718216488,0.025913621262458664,0.0009623266920910645,0.024029936190117285,0.027426285946436257,0.049188770647320634,0.02456845602659463,0.03128939711529122,0.010396649772206536,0.007802435823457667,60.01243444117878,99.43934760448515,0.013718511351463514,0.046018543768748296,0.02296218200942767,0.01818525290315507,0.024418613994006265,0.1458327429946152,1.0977102592782253,1.29964945008351,0.7369237043243246,0.0012271611671665905,1
2022-12-01,293.69,295.75,290.88,293.72,51547330,0.0012271611671665905,0.01696558410082427,0.0011248977365694302,0.02179116108204382,0.02571265937274103,0.04523528647709951,0.02294414581765314,0.027409222885609763,0.012129826354940434,0.008660263441135279,60.25049047942792,87.75633293124261,0.02900784753363239,0.016580416723410065,0.019320295324993634,0.017398868303473942,0.022762582288682408,0.1438478128392894,-0.3101091047696749,0.9192049896924233,0.838589310143362,-0.00398338553724642,0
2022-12-02,288.54,293.45,288.36,292.55,53583170,-0.00398338553724642,0.019622194339885768,-0.017635843660629202,0.013749991336950984,0.01887291863295859,0.0351666510386166,0.021126174978725043,0.01965895784622118,0.013093875219365092,0.0095746939033644,59.020712453499165,80.69963811821476,0.027176012078227618,0.01739873525893001,0.018887272016993393,0.01746683751072332,0.022127447479312702,0.12993000626354753,0.039494577119707275,0.9697367113368572,-0.03565400190261618,-0.016783455819518123,0
2022-12-05,290.38,291.68,286.15,287.64,41482120,-0.016783455819518123,0.01743836440168378,-0.00741753546402335,-0.0066581942756105406,0.000789804219015755,0.013675313073218565,0.020469799249011933,0.0021530894550507718,0.012533462643702198,0.01029719927725735,54.0361099381789,51.085645355850296,0.00990099009900991,0.019225420664719894,0.019613206984921604,0.01854140418837336,0.0225590178972021,0.11563515549489911,-0.22583676926915675,0.7766176640598197,-0.08598476456023922,-0.020720344875538754,0
2022-12-06,287.48,287.62,280.255,281.68,53937610,-0.020720344875538754,0.003956231956374623,-0.0005562508691419055,-0.02798578280824049,-0.01987529228370999,-0.00978682715563306,0.018722931548456057,-0.015793727036402028,0.010337741989709336,0.01047960860842271,48.6635716826062,15.138721351025291,-0.0007449714427613108,0.026146691280886144,0.019917890615490704,0.019523246132268485,0.02317749622194169,0.1025972159053618,0.3002616549009549,1.0036021872128866,-0.4130057538041428,-0.00408264697529126,0
2022-12-07,280.47,282.57,278.7801,280.53,45614250,-0.00408264697529126,-0.043734660485410526,-0.004295654643567071,-0.02330585187867329,-0.022032421126024215,-0.015730833802609312,0.007755772972157793,-0.01681516247877579,0.007998842272993523,0.010017823287437999,47.67853010516625,10.311787341115556,-0.018954362650813183,0.013509785049727264,0.01972101277683567,0.018882565155254136,0.023201517276552768,0.09096465082987044,-0.15431458679759824,0.8628597547326928,-2.9059801804062064,0.011834741382383607,1
2022-12-08,281.91,284.84,279.79,283.85,42594910,0.011834741382383607,-0.033603431839847486,0.0049192599721956665,-0.004907975460122671,-0.008740959584847996,-0.007656271850090879,-0.0027618514893023027,-0.004386084687557967,0.0069043839976213675,0.009301398108173155,50.776304080511316,29.875838985497968,-0.017207949587978555,0.01779108684164155,0.019352223256750276,0.019015407257889458,0.02249851162937797,0.05629098364903267,-0.06619291120647608,0.8230792965873528,-3.2043531007656187,-0.006376607363043907,0
2022-12-09,282.81,285.64,281.59,282.04,47860490,-0.006376607363043907,-0.035925482823448984,-0.0036639069931302393,-0.003913147894387348,-0.013380441816941535,-0.013861670008688654,-0.009987605090129636,-0.009098253484028596,0.005568351613893185,0.008602542406185104,49.07055200433588,19.209895167325776,-0.017008225289279255,0.014359665295702777,0.019066419150272487,0.019009610366330462,0.015445150334567148,0.05676695530423502,0.12361993487015233,0.9731526484303875,-3.1599626730176564,0.012551411147354807,1
2022-12-12,282.22,285.64,281.16,285.58,35732520,0.012551411147354807,-0.007161729940203032,0.0006382073464756832,0.010058853488766895,-0.0019989376275545423,-0.001068609635675788,-0.011016648273522,0.0028238247606684475,0.005357439248412702,0.007868213279307716,52.43599767934959,40.07035987247999,0.010151745605037066,0.015687373065340574,0.01900515742398926,0.018870996269870103,0.015128619041768645,0.05643322513886811,-0.2534025456070341,0.750377296297353,-1.5301893179837422,0.010750052524686637,1
2022-12-13,296.65,296.875,285.91,288.65,80667680,0.010750052524686637,0.02474439079806867,0.03876321871279509,0.015908211030162267,0.005889322553666032,0.009103430916705735,-0.0066982233626758925,0.011487232236001566,0.005978504767741398,0.007423324298927661,55.20079751571524,54.54520334458867,0.028798517304059468,0.03798718170795072,0.02019992081363983,0.01881762930911202,0.015184109457211757,0.0570302221631626,1.2575424291373798,1.649686763184673,1.2975880090236518,-0.007413822968993511,0
2022-12-14,288.05,291.41,283.19,286.51,64984430,-0.007413822968993511,0.021316793212847074,-0.002078641953923266,0.004149639359889878,0.0008208890053271745,0.0021266028219459887,-0.002014676357632861,0.00337259946640156,0.005893886222427141,0.007161793708512427,52.89276636256936,42.71866658561245,-0.023350149986364976,0.028690098076856053,0.021485138888196368,0.011551628989089272,0.01495580073281658,0.05602201054576088,-0.19441801226959798,1.3413028149194968,0.8488483097945508,-0.033576489476807136,0
2022-12-15,282.33,283.01,275.67,276.89,60554120,-0.033576489476807136,-0.024519992954025183,-0.014589368608425524,-0.024808582276162894,-0.027063304660707277,-0.030070987075903388,-0.005396278827005441,-0.02577316673583918,0.0031528316410545875,0.006559059276098947,43.98878464774662,5.753360056590291,-0.057299468881928495,0.026508721875112773,0.0244088420878843,0.015076218601657922,0.016472174974726538,0.06282606717062184,-0.06817494590627327,1.2349551953864968,-0.9834194182151754,-0.009534472173065023,0
2022-12-16,276.2,277.77,272.61,274.25,68300350,-0.009534472173065023,-0.02762019571691965,-0.0024919643179601714,-0.028777233192622487,-0.03010305486592968,-0.037538625671836745,-0.009020991659838051,-0.02982866605997192,4.879912412140029e-05,0.005307518579125939,41.90401922115749,6.75870595507928,-0.06255340967356016,0.01881494986326333,0.024633389764292215,0.015104883239294842,0.01657245302339327,0.07215290769053224,0.1279224270784547,1.3749339373295237,-1.248048682451696,-0.016408386508659945,0
2022-12-19,273.87,273.96,268.49,269.75,44167920,-0.016408386508659945,-0.05543105259471948,-0.0013855970829534936,-0.03388130797607525,-0.03994333975150621,-0.0508210969306071,-0.01753385903241833,-0.038983890381609876,-0.003778398292294896,0.0035611677048783003,38.55023204478049,4.438964241676912,-0.062195800305937965,0.020278035217794144,0.025462703561498722,0.01507649539556968,0.016883788195284143,0.08673498510374733,-0.353328057616103,0.8976428966123776,-2.4686496723145406,-0.0007784986098238189,0
2022-12-20,268.56,271.32,266.95,269.54,51064200,-0.0007784986098238189,-0.06620474623246131,-0.004411492122335492,-0.0212354931950558,-0.036527868629784854,-0.049494755364973386,-0.028872381429284277,-0.033826185203818415,-0.006801891639125817,0.0014907754553340603,38.39579377258779,8.654970760234022,-0.04309855154785569,0.016212807004526247,0.02306307571629971,0.01425320962858899,0.01678894822152243,0.09833004858139892,0.15613775790211548,1.026346629227592,-5.0,0.014506195740891847,1
2022-12-21,270.6,274.78,269.74,273.45,46394690,0.014506195740891847,-0.04558305120240136,0.0039326259553313925,0.0024708918673197466,-0.02007159981508777,-0.03357654430722001,-0.03595858639585392,-0.01681412804390503,-0.007820272838711034,-0.0003884872136204511,42.97641714535194,21.720969089390135,-0.02523794246604638,0.01843115743280294,0.022829950630828277,0.015447352122211384,0.01679431485365822,0.10319145874061023,-0.09144390786500134,0.928275711193099,-3.2847356386364335,-0.024465167306637392,0
2022-12-22,270.38,270.5149,262.455,266.76,60278380,-0.024465167306637392,-0.036584925421647596,-0.011226915341012944,-0.01473684210526316,-0.038155057654448266,-0.05353072140075743,-0.03937412962683706,-0.034799356888195465,-0.010821619795304509,-0.0024829079403609843,37.797789719215636,12.5072632190587,-0.06020785626211034,0.030214050082471237,0.02491134352976455,0.015975065791620915,0.01724797018494261,0.11352376352801948,0.2992517031582709,1.1895362320954124,-3.282985241531317,0.0022492127755286973,1
2022-12-23,265.47,268.04,263.53,267.36,39373580,0.0022492127755286973,-0.02512306289881494,-0.004835807467386322,-0.007469224715263678,-0.030861915222166525,-0.04809885017775162,-0.04093538102214733,-0.027747947004144957,-0.012688159208625056,-0.004519500549596634,38.51339704222856,14.2504357931436,-0.05204935470146077,0.016868641532016934,0.02435050119688806,0.01618839895270521,0.017286693005246906,0.1214050225220054,-0.3468042770890658,0.7591172279004257,-1.4452624654875355,-0.014138240574506411,0
2022-12-27,266.74,266.85,263.03,263.58,38009010,-0.014138240574506411,-0.02287303058387402,-0.0023189706762417606,-0.016998709619673646,-0.0368832991076975,-0.058350273120576834,-0.04206664213523481,-0.03533577860442738,-0.01537012369522799,-0.00674147649392884,35.724929627105894,3.268448576409063,-0.07703620701729819,0.014492753623188597,0.023871825306494086,0.01509776943704251,0.01726871284166084,0.13349091400526433,-0.03465699588404203,0.7334222216879371,-1.3521469432654476,-0.013202822672433223,0
2022-12-28,263.17,265.47,259.73,260.1,47139040,-0.013202822672433223,-0.035022631149365546,-0.0015555049700279877,-0.02309859154929572,-0.03957994084610017,-0.06737256153422766,-0.04532081702609814,-0.04097943804656523,-0.018450472840020056,-0.009155433666104015,33.332219398194724,0.9960963790550672,-0.09890871297419002,0.022068435217224177,0.024726753446476617,0.013643546581687012,0.017386588296226826,0.14822106613225738,0.24020699302612725,0.8995966608482723,-1.2902146978282807,0.024375240292195288,1
2022-12-29,262.96,267.405,262.25,266.44,45893570,0.024375240292195288,-0.02563539952459315,0.010995770857362475,0.006010994985803153,-0.008824010832849782,-0.04000634134829317,-0.04574237912255186,-0.014935362480369974,-0.01810665514524885,-0.010771393471787061,41.075253065003785,18.06434244178216,-0.07004991099787095,0.019347695541209926,0.024742906470499912,0.01753344440491974,0.014659007689354202,0.14557543893091193,-0.026421199922611938,0.900598488370109,-1.3038785041178866,-0.0006005104338688838,0
2022-12-30,263.62,266.41,262.29,266.28,37858280,-0.0006005104338688838,-0.001799370220422869,-0.010583996396937412,0.0057714389315282055,-0.005493910386889289,-0.03581651256556184,-0.04134930649976565,-0.013169608561787283,-0.01803364387343849,-0.012229021328759937,40.94600558045213,17.633598061650176,-0.03831846581675036,0.01547243503079467,0.02478459838193951,0.014903829337779237,0.014625782213512883,0.13963938473957355,-0.1750853115153168,0.7530312176451386,-0.9060006103513515,-0.006759801712482916,0
2023-01-03,268.65,270.155,262.13,264.48,42335330,-0.006759801712482916,-0.010771992818671472,0.008900405588102789,0.0011507479861909697,-0.008599038886847987,-0.03744249694287527,-0.038548884877423584,-0.01683941929370425,-0.018426206608049344,-0.013535041077877853,39.44237177944345,12.787723785166246,-0.03562443026435724,0.030342558983665974,0.02591068187710654,0.014810739798643412,0.014630899575425018,0.13338651031773646,0.11825814590625883,0.8516097602267004,-2.8273714095892055,0.0047640653357532425,1
2023-01-04,266.64,267.45,262.53,265.74,47754860,0.0047640653357532425,0.008194855451855387,0.008166969147005432,0.004278026363526477,-0.0023763669741300175,-0.028987148896675974,-0.03312347217299472,-0.01030475993815172,-0.017962014399816813,-0.01436909487748616,41.07363086660118,18.970959595959563,-0.014865616311399377,0.018514337322194686,0.02407428313389025,0.014267315164099521,0.014504811901165982,0.12929994578350162,0.12801435585833398,0.9546053682221846,-0.762151673799404,-0.015654399036652444,0
2023-01-05,264.04,264.21,261.26,261.58,45396740,-0.015654399036652444,0.005690119184928788,-0.006397230375555063,-0.012547941895932113,-0.0150502490803045,-0.04066483782475394,-0.028474188390276822,-0.021915927154199655,-0.01900843559370548,-0.01547977649176097,37.48356478822224,7.946735395188866,-0.029531794909846587,0.011277620613196685,0.023435878671370664,0.014953740491234702,0.014236475634017323,0.13245141526498205,-0.04937968617225552,0.9152805211142808,-0.7284733111541671,0.027601498585518858,1
2023-01-06,263.35,269.94,260.34,268.8,54659740,0.027601498585518858,0.008857528899564704,0.006766572367918222,0.012902447847582321,0.01391110172304555,-0.01206072445204831,-0.024645189033432935,0.004295661492788705,-0.016724408419196583,-0.015396071965728704,46.26256100562179,50.27716186252778,-0.017004936917169422,0.035714285714285796,0.022476881377551015,0.01707028948475924,0.015851033679802645,0.13041433139491365,0.20404548872892625,1.0920810520598672,-0.5082290976577483,0.006473214285714235,1
2023-01-09,270.83,275.29,269.92,270.54,45568680,0.006473214285714235,0.015998197386210222,0.007552083333333126,0.01619664347852212,0.01902143206900475,-0.0032275179060924364,-0.019114569516903934,0.009120505021545267,-0.01453389244788248,-0.015144419191544044,48.15219530185193,69.47300771208226,0.014170040485830038,0.01984919050787316,0.022683469040754474,0.015158970326704161,0.015648540692994636,0.12423407491804624,-0.166320952130398,0.9077484068847809,1.2780501991066768,0.00846455237672794,1
2023-01-10,269.49,272.94,268.97,272.83,35247760,0.00846455237672794,0.03157138535995152,-0.003881126635617682,0.018409991862574415,0.025534042257280065,0.006918110169382041,-0.011284140753739846,0.014904488342266653,-0.01195985218084788,-0.014405813981469805,50.613578726500926,84.19023136246763,0.02045930580490718,0.014551185720045342,0.02202444222200114,0.015319183621727673,0.015795347061002322,0.11902212022746632,-0.22649152883076706,0.7110841193548134,3.014382154259644,0.017300150276729154,1
2023-01-11,273.92,277.66,273.12,277.55,44077040,0.017300150276729154,0.04444193572665012,0.003995161822380355,0.026974025012950653,0.037826155238301684,0.025858054214685566,-0.0010866592251453921,0.027331758445341636,-0.008377435932004358,-0.013004150788820345,55.32159307829261,99.38650306748458,0.053000986417786056,0.01635741307872463,0.021768278559847653,0.014827128705732651,0.016051924479284406,0.1105036557046828,0.25049194615487624,0.8817829375946635,2.981918289738749,0.005404431633939888,1
2023-01-12,278.12,280.1,273.74,279.05,60599950,0.005404431633939888,0.06678645156357521,0.0020536840208971174,0.019345836042578446,0.03609340249286186,0.033235335500640506,0.013625895125039866,0.027684781719611307,-0.005175486915194209,-0.011382496204575016,56.7332162484018,94.84536082474222,0.07285659361783914,0.022791614406020476,0.02193795274784347,0.01334381216761878,0.01588430585329307,0.09619776599037645,0.37486432845762785,1.2371658356944217,5.0,0.0068804873678551814,1
2023-01-13,276.5,281.219,276.16,280.97,44802940,0.0068804873678551814,0.04527529761904758,-0.009138147285432718,0.017314293162628447,0.03762436203292685,0.041412617634740245,0.023688180372650303,0.02925230162085035,-0.002079956997030062,-0.009459762808130526,58.53895929403585,98.84126762529682,0.05453385377570941,0.018005481012207596,0.020278982504487023,0.011901506385051283,0.01592903320152259,0.08662282514122033,-0.2606769477532572,0.9339041642492886,5.0,0.0020286863366194563,1
2023-01-17,280.77,282.85,279.581,281.54,36269740,0.0020286863366194563,0.040659421896946935,-0.0007118197672351112,0.011322327111800812,0.0339027865505237,0.04262682410625529,0.0309540253935221,0.026391493262843735,0.0005021239982703805,-0.007452063816387506,59.084897256295704,94.33391003460206,0.057308096740273484,0.011611138736946811,0.019923076142441067,0.011782979581433019,0.013945722407201282,0.09213934059834557,-0.19046071530127262,0.7756642006484659,5.0,-0.012999928962136864,0
2023-01-18,283.11,284.69,277.67,277.88,47754550,-0.012999928962136864,0.018509694681669853,0.005576472259714471,-0.005433109757407073,0.01546512307782244,0.028381524068228137,0.03399935605878368,0.011018898823341061,0.0014985501476430798,-0.005740462841828053,54.154014613378095,72.71634615384612,0.05066545674531153,0.02526270332517627,0.020876945855353792,0.012646799438783428,0.014103162762963837,0.09474190758423909,0.31664991257174724,1.0442192935846217,2.954874220260345,-0.009824384626457516,0
2023-01-19,276.22,277.375,273.89,275.15,44150440,-0.009824384626457516,-0.008647090614303798,-0.005973801640996035,-0.013509346833119551,0.0020430534362263497,0.017261840942617068,0.0311925791460399,0.0009189897491814758,0.0014878726927684185,-0.004340360593518799,50.75176937880912,60.82135523613958,0.03541055166704288,0.012665818644375845,0.020629786350302423,0.013493475371993892,0.013754039415762078,0.09601912545499774,-0.07547155192541866,0.9654288934703239,1.065334084661022,0.027366890786843623,1
2023-01-20,276.79,283.02,275.71,282.68,60613610,0.027366890786843623,0.013008421429851369,0.005960385244412336,0.010856660611348934,0.021615546134969854,0.04256872883918872,0.031371478730387814,0.023851600609855916,0.0035372135726928627,-0.00267235130642279,58.49695650109927,91.74537987679676,0.08066365930116981,0.02585962926277063,0.020223018456002752,0.01354218639853208,0.014942291397655131,0.10378178892778628,0.3728880165180686,1.3117303071714772,1.0655641768819453,0.02221593321069748,1
2023-01-23,283.54,290.21,282.73,288.96,52799910,0.02221593321069748,0.02843719970103553,0.0030423093250318,0.02744255836610443,0.03675797858027008,0.06269089250809534,0.03430686597024435,0.039147940557294536,0.006755691717484032,-0.0007402798937667436,63.633719389206945,95.81519919651825,0.07499999999999996,0.025885935769656566,0.02061901795601962,0.012754458490628232,0.015362196363248854,0.11886552861738255,-0.12890999232680578,1.1347703856447433,1.195800499403427,-0.0020418050941305443,0
2023-01-24,287.31,289.55,286.78,288.37,44875150,-0.0020418050941305443,0.024259430276337257,-0.005710132890365371,0.02038866557209995,0.028064371225463347,0.056323582203271716,0.03521689121372629,0.031152409393660374,0.009116267499416224,0.0012298179050492797,62.84672922370405,93.83997321727493,0.06590522658386933,0.00960571488018878,0.019359552955280683,0.013097705828226103,0.014021677160205656,0.1285050542736753,-0.15009040735107315,0.9806847597792574,-0.46697066584341107,-0.002219370947047161,0
2023-01-25,283.77,288.36,281.18,287.73,50872020,-0.002219370947047161,0.035446955520368695,-0.015951728681901756,0.011076049448657255,0.020362568619941568,0.050061584781716295,0.03855845992427365,0.024315325109770303,0.010697701478995953,0.003125583014400827,61.95167835373456,91.69735520589234,0.054612762526115244,0.024953949883571427,0.019966138890130145,0.013351089889570214,0.014086414698928478,0.13504739886047767,0.13363453938315528,1.0979434115629936,-0.522758119629406,0.019497445521843293,1
2023-01-26,291.22,293.52,288.519,293.34,51596340,0.019497445521843293,0.06610939487552248,0.012129426893268125,0.017778332916978723,0.03446451808567286,0.06475305852439472,0.04615418120838255,0.03721990199691594,0.013098875899510634,0.005072421258128212,66.46073920120394,99.45750452079564,0.05689065033327312,0.017048476170996033,0.019903281418928793,0.013584538493160327,0.013841356824680864,0.1431327663856492,0.014238082152035592,1.0974842653250487,1.3281078174575005,0.009954319220017771,1
2023-01-27,292.0,298.26,291.88,296.26,56441940,0.009954319220017771,0.04804018678364219,-0.004568077998227227,0.018313557807322578,0.03845938139704441,0.06834085504050558,0.04912759616095452,0.03993801817286524,0.015629647657374436,0.007143870669284459,68.54992448380781,93.17173096620006,0.06167353520874386,0.02153513805441165,0.01893076544733872,0.013652139645917388,0.013149879613389355,0.14706062131012196,0.093913638060374,1.1887912172832085,1.2684086886328978,-0.02021872679403225,0
2023-01-30,292.93,294.38,289.89,290.27,49405830,-0.02021872679403225,0.004533499446290223,-0.0112401269155471,-0.0031731423037564266,0.0141570411364762,0.042262118491920964,0.045579892280071865,0.015955864800263564,0.016251169292662657,0.009083266895311293,60.25780698383387,72.72106520996921,0.033099619176424344,0.015468357046887413,0.019291890801175254,0.01596972688780724,0.01374644872225341,0.14722571978962606,-0.12466102334540596,1.0367605224677423,-0.7329383539591094,0.01498604747304233,1
2023-01-31,290.31,294.72,290.2,294.62,46705110,0.01498604747304233,0.021673544404757772,0.0001378027353844402,0.007440740791399447,0.024672551351877736,0.05252628457721409,0.04475255164923886,0.026257984763927933,0.01723736944903985,0.010606797443407886,63.69260118044014,85.52108194112972,0.04645876252042336,0.015341796212069915,0.019140393921467855,0.016368943014724947,0.013890202671077921,0.1490395918309236,-0.05466399410757794,0.9710732099943313,1.0678628180146876,0.021383477021247765,1
2023-02-01,294.41,303.43,292.3,300.92,67562170,0.021383477021247765,0.045841587599485534,-0.0007127825673748367,0.019784331135074495,0.038263809819549355,0.06808074139540521,0.047359435505911485,0.040486866468169236,0.01929480168841672,0.01216674888687072,68.00542059148337,91.54597507578313,0.08291348783647634,0.03698657450485177,0.02023508858548071,0.015847396593177233,0.014043690979560104,0.15288499971311767,0.4465691227362487,1.3688266351654856,3.181679833149431,0.03588993752492353,1
2023-02-02,307.57,313.68,306.73,311.72,83070630,0.03588993752492353,0.06265766687120755,0.02209889671673526,0.04338628589025251,0.06212540930262689,0.09745879072518471,0.051824051711390595,0.06507682946879156,0.023006904078673375,0.013997551930933282,73.75982906663222,95.0741392309626,0.13290932218789764,0.022295649942255833,0.021000531612619375,0.016671213559635197,0.015484037062637472,0.16912735024434536,0.22954354485653727,1.6249006120265852,3.370443155494679,-0.01777235981008607,0
2023-02-03,304.94,312.39,304.54,306.18,76170800,-0.01777235981008607,0.03348410180247097,-0.021750288720646882,0.018081943991860028,0.034961820191524495,0.06955719814998518,0.050561012757276425,0.0387729483675876,0.02520706147183554,0.016442070437708994,67.09365813375011,81.15104297562202,0.08313287109098622,0.02563851329283417,0.02203162472121907,0.018285933397206716,0.01566145009946489,0.1642963886618648,-0.08305980103918797,1.4464032016881931,1.1111497178169802,-0.008459076360311069,0
2023-02-06,303.51,305.91,302.22,303.59,40802350,-0.008459076360311069,0.04588831088297107,-0.008720360572212482,0.0006064481256138343,0.021157080390178162,0.054104493806584664,0.053465621554994014,0.02525616295829325,0.025861387394883792,0.018438150865103416,64.17362487518778,74.64186981653675,0.050629844961240345,0.012154550545143115,0.022382160150202564,0.018240268505982805,0.015361160159341384,0.16125220623970626,-0.46433081968418344,0.78512337695674,1.2784271733867716,0.020718732501070702,1
2023-02-07,303.46,311.03,302.32,309.88,67583980,0.020718732501070702,0.05179553322924435,-0.0004282090977963948,0.011166293586723164,0.034827066865697365,0.06864569125905895,0.05684465358160806,0.03906515126172749,0.027004119932396695,0.019851935955336304,67.83485785867549,90.44986177431512,0.07459167042341441,0.028107654575964824,0.022317394751885506,0.018665185314011484,0.015700268682880537,0.16312953064343833,0.6563746941046287,1.2734847577957862,1.510242715227155,-0.017781076545759666,0
2023-02-08,308.54,309.5,303.67,304.37,56720860,-0.017781076545759666,0.01146484115379498,-0.004324254550148399,-0.009044499720004762,0.010809823489364545,0.043966503345034935,0.053494837104250736,0.01736683459145505,0.027065786375326986,0.02158220918909008,61.87012337499764,75.48064261258891,0.05783199527334659,0.01915431875677624,0.023242388258651336,0.02014418663783001,0.016634134443032057,0.15802667726633632,-0.16073513279330398,1.0475972045388493,-0.35516414406202806,-0.008837927522423406,0
2023-02-09,308.84,308.99,300.2,301.68,49137820,-0.008837927522423406,-0.03220839214679849,0.014686072871833433,-0.01133905748181152,-0.0008908789232616732,0.030475682987313846,0.042294318174054935,0.007077774154917504,0.02594695012710594,0.022609111613549927,59.13625633539043,63.07692307692308,0.028431172018817952,0.029136833731105875,0.023667462211614938,0.019998833380225598,0.016694474671983883,0.15350161398282183,-0.13369049764055063,0.9033217703384686,-2.6728546562255,-0.0065632458233890745,0
2023-02-10,299.48,301.57,297.25,299.7,50050100,-0.0065632458233890745,-0.021164021164021274,-0.007292495359321083,-0.013638577691183706,-0.008577770573582666,0.020114673551391293,0.03421996286469464,0.000396035077705692,0.02422099909959125,0.023050984715682662,57.13502888269476,56.98461538461533,0.011611422399243843,0.014414414414414392,0.023084989751656407,0.02004145346406278,0.01686672027760661,0.14773710592099157,0.018565740197672653,0.9291022257207301,-2.4428592341341466,0.0160160160160161,1
2023-02-13,301.13,305.1,299.93,304.5,39636720,0.0160160160160161,0.0029974636845746527,0.0047714381047714305,0.00155907718418824,0.0025813589010785787,0.032318869568460196,0.030711910145880816,0.013857484515029661,0.023361897436896394,0.02282247503888035,60.61469495089139,71.75384615384613,0.04902332311296376,0.01697865353037772,0.023338024865118448,0.01895797315857546,0.017079455567881905,0.14458142753177672,-0.2080591247569935,0.7393392664250353,-0.9251734165248227,0.00738916256157629,1
2023-02-14,302.89,307.72,300.91,306.75,64079060,0.00738916256157629,-0.010100684135794458,-0.005287356321839076,0.011041529334212319,0.005971881979083715,0.035521685191280516,0.024212809411685354,0.01800543595991999,0.02314017994330022,0.022752094405844244,62.165128852677206,72.45737450816738,0.04117167877265637,0.02220048899755502,0.023078356036791235,0.018661371459214437,0.017086192766546486,0.1415047187478473,0.6166589970108525,1.1650426903593911,-1.0051629938246212,0.007660961695191704,1
2023-02-15,304.9,309.27,304.2,309.1,43427300,0.007660961695191704,0.015540296349837446,-0.006030969845150835,0.01562037943656236,0.010966583482421965,0.03798501285308209,0.022020662315703987,0.021748100929180003,0.023269880447781457,0.022717269415969032,63.769353391000045,80.74821353509887,0.027183304532766295,0.016402458751213177,0.022736516152886254,0.01773900846536191,0.016594082680339635,0.13314741285840928,-0.3222856265369686,0.7926844060010688,0.9733886518546184,-0.01876415399547071,0
2023-02-16,304.38,308.43,303.15,303.3,59498630,-0.01876415399547071,0.005369928400954738,-0.01527013911355557,-0.004496668526602354,-0.0052639346681754295,0.01371676091926366,0.018295699140362665,0.0021787123292975608,0.02216316684114373,0.022953986421907685,57.310547030403,56.36822194199249,-0.02701142050558203,0.01740850642927804,0.023070039093777975,0.014553609303155518,0.017139141345563887,0.11248876023128403,0.37007435415049983,1.0710339287690054,0.7322857320613385,-0.007055720408836064,0
2023-02-17,301.07,301.93,298.1,301.16,58230730,-0.007055720408836064,0.004871538204871628,-0.007352456313880706,-0.0124671270518949,-0.01065364007582037,0.0034652805544450604,0.016133546581367453,-0.00414282474308636,0.02027507915313425,0.022548691170684233,55.093322483450535,46.678023850085296,-0.016395584296818755,0.01271749236286354,0.022956473066049372,0.01368404771835662,0.016493251812995793,0.0995091675019773,-0.021309734358589405,1.0504634189449686,0.5552431200467667,-0.02367512285828144,0
2023-02-21,297.26,298.73,293.89,294.03,46526710,-0.02367512285828144,-0.0343842364532021,-0.012949926949130108,-0.029181029359324984,-0.031033425935995562,-0.021118707209524135,0.008304660697431743,-0.023555726618460393,0.016954142485632394,0.021867212085095775,48.377774589887665,8.091674462113946,-0.03148983826871765,0.016460905349794348,0.024181205999387823,0.015287521320823318,0.016910069344733904,0.09516874483944872,-0.20099387385320433,0.8441029150868666,-1.044105139919451,0.0007482229704451893,1
2023-02-22,294.62,296.3599,292.56,294.25,51389240,0.0007482229704451893,-0.04074979625101871,0.002006597966194068,-0.020368348159590877,-0.025287858912695027,-0.021344175875343874,-0.0009961169730681174,-0.019381630062924704,0.013823204118617077,0.020245331037842592,48.58602291672797,8.001893939393927,-0.05043887956628368,0.012913848768054306,0.022383760165068576,0.01295890649487335,0.016895109949189677,0.08961251566037186,0.10451050590080402,0.9268437822372226,-1.3401557578780714,0.008734069668649092,1
2023-02-23,297.97,298.13,292.55,296.82,69294440,0.008734069668649092,-0.03972824328696223,0.01264231096006796,-0.0036655119632642563,-0.014309481982804795,-0.0142865682348019,-0.010660131109650028,-0.009167968217238531,0.01181612372597606,0.018419255087854556,51.06927916846866,21.522177419354776,-0.024805335611262636,0.01879927228623403,0.020462112680123594,0.012784272762596966,0.016957732051344186,0.08093714471902366,0.3484231329359999,1.2293541959238299,-0.7645895316466025,-0.016744154706556102,0
2023-02-24,291.76,292.97,290.05,291.85,74331960,-0.016744154706556102,-0.0377514012528849,-0.01704736877568902,-0.012759537517505248,-0.02763988192413025,-0.030551657130519216,-0.018022072928690847,-0.021882466729829186,0.009018023532058324,0.01678994233238936,46.40179290877109,8.579599618684531,-0.03258419517369393,0.010005139626520526,0.020546244401478255,0.013451335466964677,0.01689122145357695,0.08239623547193432,0.07269731886136888,1.2926551248285338,-0.9741655254701322,0.007161212951858786,1
2023-02-27,295.07,296.49,293.34,293.94,48995010,0.007161212951858786,-0.023973967326338275,0.011033064930614955,-0.0008090339862260043,-0.0187936041659712,-0.02323286196360308,-0.022441984305398455,-0.012617923422513444,0.007085880437218872,0.014753624804073932,48.532062960784366,18.54146806482361,-0.019219219219219208,0.010716472749540839,0.0205653972142031,0.0137693305461742,0.016814922232942245,0.08395527380210832,-0.3408621271388512,0.8575910378560421,0.8401676810169956,-0.001292780839627139,0
2023-02-28,293.3,296.124,292.96,293.56,48243140,-0.001292780839627139,-0.0015984763459510054,-0.00217731509831931,-0.0017818038383591306,-0.01647033597341163,-0.02502856231899464,-0.023288253580253437,-0.011781978417855998,0.005445491446021658,0.012907276446744846,48.15728984314856,18.046272493573227,-0.035927750410508996,0.010778035154653373,0.01924257392015263,0.012280990505748234,0.016152018076248446,0.08052747439727585,-0.01534584848538656,0.8452907142974037,0.8058679067942969,-0.008039242403597213,0
2023-03-01,293.26,293.93,290.2,291.2,58286970,-0.008039242403597213,-0.010365335598980452,-0.0010219375936776354,-0.0077485569420120415,-0.01926775135473746,-0.03231702251391555,-0.024760322339453245,-0.016742466898887254,0.0034776941404681414,0.01110504452508928,45.792217426308966,5.983350676378663,-0.05069274653626732,0.012809065934065998,0.018790203100470988,0.011704914006217064,0.015897777956330968,0.08370959180352958,0.20819187971595543,1.011015051690116,-1.0458348999864684,0.008276098901099038,1
2023-03-02,288.66,294.43,288.37,293.61,53738560,0.008276098901099038,-0.010814635132403438,-0.00872252747252733,0.0026568134630096107,-0.005965358937204623,-0.02312187769809304,-0.025710383468165232,-0.007290746626142819,0.0025012649881040903,0.009311366967052372,48.56994176434687,25.0717703349283,-0.050113231963765825,0.020639623991008486,0.017971823653339974,0.011780954302402943,0.015204795680025628,0.08659244199329462,-0.0780347648882761,0.9434313896548817,-1.3774629962576292,0.02067368277647219,1
2023-03-03,295.39,299.92,294.87,299.68,60511540,0.02067368277647219,0.026828850436868112,0.006062463812540386,0.017941697973491655,0.015829971865360504,-0.0009251310602333973,-0.018534292358083904,0.01117373836505764,0.003310851824235856,0.007960383005520549,54.84591242324252,54.114832535885235,-0.011935377514012524,0.016851308061932767,0.018055902486461772,0.013201048029065528,0.013545629265100766,0.07938518100132276,0.1260357553309952,1.0837992064735573,1.0511528820178517,0.0011345435130805104,1
2023-03-06,300.94,304.0,299.82,300.02,56736290,0.0011345435130805104,0.020684493434034,0.0042044847837692245,0.014904571502026398,0.017375617166729862,0.001236444579416851,-0.01346740108026212,0.01040570247762429,0.004033035450410249,0.007167696561702339,55.175864389793674,55.74162679425832,-0.003785363262053587,0.013932404506366266,0.01777831477901475,0.013045108346268954,0.013028020134984058,0.077032952832125,-0.062388926145326984,1.0341812415053038,1.161305363825214,-0.012265848943403768,0
2023-03-07,300.07,301.01,295.72,296.34,65955760,-0.012265848943403768,0.00946995503474568,0.00016665555629624684,0.0005739946652261185,0.004110094976061074,-0.009846735741946722,-0.010414752394858562,-0.001682483266389756,0.0036217798785124562,0.006529720954961277,50.845175498991914,38.133971291865926,0.007856341189674598,0.017851116960248242,0.017632714353204338,0.011132511148560058,0.013170758635929763,0.07668599973420791,0.16249687810041857,1.175289374364261,0.7916505661772117,0.004994263346156602,1
2023-03-08,296.77,298.43,294.88,297.82,50876270,0.004994263346156602,0.022733516483516514,0.0014510359721942034,0.0010958204199076338,0.007905673403636015,-0.00289268926356967,-0.003984143777370219,0.0027937456058559906,0.003599484503322256,0.0059177143952403016,52.46122409088877,47.10867397806574,0.012132540356839305,0.011919951648646872,0.01718053570229382,0.011209390362780486,0.012234189010039045,0.06926019747281072,-0.2286303728438578,0.9202818739900837,2.708424638006143,-0.01732590155127245,0
2023-03-09,298.33,300.98,291.8299,292.66,71456690,-0.01732590155127245,-0.0032355846190524895,0.0017124437579745244,-0.015620375104270168,-0.008160830723765389,-0.01824396969458053,-0.00266522642683531,-0.012365134025688507,0.002211287378032077,0.005259898974111074,46.69689296909043,27.447216890595147,-0.014015228084360731,0.03126529078111122,0.01826449024221183,0.012259606989946843,0.012203498716361139,0.06919806452147634,0.40451904198165467,1.2755534183085953,0.5025855335474594,-0.014043600082006447,0
2023-03-10,292.83,294.35,287.38,288.55,98593560,-0.014043600082006447,-0.037139615589962593,0.0005808788355086136,-0.02212296409762826,-0.020994917519966627,-0.029894903880420376,-0.007947767968209063,-0.022288878104173904,-7.255991246351583e-05,0.00425334324887336,42.674743350012925,7.039711191335834,-0.011307178345040247,0.024155259053890234,0.018962794266901017,0.011907332180447611,0.012413227555001384,0.07398119827549879,0.37976668104833844,1.685563593031596,-1.8682554030767313,0.007416392306359265,1
2023-03-13,286.73,294.47,285.19,290.69,97123600,0.007416392306359265,-0.03109792680487966,-0.0063073990642869004,-0.00860128507700908,-0.012645501387506752,-0.021217778960003986,-0.012725953436377946,-0.012753788849905412,-0.0012846008729227299,0.0031207046338709446,45.31586391463899,29.23976608187134,-0.011056678233653083,0.031924042794729886,0.019317092828393535,0.011927195442656515,0.012544484942443375,0.07640457795562812,-0.01490929022138976,1.5962039889519561,-1.1458957347215621,0.02297980666689603,1
2023-03-14,294.31,297.93,293.45,297.37,73602550,0.02297980666689603,0.0034757373287441773,0.012453128762599297,0.01346883967582091,0.008738305392918422,0.0024777925733643347,-0.010844977834712832,0.008391969733132498,-0.0003781480581529269,0.0023648522931209227,52.649424048108585,64.75279106858056,0.01297860743970558,0.015065406732353695,0.019709476890261785,0.01413681056617199,0.013137428028211601,0.07272688091777586,-0.24217646380488367,1.1767953807840816,0.6581363277824711,0.005245989844301802,1
2023-03-15,294.71,299.27,293.24,298.93,83631540,0.005245989844301802,0.0037270834732390234,-0.00894508524733506,0.018015256777005995,0.01137813084681305,0.009066850299077611,-0.008790051444080071,0.011552745574224588,0.0007283989273261036,0.0020276886207252986,54.194342095598294,73.04625199362046,0.026545329670329743,0.020171946609574058,0.019714147124744934,0.013772832398160099,0.01307310652100162,0.06589859622139706,0.1362587301662781,1.316565118566722,0.9932358946913199,0.026360686448332338,1
2023-03-16,298.0,307.18,297.19,306.81,98556820,0.026360686448332338,0.04834962072028959,-0.0031110962432676637,0.034877053327486696,0.03342349109257059,0.03606699096172439,0.0011498347851193191,0.032149255003182775,0.0035936211942516148,0.0022992123830266236,61.09879858757124,98.31741700773077,0.044957596812097655,0.03256086828982109,0.019957465532414214,0.01564515971431706,0.014347466251434866,0.06187406854893076,0.17846472754178633,1.4869991891323104,2.816349993478522,-0.004726051953978017,0
2023-03-17,306.72,309.15,303.37,305.36,89923730,-0.004726051953978017,0.05825680124761745,-0.0002933411557640708,0.018436991381840517,0.02657544838715098,0.030811946697273385,0.01215092874684598,0.022979273563523916,0.005460959510630738,0.0029402960447418103,59.32670335815727,84.18196994991666,0.018953550453817414,0.018928477862195352,0.020318897600958133,0.014767909028983076,0.013725177997402516,0.06440435908537955,-0.08759505430471481,1.3263037039735048,2.9693774864609703,0.0019976421273251166,1
2023-03-20,304.26,306.3,302.01,305.97,56359490,0.0019976421273251166,0.05256458770511552,-0.0036023054755044415,0.01017537835767679,0.02657272269753408,0.03203327115791321,0.021637720804255522,0.021091958465454752,0.006993756293427435,0.003746298535143595,59.85422555955914,86.7278797996663,0.019832011199253596,0.014020982449259797,0.02054125287726622,0.014764959964481359,0.013614219296650977,0.06932473911733551,-0.3732523105969915,0.832406473962578,2.7635037101243,0.014282445991436798,1
2023-03-21,307.94,310.8,306.395,310.34,49757050,0.014282445991436798,0.04361569761576467,0.006438539726116854,0.015902737313491455,0.03636667223242607,0.04390179909414593,0.02756077009369684,0.030022308512737572,0.00913240184327277,0.004781316903546315,63.50588669556994,98.20382663022242,0.04724303165283117,0.01419410968615077,0.020505183255231593,0.014281052713836635,0.01262034158632883,0.08017605494746995,-0.1171486825022725,0.7331422124353787,2.6225033520069596,-0.01359798930205569,0
2023-03-22,310.27,315.25,305.95,306.12,75791910,-0.01359798930205569,0.024052453751714387,-0.00022555906425203442,-0.002606542421477953,0.019448514719594856,0.027655246037021408,0.03034087323168233,0.013518754092070484,0.009829991908273324,0.005843781964162344,58.017723574937236,69.62741184298073,0.027869182727822128,0.030380243041944373,0.02154386235089881,0.015406976694785756,0.013138854553471968,0.08359623414458164,0.5232396213199939,1.0970288996939919,0.5259027670908153,0.011858094864758861,1
2023-03-23,309.92,314.15,307.01,309.75,74575980,0.011858094864758861,0.009582477754962238,0.01241343264079453,0.007290867229470477,0.02569961157525613,0.03758937588873423,0.030079205168015655,0.021523799894098916,0.010981603064415429,0.006816558959599798,61.12952404979785,81.7032601463739,0.05839540764026507,0.023050847457627074,0.021688020292862906,0.01384341260666246,0.013240538464502887,0.0905503352259408,-0.016043005117564624,1.0753190577153753,0.2161738915157195,0.003680387409200847,1
2023-03-24,309.32,310.99,306.95,310.89,57245800,0.003680387409200847,0.018109772072308017,-0.0013882163034705242,0.007374908461702745,0.021914845360146984,0.03809763907833719,0.030497812044523842,0.02131075528016435,0.012098038310835193,0.007852858362378787,62.08011928068512,85.49567531603456,0.07742159071218158,0.012994949982308922,0.02154416123295792,0.012041014005897835,0.012466106749163196,0.09483185714108885,-0.23238286644037398,0.8357281316640066,2.584169367421176,-0.006851297886712349,0
2023-03-27,311.6,312.7,307.89,308.76,50287410,-0.006851297886712349,0.009118541033434457,0.0022837659622376716,-0.001332591567153707,0.00892069404960294,0.02844066797347966,0.029812988077136504,0.012084770164349834,0.012404865331306128,0.008806598500332843,59.16855635080479,78.40984697272118,0.06216244108844471,0.01557844280347196,0.02158174171339738,0.012874995531552838,0.012626770054824541,0.09676700022189987,-0.12155284754514739,0.7334510717360114,0.901967167130141,-0.005311568856069426,0
2023-03-28,308.17,308.2,304.774,307.12,48585920,-0.005311568856069426,-0.010375716955597025,-0.0019108692835858587,-0.004563605248145919,0.00037458673311507873,0.02067301540879929,0.025352318631303827,0.005671003135016228,0.012078945985592804,0.009498689309029916,56.95370517663826,72.9540918163673,0.03278743652688565,0.01115524876269858,0.02179838964760169,0.011824857120946764,0.012722552206551128,0.09626049537601382,-0.03383530788322564,0.708457431941547,-0.6989441184164993,0.018233915082052743,1
2023-03-29,310.88,313.35,310.05,312.72,53274270,0.018233915082052743,0.02156017248137987,0.012242771555092347,0.009269060958921882,0.01406039223824851,0.035580701083366195,0.026069995744687935,0.02023997654556009,0.01285422049858448,0.010033718135504226,62.16215866580372,91.58349966733209,0.04613120128458181,0.010552570990023059,0.020741055439827513,0.012740886533295519,0.012949169399329932,0.09699402279051832,0.09649606305695158,0.7796702017907795,1.5181693181145093,0.009465336403172042,1
2023-03-30,315.24,316.32,312.8088,315.68,58354810,0.009465336403172042,0.019144471347861236,0.008058326937835814,0.014937273738562462,0.020722925848204232,0.04157661863738493,0.026247282061772514,0.025181546353147954,0.014106160200583367,0.010772940948720024,64.60031095763543,97.9441053646001,0.028910400573644912,0.011122655854029315,0.01978404894649192,0.010447335044696726,0.012974233607552767,0.10097732530573689,0.09536573659291814,0.8511488895584884,1.307227226654475,0.01663076533198171,1
2023-03-31,315.91,321.17,315.6,320.93,62138100,0.01663076533198171,0.03229438064910428,0.0007285859097820868,0.025197896767845673,0.03250028954920414,0.05519963569588504,0.02926433913162141,0.03550333928132554,0.016079950826506425,0.011693357812307018,68.47980944881445,99.14070891514498,0.05098899659418388,0.017355809678122933,0.018634682240452956,0.010888093013064457,0.012725123876925992,0.11276317387973586,0.06483253051462246,0.9052571825208491,1.3734908653156495,-0.0024304365437947117,0
2023-04-03,318.77,320.42,317.4201,320.15,47126840,-0.0024304365437947117,0.03688949345770176,-0.006730439659738963,0.015317772421666875,0.025313374710965064,0.04916302908752468,0.03333464417266363,0.027770817299929584,0.01747249923829217,0.012871977461786043,67.29973481323337,96.34801288936613,0.04634441285093294,0.009370295174137202,0.017847861493496344,0.011113230115171163,0.012784946628478759,0.12088249547449467,-0.2415789990360182,0.691405725906955,1.4482417503878025,-0.0033734187099796475,0
2023-04-04,320.6,321.63,317.8251,319.07,45875380,-0.0033734187099796475,0.038909872362594466,0.00140559112915839,0.004280633281923851,0.01900555379903479,0.041743868853957755,0.03730355274262975,0.020488077163900442,0.01812575768780446,0.01395758914533549,65.6137425439642,89.5253682487725,0.028130437584584778,0.01192496944244202,0.017410151825170462,0.010801466814101981,0.012361655687372857,0.12375744802629608,-0.026555143523308566,0.6831076116304737,1.5137598240277932,-0.009872441783934538,0
2023-04-05,318.1,319.06,314.07,315.92,62795710,-0.009872441783934538,0.010232796111537379,-0.003040085247751234,-0.007633108214229689,0.0057975351720318535,0.028420567760291338,0.036330994386201354,0.00879721776979503,0.017772586146671585,0.014831924088291508,60.82730616031564,70.89704383282375,0.032013589442048795,0.015795138009622716,0.01645552219368374,0.010220499933629576,0.012726047880750156,0.12356682602157716,0.36883247615605574,0.926834850273032,-0.6389104322097685,0.006742213218536408,1
2023-04-06,314.24,318.55,312.82,318.05,46916500,0.006742213218536408,0.007507602635580257,-0.005317801975183611,-0.0024276716934733544,0.009910170228845328,0.03109327333616463,0.03360252091850113,0.013167337916155653,0.017571122947983745,0.015300299629302589,62.80325696796385,81.75331294597358,0.026795803066989476,0.018016035214588957,0.016334089428885843,0.009860837402641423,0.0118043313827834,0.11846340290880263,-0.25287093656557114,0.7052371530443539,-0.882440692562008,-0.0005659487501965543,0
2023-04-10,315.07,317.92,313.25,317.87,45134740,-0.0005659487501965543,-0.009534789517963382,-0.009369595975475598,-0.0010747551946502787,0.007106489622243917,0.025635234330886547,0.02673872711139813,0.010635801167717673,0.017270920724302353,0.01570135511940903,62.516269238671995,77.69340294257242,0.022451671009038554,0.014691540566898467,0.016457941027104517,0.009904845347685475,0.011067685959703772,0.10404703946073178,-0.037977257468054915,0.706854891455021,-3.107054383115344,-0.006417717935004896,0
2023-04-11,317.83,317.89,315.31,315.83,40113590,-0.006417717935004896,-0.013493674839918812,-0.0001258376065688127,-0.004783392364218542,-0.0015932527012588737,0.014936596589777196,0.01981477077723026,0.0035091505802007372,0.016424557841601278,0.015927129854883405,59.21374483945737,65.59088751779774,0.02289804378805549,0.008168951651204712,0.016055382416399415,0.009861350326258704,0.011331829316898077,0.08688727615688936,-0.11124800984784666,0.6575738888467139,-3.0519309578072904,-0.00883386632048877,0
2023-04-12,317.82,318.42,312.565,313.04,62813310,-0.00883386632048877,-0.018898674272103233,0.006300858056549341,-0.009812046485439985,-0.012261537393587263,0.003444291115524134,0.013387698319205166,-0.004535495986945137,0.01491392904479326,0.01583805139052733,54.939162054457206,49.038917892738624,0.0192758530867414,0.0187036800408894,0.015412407360081775,0.010220205208002825,0.010778738725931613,0.07605570155198237,0.5658860251600517,1.0388728170617558,-3.179935629622632,0.01958216202402241,1
2023-04-13,314.83,319.65,313.63,319.17,54613790,0.01958216202402241,0.010287414535325334,0.005718119090212026,0.007506502689461847,0.005035094514297622,0.019785767347493044,0.012187777076626993,0.012627584642547873,0.014719607223875643,0.015371013232325781,61.513093409778705,85.40579022306609,0.02062547966231776,0.01886142181282696,0.014798607101455107,0.010464743348731742,0.01141978529977109,0.0675013826812242,-0.13053793853563833,0.925468324841919,-0.9321485273983017,-0.0018798759281888344,0
2023-04-14,317.59,320.36,315.61,318.57,56278280,-0.0018798759281888344,0.0016349630561232065,-0.004950339944230442,0.005282490154498554,0.0022336877870761107,0.01595998284250011,0.01062138532459711,0.009059182602230376,0.014501332223537266,0.015220237046738833,60.58146836298058,81.84622686283814,0.00915484034465286,0.014910380764039301,0.014985672581491385,0.010187961778272499,0.01009269273127558,0.06649982270980756,0.030477467320982443,0.9891059601685859,-2.8909825234788102,0.0008475374329033336,1
2023-04-17,318.15,319.1999,316.04,318.84,43007020,0.0008475374329033336,0.00305156195929146,-0.0013183915622940745,0.005518937840991445,0.00374310170596015,0.014640107306687966,0.009071106592264622,0.008376329677966643,0.014198916991661465,0.01500566199820581,60.86867556939507,83.44803037494054,-0.006512323559654809,0.00991061347384266,0.014603316486549443,0.008586948855539617,0.009975483248857463,0.0631574011886436,-0.23581495383298845,0.788363166022621,-1.1989512821502217,6.272738677726153e-05,1
2023-04-18,320.99,321.42,317.64,318.86,46746940,6.272738677726153e-05,0.009593768799670777,0.006743194078534742,0.003663879935535741,0.004213881242874473,0.012626872117986299,0.008930272735356626,0.00713192511150651,0.013813929437171522,0.014766562520459308,60.89140654112868,76.07944732297076,-0.004029361236920104,0.011854732484476037,0.014556253976218845,0.008564714171738467,0.00998702005782023,0.059182016143407616,0.08696068688321112,0.8645366818029053,0.47969755029371897,-0.0004704258922412219,0
2023-04-19,316.41,319.79,316.28,318.71,38960130,-0.0004704258922412219,0.018112701252235963,-0.007683622906604737,-0.0003763761252080222,0.0038552881071920453,0.010807082087836095,0.011187668984546706,0.005628049324589934,0.013324316333118787,0.0144836731571792,60.60705044042926,67.78819635962475,-0.0011282790610210869,0.01101314674782733,0.01395350452941994,0.008500593407206849,0.009577258952354199,0.05841783394828269,-0.16657368375341786,0.7277938412762585,1.0252102867472188,-0.007624486210034198,0
2023-04-20,315.69,319.27,314.97,316.28,62462140,-0.007624486210034198,-0.009054735720775864,-0.009475698911235897,-0.006196347548483749,-0.003911539987780488,0.0014866510138198397,0.007730901917447408,-0.0017261436141234876,0.012269102987580082,0.014129782332496623,56.04127789830443,40.981798124655,0.0011395289946820597,0.013595548248387362,0.014218797990930279,0.008238563482314129,0.00917023561244878,0.051519279252166664,0.6032323300769273,1.1815330852072756,-1.3729107220555405,0.001043379284178636,1
2023-04-21,315.91,317.4,314.1,316.61,59002290,0.001043379284178636,-0.006152493957371941,-0.0011698495004425213,-0.003932548920908552,-0.002419827461260793,0.0014439188558721394,0.0053976944743614474,-0.0005793086173830897,0.011293793205962587,0.013550802622423764,56.520315775587356,44.62217319360195,-0.0045275900015721016,0.01042291778528775,0.013691856136662042,0.007922491134712552,0.00885139349002416,0.048214040166481696,-0.0553911537452928,1.1327718657114212,0.9460040774084042,-0.002084583557057651,0
2023-04-24,316.38,317.7391,313.74,315.95,44043060,-0.002084583557057651,-0.009064107389286091,-0.0007264457850352235,-0.004198158105407912,-0.003896767196534645,-0.0014427642921367445,0.00276701015939973,-0.0022539641015584255,0.010266085438397108,0.012916504616175927,55.22412677476494,37.34142305570868,-0.006040205115298791,0.012657382497230571,0.01383105373815928,0.007940014967297052,0.008857932275095605,0.04557873099746836,-0.25353643053515384,0.8564271368086089,-0.7904816504266313,-0.018863744263332705,0
2023-04-25,314.29,314.97,309.89,309.99,57121640,-0.018863744263332705,-0.027817851094524282,-0.005253995885424856,-0.017489255423000283,-0.020884264786703688,-0.020469684138680666,-0.00303348205821774,-0.01789086141542373,0.00797098763522516,0.012126071802939824,45.153771532042015,0.8673026886385298,-0.01849096032675801,0.016387625407271334,0.014616600535501139,0.009730721070973468,0.00976775933699342,0.04393785753153931,0.2969498486254134,1.1034112567472134,-2.744468178854132,0.006064711764895536,1
2023-04-26,313.44,314.935,311.34,311.87,55400500,0.006064711764895536,-0.02146151673935548,0.011129391270686018,-0.007226077545043563,-0.014582049702197564,-0.015268127645399199,-0.008100585559770779,-0.010117128236276862,0.0063725013477573455,0.01091687946137708,48.353083594955635,17.17259323503914,-0.003737541528239241,0.011527238913650005,0.014515892610932201,0.009678286622896066,0.009758449033890679,0.036905436967803865,-0.030131137691424836,1.0631666512886309,-0.885230290023405,0.027190816686439856,1
2023-04-27,315.7,320.86,315.05,320.35,65430390,0.027190816686439856,0.012868344504869178,0.012280758008144321,0.017132660642506625,0.011835011039061483,0.010290551173652851,-0.006726860451547911,0.01417755570260315,0.0070621924418071535,0.00991475707146034,59.75636256658442,90.7198612315699,0.0036970893254377746,0.018136413297955366,0.014858525273696169,0.011538194869633306,0.010754711599060095,0.03622933329775279,0.18104331188346667,1.2411687000934315,1.3998055786043653,0.00689870454190733,1
2023-04-28,320.11,322.65,318.96,322.56,59712640,0.00689870454190733,0.01879283661286757,-0.0007491805837365195,0.020294549319297417,0.01753301241001637,0.016157842176725,-0.004054424426095715,0.01785834381533591,0.008148340909807324,0.009507129560538648,62.10465573046674,99.29467084639518,0.012524719841793042,0.011439732142857135,0.014510921556122434,0.011676168569903191,0.010666607841450845,0.03903499090298824,-0.08738676324564165,1.131250099519937,1.4088837589160956,-0.001147073412698374,0
2023-05-01,322.09,323.63,321.09,322.19,41013390,-0.001147073412698374,0.019749960436777902,-0.0014570932539683668,0.015116953168321734,0.015292890523323832,0.014790830692863466,-0.00032126591368653035,0.014086800135605815,0.008863024852299567,0.00938704293823631,61.458067021287576,89.51965065502186,0.010506837285158666,0.007883546975387257,0.014518717881640376,0.011701887768537178,0.010028760220416818,0.04011716515542929,-0.31315396539158213,0.7928599937357446,1.478558307463624,-0.008721561811353529,0
2023-05-02,322.12,322.45,317.61,319.38,56519410,-0.008721561811353529,0.030291299719345632,-0.00021726310562086848,0.0003445359726876873,0.006273059242758894,0.006062266994901755,0.0057157617366843105,0.004432284788494334,0.008694722357647245,0.009314650813242412,56.63546209449103,69.06841339155751,0.0016308097597690363,0.015154361575552555,0.014419455552275374,0.012111525230586543,0.010213991878473595,0.03975305884973831,0.3780721369289395,1.0827879225547585,1.4925889233362652,-0.006543928862170367,0
2023-05-03,319.75,322.47,317.18,317.29,59882070,-0.006543928862170367,0.01737903613685199,0.0011584945832550098,-0.009564419361081877,0.00013554107682667293,-0.00024104623518850232,0.009413406897073484,-0.0018119147904724908,0.00793256855548518,0.009087319098555478,53.28625039528232,53.85735080058245,-0.0044554610774684145,0.016672444766617354,0.01421727756941599,0.012301268396890589,0.010292246153443577,0.03947535283795031,0.05949566706375742,1.1320209313794258,-0.5710659655950161,-0.0035298937880172687,0
2023-05-04,317.06,318.23,315.115,316.17,50224520,-0.0035298937880172687,-0.01304822850007803,-0.0007248889028964589,-0.010478282913638726,-0.0033602743698696314,-0.003809325758793114,0.006739576342480236,-0.004518288746108823,0.006943089703935123,0.008684225940991138,51.5277136641035,45.70596797671052,-0.000347793094726101,0.009852294651611504,0.013898264496044171,0.012099786501738244,0.010074912359321897,0.03940343504819479,-0.16127615494921932,0.9608703914070487,-2.7665163043646985,0.021254388461903417,1
2023-05-05,318.47,323.76,316.2116,322.89,51806100,0.021254388461903417,0.0010230654761904656,0.007274567479520488,0.010344698107539685,0.015811793723101708,0.01658895350118539,0.0061803218301057505,0.014044103012191167,0.007600676578630982,0.008322926893695582,60.04729745222949,93.7274693583273,0.01983512839139623,0.02337762086159378,0.014589024125863296,0.013849248454833218,0.011054402217746565,0.04231132544442251,0.031490196421986694,0.986514196443359,-3.0031990534890394,0.0024776239586237203,1
2023-05-08,322.42,324.04,321.315,323.69,36465800,0.0024776239586237203,0.004655637977590832,-0.0014556040756913413,0.011898063047854901,0.015854982770416415,0.01817484083645793,0.006202974408012318,0.013973772198853762,0.008319507327315095,0.0083057868859712,60.92773560090363,97.52650176678429,0.024497547080234217,0.00841854861132572,0.014320160824068881,0.013772781443054232,0.01105536846004063,0.04559865456586191,-0.296109917557971,0.7001767377051571,-1.536970292811357,-0.006333220056226718,0
2023-05-09,322.0,322.88,321.32,321.64,31768800,-0.006333220056226718,0.007076210157179519,-0.005221044826840493,0.004070725737975289,0.00574416124926902,0.010802869242070745,0.006704849899042076,0.006382782970640433,0.008350272239263812,0.008357034070088847,57.434907795808236,83.03886925795032,0.03758185747927345,0.004850143017037689,0.014158264785829752,0.012078078329415227,0.011052414257563582,0.04627031034638778,-0.12880562060889933,0.6149163673441255,-1.1645474947804078,0.010881731127969196,1
2023-05-10,324.12,326.01,321.6,325.14,60446620,0.010881731127969196,0.024740773424942297,0.007710483770675403,0.010046411064099425,0.012487154734842631,0.01986308352218802,0.009719031076746987,0.014628195284831724,0.00900771096583756,0.008415201388107236,61.493665988229075,94.60297766749378,0.04254978035720014,0.013563388078981265,0.014030022232181291,0.012274619680980769,0.011011175311069243,0.0474354181810672,0.9027039107552064,1.172689800199248,1.4460722952060023,0.0032601340960816128,1
2023-05-11,325.7,326.75,324.12,326.2,44278550,0.0032601340960816128,0.031723439921561125,0.0017223349941564159,0.007063646916446453,0.013940910433147158,0.022061104339843096,0.014892263730617028,0.015134868712074923,0.009718953409631347,0.008654075364523908,62.65509705619421,96.7378410438908,0.018261276728577913,0.008062538320049035,0.013837720066567397,0.00926811153554905,0.010211829827194291,0.051724644692275085,-0.2674768250069235,0.8677217127298503,3.5865825625572065,-0.0035867565910484567,0
2023-05-12,326.74,327.17,322.94,325.03,48432840,-0.0035867565910484567,0.006627644089318263,0.0016554261189454245,0.002127397175803125,0.009529074859766062,0.01736561058212982,0.015205864493148313,0.009708378806661422,0.00993789215983848,0.00893576016019635,60.48647331060393,87.6157407407405,0.0076574900793648926,0.013014183306156411,0.013938273829668474,0.009226465231541026,0.010245465997931656,0.05416949015456468,0.09382172632120978,0.956485663406008,1.3774021183453233,0.005414884779866513,1
2023-05-15,325.51,327.03,323.96,326.79,33375560,0.005414884779866513,0.009577064475269514,0.001476786758145554,0.005631462333825832,0.013547462642127472,0.021603447548217414,0.01588254327020011,0.012811178930627554,0.01034470437219444,0.009179048588551607,62.58440776326942,97.59949463044855,0.014277289797945292,0.009394412313718268,0.01320966282409411,0.009305518465974919,0.010291425514340749,0.05776831392695857,-0.3108898838061117,0.6654526952869264,1.326121425067442,0.0011322255882983967,1
2023-05-16,326.06,328.9025,326.02,327.16,40019150,0.0011322255882983967,0.01716204452182568,-0.002233850485021005,0.0033613033024191274,0.012252475247524819,0.02143496063778816,0.018013109809878358,0.011785231684643405,0.010665721263763174,0.009468078323550483,63.02881713324165,87.42104313300881,0.024359696912768625,0.008810673676488547,0.01274441950640141,0.008603100264028751,0.010287533569658561,0.061047771145066335,0.1990555364464297,0.8033025226884589,2.8621823653231795,0.012104169213840166,1
2023-05-17,328.24,331.71,327.04,331.12,47486120,0.012104169213840166,0.018392077259026918,0.003301137058320025,0.011794903135121881,0.020139686921373023,0.03179969773927693,0.019771590608105072,0.0202599069583842,0.011629657070898955,0.00980980796487507,67.48075579284838,96.44471226272988,0.0435878849002489,0.014103648224208622,0.011660101646360395,0.00845858299413817,0.010552192985002724,0.06772883988483273,0.18658492246836822,0.9450993614146975,2.732462352795434,0.018573326890553243,1
2023-05-18,331.52,337.49,331.5,337.27,64213470,0.018573326890553243,0.033936235438381424,0.0012080212611740304,0.02366195815147787,0.032375961529631736,0.04753784966976182,0.02332400000621182,0.032978359473844865,0.01358165888459917,0.010421075426409996,72.93211460306122,99.01675977653619,0.06673624948603596,0.017760251430604588,0.012015066352096024,0.009050237612979477,0.010918891058997831,0.07985499556865193,0.35225767024132515,1.2757943998652472,2.9260294970426135,-0.0022533874936994103,0
2023-05-19,337.49,338.205,335.43,336.51,61554930,-0.0022533874936994103,0.035319816632310985,0.0006522963797552794,0.01428700605841371,0.025773117312645644,0.04195727328039567,0.027280510404555258,0.02581345000198021,0.014976364440620287,0.01135096183422444,71.340551196201,92.65915980944133,0.04218154789556827,0.008246411696531982,0.01209208386929701,0.007757925918957533,0.010979061713068625,0.08748945621213886,-0.0414015937777541,1.2198811100595806,2.5043534496337165,0.003357998276425578,1
2023-05-22,336.25,338.67,336.24,337.64,43015950,0.003357998276425578,0.03320175035955808,-0.0007726367715669147,0.011079834700844504,0.024859614509030292,0.04195726506276931,0.03053906259643746,0.024645941498344426,0.01608822968106401,0.012268024248817627,72.30817437347555,95.6272553597961,0.043096790138712926,0.0071970145717332274,0.011541773148069786,0.007741601820759277,0.010910784303434616,0.09353587688317701,-0.30117782604902643,0.8533484657251474,2.5982277393832804,-0.012676223196303682,0
2023-05-23,335.89,337.06,333.0,333.36,48216660,-0.012676223196303682,0.018950972001467115,-0.005183035185404528,-0.005429918252879085,0.008281360587014674,0.02505285005957658,0.030649190913633495,0.009846211447375852,0.016006976445404865,0.013141821752653767,63.55548572566153,77.45701549564848,0.036438253948513966,0.01217902567794577,0.011550683088210067,0.008881475964052393,0.010318464972175647,0.0871042133440642,0.12090189801689832,0.9650439838454217,0.8496434212129717,-0.005129589632829501,0
2023-05-24,331.37,332.905,329.56,331.65,62891170,-0.005129589632829501,0.0016006281710556625,-0.005969522438204922,-0.010844473076716543,0.001138034189324122,0.016702866173208708,0.027849350784714177,0.003945418703160453,0.015268190441044292,0.013621303276123011,60.409227320010594,68.74220781533846,0.020022144307067613,0.010085933966530894,0.011757769593590471,0.008870286386319462,0.010485189691206945,0.07940713771108852,0.3043452200961245,1.2493848796092362,-1.168902610998278,0.024332881049299093,1
2023-05-25,339.14,341.01,336.665,339.72,66862770,0.024332881049299093,0.007264209683636391,0.022584049449721144,0.011745925855332073,0.021330326944757783,0.03835926276859136,0.02630436775988021,0.023904675209115878,0.016002410524792537,0.013838667037317382,68.36776581935588,93.45011424219364,0.041446965052115425,0.012789944660308401,0.011850620679214807,0.011353276813405791,0.010154290496238524,0.08537554849011554,0.06315035958148019,1.3263968258571837,-1.111058808073066,0.025550453314494126,1
2023-05-26,340.76,349.245,340.66,348.4,63006950,0.025550453314494126,0.035333273899735396,0.0030613446367595554,0.03029980423120815,0.04011798353246032,0.060701085665921806,0.029507218491027887,0.04203964891455936,0.018251335155490718,0.014445380615294382,74.34212024139737,96.9740376007161,0.07190105528720436,0.024641216991963203,0.012949503854354583,0.012800344639802883,0.01132172340927632,0.10160358994961513,-0.05766766767215892,1.2458357713017656,1.0876629218626483,0.0045350172215845586,1
2023-05-30,352.71,353.93,348.53,349.98,72652160,0.0045350172215845586,0.03654780239308142,0.01237083811710682,0.02747326948934603,0.03765109804584288,0.0610229148571404,0.032652572445479366,0.03928798868334771,0.020386991068972068,0.015581531264525456,75.25816169127174,87.78224559232913,0.07096300376388509,0.015429453111606475,0.013535977566064986,0.012815776364732566,0.011258973900506751,0.11496468281735105,0.15308168384598853,1.3929785232680894,1.4573563518583745,-0.005686039202240201,0
2023-05-31,348.37,350.6,346.51,347.99,65105380,-0.005686039202240201,0.04388648908087345,-0.004600262872164196,0.012929779826982069,0.025418135099774863,0.05043437313225585,0.03702585712474549,0.028099100460685866,0.021561463151540783,0.01684880071837648,71.7820716247832,80.83252662149081,0.06366915270815499,0.011753211299175354,0.013547700467583221,0.013330865903574627,0.011094809659388609,0.12029989159001367,-0.10387550762427433,1.2380913795103319,1.1274005204490412,0.011552056093565799,1
2023-06-01,347.73,353.36,346.66,352.01,50488600,0.011552056093565799,0.06139001959897494,-0.0007471479065490616,0.012628732524020414,0.03091787156651149,0.057029950333014945,0.043847479715811044,0.03361888212868669,0.022802691629790053,0.017885646503538948,74.35861012892948,93.80445304937071,0.06308891036482245,0.0190335501832334,0.014218853360497063,0.013305140716061205,0.010895132142908657,0.1250590722435928,-0.22450955666029448,0.9687808478861561,2.9534066613340184,0.007499786937871011,1
2023-06-02,353.8,355.83,352.01,354.65,53372110,0.007499786937871011,0.04394795714117494,0.005085082810147412,0.011534314871964435,0.03338957023931277,0.05884003797672421,0.04676630580816998,0.03478466917598366,0.02412556032616632,0.019027117255050255,75.91399826060426,96.29745842485094,0.0515314140006522,0.010771182856337215,0.014030432418279585,0.012604740780581394,0.010704182289487633,0.12761935949868963,0.05711210055339233,1.0210266452262735,2.8627710379837255,0.0007049203440010476,1
2023-06-05,354.43,357.495,353.85,354.9,47266230,0.0007049203440010476,0.018656716417910557,-0.0006203299027208731,0.008507953828579051,0.028606208155812496,0.0545473454318548,0.0456509950452022,0.029887106261173635,0.02505861836585017,0.020222694954102293,76.0620809786839,91.75536139793479,0.054649193188909706,0.010270498732037142,0.01413627581209998,0.012446488081270347,0.01011397111174146,0.13278874996760034,-0.11440207254313162,0.9081627439854109,2.7463178361122065,-0.00016906170752328809,0
2023-06-06,354.28,355.82,352.93,354.84,41390400,-0.00016906170752328809,0.013886507800445536,-0.0017469709777402365,0.005559995239147852,0.023330930064888067,0.04951197870452506,0.043708961845607686,0.025027356492068664,0.025508219375149833,0.021282535407463523,75.94140683454067,91.28221966836306,0.050941831536547744,0.008144515838124188,0.014140175853905977,0.0125603669364949,0.010162955152970703,0.13550960054135616,-0.12431348977906631,0.7915211709978813,0.8662116446872388,-0.016965392853116823,0
2023-06-07,355.13,357.12,348.18,348.82,69225940,-0.016965392853116823,0.0023851260093681326,0.0008172697553827657,-0.011964514338156151,0.001504467464455539,0.02757623159203315,0.0400195605360294,0.006454801261632559,0.02463096858642796,0.022246060385445347,64.82818876174498,68.94576695901195,0.04637628989680809,0.025629264377042594,0.015258586090247116,0.013285315103284265,0.011010614155261335,0.12963816925039975,0.6725119834551008,1.2780548382114394,0.773861319381342,0.012413279055099924,1
2023-06-08,349.12,353.62,348.89,353.15,47153920,0.012413279055099924,0.0032385443595353003,0.0008600424287599218,-0.000345342965193951,0.007715882047447886,0.03605737847998958,0.036415297211901176,0.015986494650199967,0.024010250123452915,0.022380689772448864,68.40914243143041,84.44603543941282,0.06482737826021401,0.013393742035962108,0.014753949151513925,0.013009885248840274,0.011065294179885296,0.12750066300256552,-0.31884030754945325,0.8813743841336042,0.7193243568519004,0.003822738213223875,1
2023-06-09,354.63,357.66,353.03,354.5,53196930,0.003822738213223875,-0.0004229522064006508,0.004190853744867606,0.003561297920405826,0.007319762221388748,0.035718407301741806,0.03204299473083738,0.016762127462215393,0.02370126664340194,0.02257662138090113,69.45337621612858,88.75444839857644,0.04350641704933467,0.013060648801128498,0.01507152931694541,0.01137907146950575,0.011063498803734128,0.1250085978025623,0.1281549869024674,0.9861078305892064,0.7164204385319297,0.016897038081805427,1
2023-06-12,356.19,360.59,355.2,360.49,44817650,0.016897038081805427,0.015750915750915917,0.004767277856135399,0.017298792188734646,0.020833510320474202,0.047791366017773784,0.029974058814553173,0.028571292164133455,0.024199731151400488,0.022601131904289255,73.62003781892403,99.67773122784413,0.03470149253731347,0.01495187106438455,0.015546300075690633,0.00980595593849166,0.011248721408099798,0.1235482826428799,-0.15751435280193804,0.833574774875814,0.6754145398140093,0.007683985686149253,1
2023-06-13,363.29,364.11,360.03,363.26,57097800,0.007683985686149253,0.023729004621801497,0.007767205747732264,0.020267157991708862,0.024823605417803485,0.05027596994255079,0.029412700110734935,0.03069108524458386,0.02504357236050996,0.022951745998121338,75.29804556280382,97.53979739507953,0.037945025430024426,0.011231624731597317,0.015317639471138362,0.009894459756963316,0.011261901487157933,0.12303418509973887,0.2740025414094671,1.0390540226001501,2.450168741471211,0.007267521885151007,1
2023-06-14,363.27,366.19,360.42,365.9,69525640,0.007267521885151007,0.04896508227739238,2.7528491989281534e-05,0.017915762532687785,0.027081953224122213,0.052017204894654556,0.03350124206458749,0.03211888488595349,0.025954998195535133,0.023419917378986903,76.81193167414847,99.01778154106681,0.05146699617805095,0.015769335884121296,0.015591691719048935,0.009351181742602063,0.011224060981229201,0.12166488209966539,0.21765882398271041,1.232133410367324,5.0,0.011915823995627184,1
2023-06-15,364.61,371.77,363.98,370.26,71138820,0.011915823995627184,0.04844966728019262,-0.003525553429898798,0.02033167806614844,0.034023408373059505,0.05859648621217106,0.037502322988292036,0.037328895624103575,0.027141993098639686,0.02394370736271137,79.09102390299172,95.14625522340086,0.051845118036419446,0.02103926970237121,0.015105215639975,0.009379859760711111,0.01121845672620445,0.12515133322209115,0.02320266307508989,1.2348415649774376,5.0,-0.006292875276832421,0
2023-06-16,372.72,372.85,367.48,367.93,80931970,-0.006292875276832421,0.0378843441466854,0.006643979906012065,0.006461178221288666,0.023719759046201272,0.04734441983728921,0.04062078349435527,0.025939563229984808,0.02767427571742989,0.024811124190571045,74.85671803551752,81.32118451025055,0.03744536867334003,0.01459516755904657,0.01439423648131827,0.009983573511517341,0.011089326162175785,0.12803111350832336,0.1376625308094792,1.3847401923282538,2.498330818639489,-0.002799445546707302,0
2023-06-20,365.95,368.32,363.8899,366.9,49204720,-0.002799445546707302,0.017781353158201174,-0.005381458429592589,0.00013629548861926466,0.017456774032528655,0.03991440333883656,0.039772687012407326,0.019449631183755756,0.0274949168039838,0.025403604616587017,72.99625270482441,77.4107820804858,0.03381234150464918,0.012074407195421046,0.014220515516100143,0.01016139054186316,0.011107274029298326,0.12690955653392283,-0.39202369595105613,0.8508792401118359,1.0311952813511602,-0.013627691469065173,0
2023-06-21,365.74,366.18,360.96,361.9,53378260,-0.013627691469065173,-0.0037438749105324076,-0.003161624420823017,-0.012761267724740732,0.0016301745587596894,0.022228310837625553,0.035441861647513395,0.004697964265692134,0.026250821533793513,0.025853828377111348,64.60247576338001,58.19014891179822,0.019896291286213508,0.01442387399834216,0.014782122133185955,0.011487993480025016,0.011817094996031974,0.12167450862699788,0.08481991158571778,0.9148540323205945,-0.6609070267602745,0.01179883945841409,1
2023-06-22,360.63,366.33,360.22,366.17,47603040,0.01179883945841409,0.0007379065318393607,-0.0035092567007459774,-0.0012601191385365196,0.008604970169069581,0.02951885309738511,0.03081780634350273,0.013970161690401328,0.025321780547852654,0.025506228441387113,67.98790336887458,72.92257802999593,0.04973912046327622,0.016686238632329126,0.014494653147055022,0.009658312071397404,0.011305449601271021,0.11156548255009945,-0.1081942348813918,0.8163013474131064,-1.071490994694214,-0.009913428189092466,0
2023-06-23,362.21,364.88,360.8227,362.54,48922910,-0.009913428189092466,-0.02085021336358228,-0.010814648933555548,-0.006979139276010127,-0.003969943816366062,0.014905568207426612,0.022038517365567944,0.0033134375905032876,0.023992197848905546,0.025407731054048158,62.51418266014166,58.20835022294286,0.026589268016423695,0.011191316820212936,0.014940696199040095,0.010290452713617977,0.011573248983468586,0.09234749943860736,0.02772659057068627,0.8491038512691803,-3.300139729589499,-0.01340541733325984,0
2023-06-26,362.0,364.84,357.59,357.68,52685480,-0.01340541733325984,-0.02785856005218379,-0.0014894908148066488,-0.01475878558167465,-0.018179921658619258,-0.0012105100757161535,0.013751226915489134,-0.008590348130164793,0.02169996395322004,0.024942360977480555,56.01217133104115,38.50830968787999,0.00897038081805368,0.02026951464996645,0.015863621113844772,0.011453437016190152,0.011245765325496173,0.07981818973732416,0.07690813976519384,0.9257969480011469,-3.1094481009328208,0.01719414001341968,1
2023-06-27,359.25,364.57,358.51,363.83,49428090,0.01719414001341968,-0.008367402562005966,0.004389398344889273,0.0038794340330663424,-0.0022131599371432165,0.013778787076640153,0.009861097566072674,0.00714585527820466,0.02042182810232707,0.023700963865635402,61.47299269110499,63.437373327928526,0.009265166856223361,0.016656130610449942,0.016380766527538365,0.011499684839297777,0.010478813936245642,0.07656707357730615,-0.06182709163891076,0.8790450495095506,-1.1498299842177802,0.0019514608470989625,1
2023-06-28,361.98,366.52,361.9038,364.54,46498030,0.0019514608470989625,0.007294832826747921,-0.005084792348074574,0.004375234190746813,-0.0006168354968266732,0.01370083951358847,0.009284981354956923,0.00769873695383394,0.019592533340785232,0.022842348624011827,62.05860029824803,65.31719532554261,0.0035236469746187105,0.012663082240632006,0.015501649828746984,0.011269050471932024,0.010464705149494203,0.0739029633536025,-0.05927924789325256,0.8466256151769516,0.8550458711853814,-0.0020025237285346,0
2023-06-29,364.24,364.89,362.14,363.81,46150970,-0.0020025237285346,-0.006445093808886582,-0.000822954956932076,0.003669167954093888,-0.002046324844468317,0.009450505543778576,0.0057602024394847184,0.004802630308567535,0.01862824484039528,0.022036195170541378,61.03142599429284,54.38950554994956,-0.005711943153867138,0.007558890629724307,0.015130268154099265,0.011020709040218221,0.010352419028571275,0.06778594559002286,-0.00746397212957195,0.8550612601461238,-1.0635274617100698,0.015420136884637614,1
2023-06-30,367.55,370.49,367.23,369.42,58712500,0.015420136884637614,0.0189772163071662,0.01028009125642515,0.01529176377467989,0.013575802805153803,0.02254656777602637,0.007145536150489518,0.01712077490658337,0.01857335224675183,0.021075913836269663,65.72633712014385,80.56657223796034,-0.0022686760654674343,0.008824644036597886,0.015296874637462567,0.01150507733366776,0.010568702067824336,0.06741590470602915,0.27218344489834134,1.0795701735828402,1.1007427673261911,0.002355043040441762,1
2023-07-03,370.07,370.93,368.97,370.29,19379820,0.002355043040441762,0.035254976515320946,0.0017595149152724865,0.010677497011283288,0.01530539500093231,0.02274092579473086,0.011935982367393017,0.016464221780364108,0.018684183550755705,0.02055795332554932,66.40236200505831,83.22411533420711,0.00641426358274666,0.005293148613249019,0.014464261601910453,0.011316991712693495,0.010502229517590438,0.06846133165300408,-0.6699200340642963,0.36784003539800436,2.9038427727085248,-2.7005860271822613e-05,0
2023-07-05,368.695,372.01,368.66,370.28,34460880,-2.7005860271822613e-05,0.017728059808152175,-0.004307434713332836,0.007104235342754839,0.014337919056776283,0.02054568931897016,0.013346636330688,0.013872956228349498,0.018590629297980627,0.020164932680202495,66.38615342022882,83.15858453473105,0.009212319433087979,0.009047207518634455,0.014323832157903641,0.011255608508071191,0.010509032229820333,0.06853047367431804,0.7781836983006034,0.6621338301041988,1.0715893884178629,-0.007615858269417686,0
2023-07-06,366.51,367.91,364.52,367.46,49374730,-0.007615858269417686,0.008010094914138177,-0.01018148428216481,-0.002150701150299472,0.0050820290917446,0.011015073330645997,0.013194151157016165,0.005200146275676332,0.01783336094033242,0.019822419802120544,61.80456653588639,64.67889908256863,0.015363360044211127,0.00922549393131237,0.014431813763985944,0.010525927199406062,0.010726165091236707,0.06602866722540694,0.43277623786740205,0.9414680174176826,-1.2469851580338036,-0.003320089261416137,0
2023-07-07,367.23,370.48,366.01,366.24,47133750,-0.003320089261416137,0.006679310629174484,-0.0006259184673160778,-0.006774457745065576,0.0017258874918286704,0.005249397863186234,0.012105866287886569,0.0015757570841070656,0.016715698912738164,0.019253900770942595,59.879215473331065,56.68414154652692,0.00019116803670415905,0.012205111402359184,0.013832381576483787,0.009965213854135596,0.009869227408555644,0.054154783703790184,-0.045387184902074384,0.9180743620219524,-1.2646277404830957,0.000327653997378885,1
2023-07-10,365.96,367.05,363.41,366.36,48498800,0.000327653997378885,-0.008283254831898623,-0.00076452599388388,-0.004797270499774409,0.00100822151364377,0.0037590276940611123,0.008597542932918367,0.001610543731838332,0.015624021017689872,0.018522879579343232,60.01117298822975,60.818307905686744,0.010536768356595116,0.00993558248717105,0.013490555737525908,0.009332077907490325,0.009595587209991584,0.04586205751599198,0.028961200838040657,0.9434272129209075,-1.5864063592700313,0.004940495687302038,1
2023-07-11,366.79,368.632,364.62,368.17,38214150,0.004940495687302038,-0.005725242377595974,0.0011737089201877549,0.0012727697972816365,0.003078683522232062,0.006832635302450374,0.005552798071493115,0.005544325301554132,0.014915380210833305,0.017728529854673245,62.03923699156722,73.37031900138716,0.029327890852158367,0.010897139908194586,0.01334311789196759,0.007852271095324074,0.009610731826672542,0.03751875187617614,-0.21205988601779835,0.7543571609328736,-1.0165366675868148,0.012630035038161624,1
2023-07-12,372.34,374.19,370.3,372.82,61703700,0.012630035038161624,0.006859673760397644,0.01132628948583525,0.012520029331088312,0.013265785904728933,0.017832962040798428,0.005247237146726036,0.015394347551510812,0.015067600792444472,0.017019448674330424,66.71026424060696,91.74698795180721,0.024709342275238466,0.010433989592832966,0.013192022960141603,0.0070189858621545155,0.009303616676645431,0.03882572961824593,0.6146819960669019,1.1980788472291175,1.0596742359593725,0.016978702859288708,1
2023-07-13,376.05,379.99,375.46,379.15,46960010,0.016978702859288708,0.03181298644750452,0.008663698299447464,0.0232142664378161,0.026394152680021765,0.03287408143945836,0.009440657073001457,0.027475798251105576,0.016239602150303793,0.01663616435413064,71.79768509345848,96.24999999999986,0.04007790640258935,0.011947777924304443,0.013171473785346915,0.008374361764836124,0.00983402412296215,0.04897519432427471,-0.23894336968447594,0.9208691304545074,3.0564236397109714,-0.0002109982856388637,0
2023-07-14,379.585,382.86,378.18,379.07,55148500,-0.0002109982856388637,0.03503167321974665,0.001147303178161696,0.015962949661497694,0.02195586181610354,0.030807008193266316,0.014610826641576313,0.022968985043355206,0.017156647367997456,0.016743069711273022,71.6486576208323,85.00197863078743,0.04194497127621566,0.01234600469570266,0.013048513467169641,0.008250676538474918,0.009772737108673771,0.05676358103917297,0.17437155571304186,1.0969050692743232,2.7986841720807605,0.009338644577518762,1
2023-07-17,379.8,383.5,379.31,382.61,40868920,0.009338644577518762,0.04435527896058522,0.0019257656897142539,0.016595636139482117,0.027844564735590938,0.0386892117325921,0.021732904222381055,0.02738172254448612,0.01825144689566426,0.016920816412827246,74.20056040246743,96.43857543017212,0.03570461804991609,0.010951099030344209,0.012401326229244987,0.007519189855048078,0.009648744498218235,0.06705750817292445,-0.25892961730600106,0.8381139853452092,2.7295359547538345,0.008180653929588777,1
2023-07-18,381.96,387.13,380.0,385.74,55343440,0.008180653929588777,0.04772251948827977,-0.0016988578448028369,0.015431270039328426,0.03196982262767856,0.04466091986708176,0.02878545371822261,0.030114979504638484,0.01951848288040719,0.017330509595652827,76.23719864787907,94.48985578485865,0.04172405411974389,0.01848395292165706,0.01234513995363271,0.007641884950493272,0.00956119163942074,0.07900580568257065,0.35416937858891306,1.1655290618105834,2.8791042708002554,-0.0002333177788148566,0
2023-07-19,386.82,387.98,384.3,385.65,54092960,-0.0002333177788148566,0.03441338983960085,0.002799813345776947,0.008382926650699174,0.027504016497613915,0.041772187802634475,0.03311168829765543,0.025162886530995188,0.02039091795710293,0.017945826835661993,76.05129278823432,90.98297213622276,0.04150912822728747,0.009542331129262303,0.012174621696208622,0.007654599412056368,0.009504659765849582,0.0878714395208156,-0.022594909170806865,1.1333602930794404,0.6721285834456852,-0.02305199014650583,0
2023-07-20,382.61,384.095,375.72,376.76,71941670,-0.02305199014650583,-0.0063035737834630234,-0.007882795280694799,-0.013629485346863368,0.0013368522047429998,0.01571862038473637,0.02975363242880391,0.0012950226572117085,0.01944791370875982,0.018585002890755143,60.386921345380905,54.33455433455421,0.025308877156697385,0.02222900520225077,0.013823123473829477,0.011073125640079895,0.0105269309744834,0.08641246863555942,0.3299636403702071,1.4785739943183918,-1.5315816778419866,-0.00299925682131863,0
2023-07-21,379.18,379.92,375.191,375.63,60499640,-0.00299925682131863,-0.009074841058379746,0.006423187174859457,-0.014813338299088818,-0.004151687716730912,0.011382529735260105,0.026589751011368845,-0.0014457107581551387,0.017925005287378476,0.018497730475511336,58.73101695113869,49.73544973544963,0.025638925294888537,0.012589516279317524,0.01349371151703233,0.01105465157535148,0.010325010969633876,0.08612423132480686,-0.15904593262847522,1.2271496404810476,-1.5972234576235267,0.0015973165082661112,1
2023-07-24,376.62,377.58,374.34,376.23,40380060,0.0015973165082661112,-0.01667494315360285,0.0026355722386390834,-0.009926263545981362,-0.005164166554287308,0.01113449273960132,0.02127190683899194,0.00012632489978692263,0.016582666285936583,0.018091117949564473,59.36813024589192,52.17745217745217,0.026940714051752357,0.008611753448688326,0.013715204605085792,0.011033050055011007,0.009980548243721401,0.08364886231404293,-0.33255702017400435,0.8262106868904519,-1.6086496042252443,0.006777768917948901,1
2023-07-25,376.95,380.47,376.93,378.78,38894380,0.006777768917948901,-0.018043241561673806,0.0019137229885972662,0.0004490108554975336,-0.0012234867262238547,0.015109529348076522,0.014653938715019965,0.005836449955032075,0.01579799810454951,0.017535060429114437,62.049657490641856,62.55596255596236,0.028818208979547455,0.00934579439252342,0.013790703989500129,0.011089344187378445,0.009351858169617868,0.0764105266260724,-0.036792416851287535,0.8072011082459517,-2.017613154963959,-0.0033264691905591226,0
2023-07-26,377.72,379.24,375.18,377.52,47075710,-0.0033264691905591226,-0.021081291326332185,-0.0027984582079305653,0.0014218110052415245,-0.005778032940581657,0.009880251935055373,0.008446431700267265,0.002106594823215957,0.014874781310061728,0.01704982421992709,59.94452245637493,57.42775742775727,0.012606619816533327,0.010754397118033488,0.013515083401447046,0.01067406226415925,0.008812531549848145,0.07316902520207506,0.21034735609617639,0.9793844299177116,-1.9367443577929504,-0.0023839796567068916,0
2023-07-27,383.07,384.71,375.31,376.62,63940230,-0.0023839796567068916,-0.0003715893406942561,0.014701207883026202,-0.0008913507146722788,-0.007486935416287754,0.005847547141592191,0.006744909936556853,-0.00023897007794160263,0.013783323992694822,0.016429119027219066,58.41991465993677,53.7647537647537,-0.00667282078333109,0.02495884445860543,0.014482388462793112,0.009164404526918744,0.008863995808610917,0.06943700121784815,0.3582424991572086,1.3065360631161314,-1.8390113769279974,0.01821464606234402,1
2023-07-28,380.74,384.52,380.22,383.48,56902930,0.01821464606234402,0.020898224316481695,0.01093940842228247,0.013087608248838922,0.009418218382635679,0.02148561321634257,0.008289515042060325,0.015164576960827514,0.013942334837893847,0.01569664430779207,65.60141929350922,80.73630136986303,0.011633735194027661,0.011213101074371425,0.015016801025197807,0.01093879096148676,0.009549565479609754,0.06705249160077173,-0.11006059878108043,1.1501038910740748,0.5089423738854422,0.000521539584854569,1
2023-07-31,383.79,384.88,382.34,383.68,44019910,0.000521539584854569,0.01980171703479261,0.0008083863565244709,0.009641699296871753,0.009660297519269223,0.020080983284901155,0.01033959274394003,0.01324757420518008,0.014135440539509927,0.015377857830904704,65.78694856628954,75.67873303167416,0.0027965813752908186,0.006620100083402889,0.014734935362802336,0.010559692899256956,0.00907259478846149,0.06790683702309289,-0.22640345585016453,0.9031260998344754,0.5741122904164665,-0.002319641367806491,0
2023-08-01,382.31,383.56,380.69,382.79,41308460,-0.002319641367806491,0.010586620201700425,-0.0035706839032527693,0.005178326654727394,0.00810083378542803,0.01602645772285216,0.010792245296640912,0.009205277831698444,0.013978723606652727,0.015126634227454566,64.12937199458656,61.95014662756612,-0.007647638305594451,0.007497583531440226,0.01420379693453703,0.010208491852041758,0.009121280579527064,0.06790403201149584,-0.061595991450232424,0.8288523359162581,-1.014849362227995,-0.021944146921288543,0
2023-08-02,379.26,379.26,373.13,374.39,72687110,-0.021944146921288543,-0.008290951472769592,-0.009221766503827222,-0.015260710377914322,-0.011088571217260035,-0.006811112658589025,0.008580542899398358,-0.010971811634297168,0.012187809601138886,0.014810380245348285,51.05439450771669,8.48484848484841,-0.029197458835731882,0.016373300568925442,0.01499753885367818,0.01220654015218138,0.01054525042635963,0.06622504551147088,0.7596180056095048,1.4045966824035803,-1.3808602093160893,-0.0016026069072356819,0
2023-08-03,371.94,375.95,371.77,373.79,47855380,-0.0016026069072356819,-0.007514205299771648,-0.006543978204545997,-0.015373025029897902,-0.011898247645331206,-0.009234667642085026,0.006234195836447798,-0.010645579616843648,0.01028870056738704,0.0139250629633256,50.266051209833144,12.461443553362333,-0.007883002441872677,0.011182749672275895,0.014926066202183815,0.009945414938570889,0.010382996866255413,0.06238781109910664,-0.34162494560589907,0.9261109355590113,-1.1593262402616333,-0.0046817731881537705,0
2023-08-04,375.75,378.1,371.53,372.04,61702760,-0.0046817731881537705,-0.029832064253676793,0.005243585970732267,-0.014040462397108211,-0.015590106156662897,-0.014630632157726864,-0.0005985740165905806,-0.012957581384590133,0.008333758841796188,0.012859202655492829,47.94085550877192,3.100303951368063,-0.009557277107792195,0.01765939146328365,0.015407137481376827,0.010001832818793181,0.010416575449969883,0.05761034018139344,0.289358897578496,1.1774900835724849,-3.354848658100152,0.008466831523492147,1
2023-08-07,373.88,375.29,371.51,375.19,37230440,0.008466831523492147,-0.022127814845704807,0.00494570476292866,-0.0011979554892983524,-0.006982012979450891,-0.007448304323614319,-0.006257845454629485,-0.0038954535745328034,0.007282973731084829,0.01165758678960736,52.22480551654394,22.34365513054038,-0.002764266539085236,0.010074895386337667,0.014640010965872552,0.010420675475748563,0.010553691339442652,0.050809831483685904,-0.3966162939874974,0.7182003158346464,-3.572365690169437,-0.008502358804872157,0
2023-08-08,372.64,372.66,368.82,372.0,44726450,-0.008502358804872157,-0.02818777920008364,-0.0067965564114182975,-0.0039680627178818595,-0.013655044412037576,-0.01638564028799805,-0.012467047596887437,-0.01048237175248612,0.005802615597126936,0.010566566103495894,47.923859730857295,19.80074719800751,-0.01789957231110395,0.010322580645161375,0.015282066052227363,0.010399556131539445,0.010732479656386962,0.04709041246659296,0.20134089202276417,0.8574176819923375,-3.5908350326004173,-0.01099462365591386,0
2023-08-09,372.29,372.45,367.14,367.91,51150900,-0.01099462365591386,-0.017308154598146164,0.0007795698924730754,-0.011488879216305814,-0.02200755471318938,-0.02656822370065992,-0.015254602773107084,-0.018134922279286703,0.003691253349307447,0.009285477090454509,43.03076612919974,4.340473506200892,-0.025455605001059478,0.014432877605936239,0.014554995981160019,0.010803115673166198,0.010635202965744182,0.05163990104402485,0.14363871937075268,0.9905959337711026,-3.4657739139565247,0.0018482781114945723,1
2023-08-10,370.97,374.36,367.035,368.59,72035270,0.0018482781114945723,-0.013911554616228505,0.00831725150172602,-0.006886777710119585,-0.018104031583490166,-0.02340474294790873,-0.01663250963440266,-0.013844128066568873,0.0020880288059665036,0.007832283047824233,44.053528461236496,8.713925469318871,-0.021321225638574748,0.01987302965354456,0.015031219357164198,0.010891689132565678,0.009825624964268786,0.05613177219367305,0.40828939471250747,1.3619762021949753,-0.9052868056917661,-0.006375647738679713,0
2023-08-11,365.99,368.0,364.69,366.24,48707190,-0.006375647738679713,-0.01558972153531879,-0.007053908136411602,-0.010124707421361845,-0.019862870722738846,-0.027979043584884566,-0.018036955056239368,-0.017087277009979585,0.00030683899113831506,0.00636739927179152,41.294416568584005,7.677067855374005,-0.04495671221445707,0.00903778942769769,0.015256389252948902,0.008251722461069968,0.009884029005101205,0.06195567113270394,-0.3238424732773265,0.9265525318015274,-0.6956626987761485,0.011222149410222926,1
2023-08-14,365.43,370.47,364.7,370.35,42130800,0.011222149410222926,-0.012900130600495663,-0.0022116644823066967,0.0036095800204869466,-0.005315191671881547,-0.015469110958106436,-0.01901007260034726,-0.005129835458570042,-0.00020515730597758943,0.00499635762329413,47.48881423337021,28.033680039623704,-0.03474249374478733,0.01557985689212917,0.015382167447781077,0.00957188173922504,0.010002735544618583,0.06205134232039075,-0.1350188750367246,0.8004896783395055,-0.5877951360191962,-0.01061158363710002,0
2023-08-15,369.36,370.169,365.74,366.42,45539890,-0.01061158363710002,-0.014999999999999902,-0.0026731470230862975,-0.004028246652641232,-0.011524392217797996,-0.02340866144460474,-0.019458799636463464,-0.013305713122804708,-0.0014633244413738478,0.0037472915459525785,42.83456682869038,8.56859831599811,-0.042764962512082394,0.012087222313192439,0.01565436228527765,0.009815447924452879,0.009919959958787456,0.06147481353187844,0.08091681145385321,0.8733970684588649,-0.6016224126569145,-0.01058894165165658,0
2023-08-16,365.87,367.43,362.44,362.54,53190530,-0.01058894165165658,-0.014595960968715183,-0.0015010097702090608,-0.011689402117613712,-0.018854852546771772,-0.030764809282243566,-0.01930102460249028,-0.020173057452716914,-0.0033104236878451457,0.002367832111921662,38.79227850384385,0.4456327985740764,-0.03165148641790638,0.013763998455342883,0.014953029813459036,0.008047266519035149,0.010063601292443939,0.06284941062265599,0.1679986490964296,1.0210101505806046,-0.6359149840705605,-0.010922932641915462,0
2023-08-17,363.96,364.31,358.16,358.58,62604340,-0.010922932641915462,-0.02715754632518519,0.003916809179676628,-0.017120490315931547,-0.025560755028723903,-0.039016343797276476,-0.022277250940334503,-0.0262502337082956,-0.005640541977631256,0.0007870767321575669,35.146706455189616,1.5718562874249982,-0.040691297252468006,0.017150984438618934,0.014769567261340396,0.008376996802189292,0.009114681811952713,0.07260757272444537,0.1769828200621426,1.2125781189487275,-3.329288156630722,-0.0012549500808745062,0
2023-08-18,355.26,359.41,354.71,358.13,61191390,-0.0012549500808745062,-0.022143949322848466,-0.009258742818896715,-0.013970110461338558,-0.023090876853203213,-0.037966386712637745,-0.02433625644200954,-0.02334440753855649,-0.0074827109709739,-0.0008660896219622158,34.747092288780834,11.85441941074528,-0.03738845285453185,0.013123726021277317,0.015218934864035841,0.008421167641245723,0.00911729580272098,0.08083750023404226,-0.022569521537963655,1.1844173433433391,-3.408097728021123,0.01611146790271678,1
2023-08-21,359.62,364.59,359.15,363.9,50696520,0.01611146790271678,-0.017415957877683352,0.004160500376958032,0.005487491503506359,-0.004284940322766051,-0.020845049199912813,-0.026188829722828433,-0.006445974685521438,-0.007430222729847738,-0.002167930066856227,43.60171607689668,37.43380855397146,-0.030091420347024278,0.014949161857653196,0.01565873670160565,0.009876764658167734,0.009983898794128183,0.08270788976487616,-0.17150893287437985,0.9715787107662593,-3.14449803890724,-0.0014289640010991533,0
2023-08-22,366.55,366.56,362.68,363.38,44613510,-0.0014289640010991533,-0.008296490366246467,0.007282220390217198,0.005740286626848112,-0.003357066845125045,-0.020214248928890233,-0.02580639942622498,-0.006663679477285744,-0.007522121019475413,-0.0032412501190890526,43.03495011168889,37.06712270200941,-0.023172043010752708,0.010677527656998172,0.014544986358239725,0.009691009843883514,0.00978741520974107,0.08308638508016436,-0.11998870928418759,0.8503401645798154,-3.138185430289924,0.015768616874896946,1
2023-08-23,364.58,370.22,364.36,369.11,51770600,0.015768616874896946,0.01812213824681419,0.003302328141339572,0.017897523578401575,0.012025531634880071,-0.0036347047494105222,-0.021153630723175332,0.007604737010441953,-0.0061452706706672175,-0.0037818009429970993,50.647730029051154,61.56477126977344,0.0032616672555787485,0.015876026116875764,0.014833944197819493,0.010669112310670302,0.010555285158589672,0.08152119112797808,0.1604242750682472,0.9823600297156195,-1.2171996109221197,-0.021375741648830937,0
2023-08-24,372.64,372.74,361.01,361.22,66842490,-0.021375741648830937,0.007362373807797473,0.009563544742759555,-0.0053091301618073405,-0.007601919848785776,-0.022901837097107802,-0.017686607436300572,-0.011815264174856899,-0.006941566817436361,-0.004479837744351365,42.270841267206116,31.63265306122466,-0.019995116525136192,0.032473284978683396,0.01617830843095227,0.012655870712540917,0.01149214324246167,0.08301776192562108,0.29112836242964146,1.2648700069477266,-1.2754738017998397,0.007751508775815097,1
2023-08-25,362.07,365.74,358.58,364.02,69960470,0.007751508775815097,0.01644654175857929,0.0023531365926581227,-0.000839907116154115,0.0007010020205351353,-0.012729395587631087,-0.011899482931870042,-0.003518307406962795,-0.006710801436666476,-0.0048984637651962705,45.70297728419751,47.37913486005082,-0.006061598951507263,0.019669248942365873,0.016717095606991788,0.012892685271371065,0.010735657933418246,0.07636397913800537,0.046646676388028,1.3077158332771088,1.0738836647796373,0.007527058952804921,1
2023-08-28,366.99,367.71,364.25,366.76,40910020,0.007527058952804921,0.007859302006045565,0.008158892368551163,0.005102795849799113,0.009229346791192139,-0.003010594847329573,-0.008072199908934596,0.003367549111631396,-0.005850869688874927,-0.005059668495102385,48.904309530392325,61.32315521628494,-0.009693533144322974,0.009433962264150888,0.01607026003770471,0.01256718880410644,0.010953084129360411,0.06632576096731868,-0.4152409210515595,0.7669278094261625,0.9337036376416838,0.021839895299378353,1
2023-08-29,366.56,375.13,366.231,374.77,58492370,0.021839895299378353,0.03134459794154876,-0.0005453157378121354,0.020682179663158884,0.028906685408836452,0.01987528114807735,-0.000790548254058554,0.021308730230215733,-0.003334693911888856,-0.004628160902107207,56.90376927103539,98.23702252693431,0.022788057420446428,0.023745230407983566,0.01641082721211869,0.013900619502762302,0.012199928412734137,0.05742009051339252,0.4297810169733478,1.0791567601528664,2.678886379227154,0.005576753742295271,1
2023-08-30,374.88,377.4467,373.86,376.86,41731510,0.005576753742295271,0.02099645092248914,0.00029351335485761076,0.022059740837369723,0.030592906777366702,0.025218313882314547,0.0030903996300226666,0.02275527012079448,-0.0009730080883286316,-0.0038765967591670113,58.71977371706101,97.41959035392118,0.039499089755613115,0.009517327389481524,0.01561127284857585,0.013149329186946574,0.011224880642777147,0.05953255874025506,-0.2865478010208853,0.7925589291015218,2.5950476665815394,0.002998460966937344,1
2023-08-31,376.94,379.719,376.87,377.99,35730700,0.002998460966937344,0.04642600077515091,0.00021228042243803813,0.015883680928832522,0.028225258015200927,0.027705274605763996,0.011636759108211159,0.02176289686618227,0.0011097804947537958,-0.0028700500486397696,59.70834850298809,93.08648886400901,0.05413018015505622,0.0075372364348262905,0.015367885771732457,0.0120931861642942,0.011229071153853762,0.06299682260784452,-0.14379565944294848,0.6864963783606478,5.0,-0.0010582290536788053,0
2023-09-01,380.4,380.83,376.0801,377.59,39801180,-0.0010582290536788053,0.037278171529036896,0.0063758300484138,0.007460098080545485,0.021728542050005295,0.025843742146694604,0.018247515808491377,0.01744434302661868,0.002645050799503218,-0.0017694621892300995,59.168189065248185,87.59571209800916,0.05433781029235196,0.012579517466034505,0.015191193774048204,0.012081399723613688,0.011168116015926191,0.06661109039313474,0.1139210818707721,0.7811377929686475,3.1630149440303863,0.0012712201064646322,1
2023-09-05,376.77,379.3093,375.83,378.07,32344220,0.0012712201064646322,0.030837604973279475,-0.002171667681877154,0.0026892557073749934,0.019119783706267546,0.026746129707255095,0.023992352429176522,0.01580943537848034,0.00391326703309367,-0.0006311191286924906,59.64003865367861,89.43338437978564,0.03893926902995326,0.00920279313354676,0.014958284369107773,0.011513623232506882,0.011023086465935635,0.06882551287927882,-0.18735524926647906,0.6378459003460316,3.0874010655839563,-0.008807892718279642,0
2023-09-06,377.28,377.63,372.7,374.74,42998740,-0.008807892718279642,-8.004909677927774e-05,-0.0020895601343666748,-0.0061265084206338916,0.00705968348324304,0.017324155679860898,0.02359522041706663,0.005800433444219877,0.004199282056974548,0.0003304745274545352,54.90016999566066,76.68453292496181,0.031262039738015446,0.01315578801302238,0.015163637264694007,0.0121130256079298,0.011036335644186527,0.07004426251174771,0.3294103243176061,0.8494059475803982,0.7010804680115686,-0.007151625126754602,0
2023-09-07,370.21,372.85,369.15,372.06,52060720,-0.007151625126754602,-0.01273682534628251,-0.012088381277685967,-0.010715520221223573,-0.000934458980473063,0.009479984588920187,0.020414254163433343,-0.0011786691764176238,0.003804980091703102,0.0010272800035436792,51.36225253229744,66.4241960183768,0.007992197447915128,0.009944632586142142,0.01516535351441014,0.011618235057326613,0.010859082957576522,0.07056221790772232,0.2107498963923129,1.027494816561653,-1.645490814916814,0.0013976240391333494,1
2023-09-08,372.01,374.85,371.6,372.58,35847360,0.0013976240391333494,-0.014312547951004007,-0.00013438692683975795,-0.006474528543391034,-0.002580686612554395,0.0103439719821945,0.01692810200520367,0.00018386945210102645,0.00353554388317169,0.0015277857815588348,52.00848929734234,62.92134831460674,0.031448978461878996,0.008722958827634334,0.01486620323152076,0.008621542195084268,0.010856860782764311,0.07119327711369704,-0.31143172818201514,0.7337016063466486,-1.64167276772448,0.011782704385635334,1
2023-09-11,375.66,377.49,373.66,376.97,39936630,0.011782704385635334,-0.0016419926375167426,0.008266680981265928,0.00556438791732905,0.005685107472808371,0.020763494375876768,0.01511500073110894,0.01010878190134612,0.004179007519792122,0.0020437966791568554,57.180991401726224,82.65168539325862,0.0355749684083293,0.01015995967848896,0.014399383808488002,0.008949417765459383,0.01100159545154596,0.07344706193049756,0.11407450925256413,0.8248012774222194,0.321593086824609,-0.011088415523781703,0
2023-09-12,375.27,376.9517,372.5,372.79,41391020,-0.011088415523781703,-0.013965667733488396,-0.004509642677136272,-0.0027766780444482553,-0.0070636742825789245,0.009111481657932519,0.01192126120663528,-0.0009239216382627147,0.0038256543124382215,0.002418501466080573,51.490381568325674,63.86516853932601,0.01644126949503777,0.011941575686043124,0.014673887634938118,0.009911718955928756,0.011094879959436569,0.0738739815120697,0.03641744433618954,0.8554919633946511,-1.4292327254851673,0.0038091150513692718,1
2023-09-13,373.03,375.84,371.88,374.21,46300680,0.0038091150513692718,-0.001414313924320898,0.0006437940931891539,0.0013057834433078952,-0.0031327753299271732,0.01188842484116992,0.010568840780555755,0.0024372590930319404,0.003758047396812964,0.0026790687381534903,53.19450374923696,70.24719101123594,-0.001494249806547998,0.010582293364688222,0.014068475684012432,0.007068222671234059,0.010807358079964377,0.07424734899758485,0.1186165501599139,0.9562156720001239,0.6642248982434105,0.00817722669089549,1
2023-09-14,375.99,378.27,373.89,377.27,48039390,0.00817722669089549,0.0140031177767026,0.004756687421501482,0.0066868749399622285,0.004909076864476836,0.01813520442585337,0.011372284442045633,0.008983654001554209,0.004290853130984207,0.002984041885516517,56.72268542819249,83.99999999999999,0.0010879371649947789,0.01160972247992153,0.012562791331710156,0.007343850197966373,0.01054996628251317,0.07376160344477242,0.03755258022128394,0.9974295101240485,3.0431173039766244,-0.017123015347098813,0
2023-09-15,375.91,376.32,369.86,370.81,69811210,-0.017123015347098813,-0.004750657576896189,-0.003604845336231177,-0.009615127801073653,-0.010405407929886978,-0.0009470271027570698,0.0087522547462493,-0.007026278076778025,0.0033751300127706717,0.003103848271961791,48.423980104412806,39.56574185765988,-0.018995211513532118,0.017421320892101022,0.012829808874009408,0.009033651898634453,0.011031227603036955,0.0670947893338218,0.4532076697893124,1.4387082029769203,0.46998880922285263,-0.0004045198349558188,0
2023-09-18,369.32,371.79,369.03,370.66,36903550,-0.0004045198349558188,-0.01673873252513458,-0.004018230360562036,-0.006667595699293538,-0.008972878165639853,-0.0030339871109341665,0.00365799864438876,-0.0062923839360981,0.002529407272300004,0.0029899649330682168,48.24746920733238,30.337694362627808,-0.01835324028708374,0.007446177089516127,0.01265578389128274,0.009042613076105882,0.011020725230713239,0.05835819528733168,-0.4713807424337725,0.7800510956185226,-1.1088189383320028,-0.002131333297361482,0
2023-09-19,369.32,370.6826,366.8,369.87,37621730,-0.002131333297361482,-0.007832828133801928,-0.0036151729347650985,-0.007230972396688795,-0.008912206990428717,-0.005956948182747834,0.0012833037479187404,-0.007125632633026235,0.001670448105473579,0.0027311705459408843,47.270189461073336,21.881682109764785,-0.021689105192160163,0.01049720171952299,0.011714057834992223,0.008977414188180217,0.010515377394930027,0.0550754024507554,0.01946100036446352,0.8063745240235295,-1.0473676174987607,-0.014410468543001542,0
2023-09-20,370.95,371.31,364.46,364.54,45514190,-0.014410468543001542,-0.025841105261751318,0.0029199448454861887,-0.016431481531446357,-0.020517174670048655,-0.020434266796902745,-0.004069655738563882,-0.018195968906002724,-0.00017791162961628275,0.002181300430047896,41.205794793813986,0.48869883934050645,-0.02721887175108073,0.01879080484994794,0.012524747431204892,0.009592551446342284,0.01105150929268071,0.05401208956821056,0.20978461118082548,0.9745987612664626,-2.9806054956392254,-0.018324463707686367,0
2023-09-21,360.8,361.6,357.69,357.86,69734850,-0.018324463707686367,-0.05144856468841941,-0.0102595051297526,-0.024234624319696252,-0.034782983957103886,-0.03692859180476982,-0.01300924156713723,-0.030791191958737807,-0.0031629038700652376,0.001145033396376848,35.12392531019579,0.7346585998272084,-0.038165887222490924,0.010926060470575155,0.013555141276317172,0.010747910222503841,0.011155428155313911,0.06384251738407999,0.5321562352312543,1.465059362028355,-5.0,0.0001397194433576665,1
2023-09-22,359.63,361.8,357.59,357.91,51589690,0.0001397194433576665,-0.034788705806207965,0.004946068294863881,-0.01718437644164228,-0.03081326549125485,-0.03636483570331406,-0.01951582657205586,-0.02606241910560958,-0.005451019276122451,-0.00017430510698628784,35.20102012946059,1.4733439843827818,-0.03937409415427551,0.01176273364812393,0.013445499068001963,0.01068709836530552,0.0101265032365777,0.06754093429659898,-0.26020218011510743,1.101496227961256,-2.862577357742772,0.004749797435109393,1
2023-09-25,356.93,359.7,355.93,359.61,39167990,0.004749797435109393,-0.02981168726056227,-0.002738118521416033,-0.006486940473756531,-0.021610488827461527,-0.031212620825655457,-0.024887121628465958,-0.018198520283878472,-0.006770867126169135,-0.001492958310729697,37.902956715085864,16.472694717994678,-0.04605140992651935,0.010483579433274886,0.013439678699543574,0.009724228841020643,0.010020845250397897,0.07126586909532762,-0.24077872923834198,0.8647044976820724,-1.274750342170629,-0.015016267623258583,0
2023-09-26,356.99,357.54,353.2101,354.21,53657750,-0.015016267623258583,-0.042339200259550736,-0.007285670587581006,-0.012864173722082706,-0.03140595304830529,-0.04414433498799819,-0.031687798612132334,-0.028015569629211035,-0.009082224348354572,-0.003029019868957228,33.17143569737509,3.9900398644845727,-0.049840392714397,0.012224104344880183,0.01385225471572556,0.010085333660160584,0.010326343473330016,0.08183161636426746,0.36993881993944555,1.168154613204654,-1.504809456603747,0.0023432427091274466,1
2023-09-27,355.38,356.98,351.36,355.04,56065970,0.0023432427091274466,-0.02606024030284737,0.0033031252646735787,-0.0052840084499308215,-0.02402014415385212,-0.039347154352755154,-0.034244091974176105,-0.021864863907631205,-0.010497219886852076,-0.004516994963813272,34.52436901637125,13.675213675213717,-0.051227920151786344,0.01582920234339794,0.013825906940063106,0.00995197806134275,0.008795005674709786,0.0893868832561715,0.04488112155280466,1.2238150350994077,0.4335610830214689,0.008365254619197682,1
2023-09-28,354.11,360.17,353.24,358.01,56453310,0.008365254619197682,0.00041915833007322156,-0.002619423163587209,0.0029527448761190733,-0.010617600565977159,-0.02883440325846809,-0.0316935651225656,-0.011601934317869822,-0.010745639259612218,-0.005732745945165122,39.26277478953939,24.712002972872483,-0.05105097145280568,0.019357001201083787,0.01444542650444722,0.009980198242193697,0.008953192119714543,0.09177367011737517,0.0069086470812864675,1.2127835835208938,2.9116192592273733,0.0007262366972988765,1
2023-09-29,361.54,362.95,357.02,358.27,64829620,0.0007262366972988765,0.0010058394568466245,0.009860059774866814,0.0034787187559519595,-0.006455942628633582,-0.025522672842771876,-0.02890085365704409,-0.009225090086043441,-0.01082024868936806,-0.006746918246715694,39.67435653199948,25.67818654775168,-0.033817858202313866,0.016551762637117277,0.01463830152040163,0.009170427595570917,0.008893644161552142,0.09204182200216486,0.14837588796830503,1.3505188893557531,3.0139605256807225,0.008345661093588586,1
2023-10-02,358.54,362.68,357.92,361.26,51625050,0.008345661093588586,0.004588303995995524,0.0007536215703241034,0.010919022380917687,0.004454231519943841,-0.015202937544467998,-0.02583981441348604,-0.0008093962607417238,-0.010012196266074646,-0.00735530068321179,44.34511061257596,36.789297658862836,-0.02536016834835164,0.013176105851741103,0.014574485333080258,0.009877790291475388,0.009223993718266895,0.08979953315048918,-0.2036811260038236,1.062360041916931,3.101495692096817,-0.017549687205890452,0
2023-10-03,358.78,361.01,353.275,354.92,60478490,-0.017549687205890452,0.0020044606306994783,-0.006864861872335815,-0.007216783216783207,-0.009054536621594056,-0.02942330647465885,-0.02236794788879337,-0.01556652299427308,-0.010926910533858317,-0.00817473390394757,37.682720735891785,13.22928279450021,-0.04041960688890689,0.021793643638002968,0.015644873693870666,0.010954783946412748,0.009796976779804328,0.08969981914675468,0.17149503971424718,1.2095360055640045,2.910589732807227,0.013608700552237174,1
2023-10-04,355.77,360.61,355.3,359.75,54786690,0.013608700552237174,0.013266110860748137,0.002394905894286037,0.0036491259394824116,0.005776048131870493,-0.014194503055380503,-0.017778752089441796,-0.001836481354072328,-0.010155127001898658,-0.008483009405247715,44.521121241730484,33.61378205128202,-0.013139847479014755,0.014760250173731764,0.015694927032661583,0.01157959218957783,0.01037581535590445,0.08781412607834194,-0.09411279944324002,1.082937924606027,2.901314265353512,-0.0029464906184850648,0
2023-10-05,359.74,360.15,355.14,358.69,45897390,-0.0029464906184850648,0.0018993882852433863,-2.7797081306402127e-05,0.00031234487336084804,0.002579891381821131,-0.015295330415100006,-0.015602801833298097,-0.00404552494269117,-0.00981362829698824,-0.008769188362094386,43.395646812270066,35.87860988742037,0.00231934275973833,0.013967492821098973,0.015263379041990119,0.009971175297182515,0.010308051417654092,0.08722044496242139,-0.16225291215804427,0.9127882098763812,1.1682538159373677,0.016755415539881247,1
2023-10-06,355.65,365.91,354.85,364.7,75049120,0.016755415539881247,0.017947358137717417,-0.008475285065098093,0.013438410066024753,0.017447537425441917,0.0022879207403794233,-0.011002631452382894,0.010676401784112555,-0.007941053681448026,-0.00848795337100227,50.96455066553138,66.86716791979941,0.018971249755525,0.030326295585412676,0.01663745152571586,0.01124842194163538,0.011098734068551117,0.08464778126547357,0.6351500597310653,1.436547058541137,1.304298054515209,0.005100082259391403,1
2023-10-09,362.3,367.11,360.78,366.56,45304770,0.005100082259391403,0.014670874162652892,-0.006580751302440291,0.015615475834247494,0.0206576247212098,0.008842786647474732,-0.006668556503837908,0.01336286054901148,-0.0060723319579087335,-0.0079703734068688,53.05664118886625,76.19047619047618,0.019326492589193833,0.017268659973810673,0.017029934682297212,0.01125869108494896,0.010789635938750547,0.07811802845374184,-0.3963317624510454,0.8627652088110932,1.221326454588126,0.005537974683544222,1
2023-10-10,366.9,371.28,366.39,368.59,46968810,0.005537974683544222,0.038515721852811824,0.0009275425578350038,0.013562193049513338,0.022217045363152055,0.01501637123179389,0.0014347202295552641,0.016008899232571094,-0.004106087989602873,-0.007162399021229568,55.298263714661516,86.49598393574296,0.04059738573162819,0.013266773379635874,0.016556316929767122,0.009560569699193944,0.0106387699671755,0.07556428430298999,0.03672990724817726,0.8897290941160508,3.2874541457495963,0.007135299384139593,1
2023-10-11,369.94,371.412,368.19,371.22,38215090,0.007135299384139593,0.03188325225851285,0.0036626061477522676,0.014395330535152295,0.02491185735939294,0.022679844347257117,0.00816694789765493,0.0196100383594926,-0.001961796699552302,-0.006081683525536248,58.09045797990358,99.04248952722945,0.04557232987832349,0.008679489251656645,0.01574093529443457,0.009586766537551066,0.01073543978513575,0.07311458690713347,-0.18637304202512261,0.7294942308051698,3.1745836044104885,-0.0034750282851140346,0
2023-10-12,371.73,373.74,367.5,369.93,49587940,-0.0034750282851140346,0.031336251359112444,0.001373848391789112,0.0046985334057578765,0.01799999449625611,0.020157437320835525,0.015386609416731867,0.013561517605017892,-0.0005613926105702372,-0.0049945915183015775,56.235018777393485,82.97587131367291,0.0332951593530908,0.01686805611872519,0.0161877922850269,0.009786511429896854,0.010563338904669971,0.0658908565362397,0.2976010261914861,0.9451954386163982,3.0563332440048283,-0.012569945665396265,0
2023-10-13,370.57,371.16,363.86,365.28,52519880,-0.012569945665396265,0.001590348231423011,0.0017300570378180335,-0.008242921838855888,0.003268422642753066,0.008102797341752455,0.016481575519396108,0.0006946928900977145,-0.00046097764124135987,-0.004138733505395234,50.03156002867925,62.198391420911356,0.01956624891841341,0.019984669294787594,0.017084135066641647,0.011005895691311959,0.010240077678377873,0.06287784034706141,0.059126069766156863,1.017854866355467,0.610087667273053,0.011306395094174526,1
2023-10-16,366.62,370.48,366.47,369.41,44201060,0.011306395094174526,0.007774989087734774,0.0036684187472624252,0.0014204930520542725,0.012345679012345734,0.01967668787945298,0.018230298814595702,0.010142673957407977,0.0005245513428685594,-0.00316905973732926,54.80070473165203,80.65236818588032,0.02255992913690985,0.010855147397200917,0.016661123722383587,0.01123321956120711,0.010586878539723106,0.06189603706915143,-0.1583937358577362,0.8506179519056171,0.5891574674596762,-0.003275493354267689,0
2023-10-17,365.81,369.92,363.66,368.2,50999100,-0.003275493354267689,-0.0010580862204617736,-0.009745269483771524,-0.0016485542612958426,0.005370897761807214,0.01657104677552068,0.01824968663548665,0.0057765068421336,0.0010287505723070676,-0.002337829152386608,53.198693066679304,72.97560975609746,0.037416882677786534,0.017001629549158043,0.016840032590983177,0.009144795175608662,0.01060142611287038,0.06072229597525204,0.15379812158350958,0.968968925530156,-1.5007185920258257,-0.013117870722433422,0
2023-10-18,365.67,367.91,362.02,363.37,54280490,-0.013117870722433422,-0.02114648995205004,-0.006871265616512745,-0.010532679080051621,-0.00879717399309854,0.003397861873670305,0.014078828738649074,-0.00628321075019278,0.0003691063004031334,-0.0018213020443391091,47.25964999062088,49.32812118250678,0.010062543432939552,0.016209373365990706,0.01691644486729388,0.00981392782608764,0.010513636100108062,0.060510736165964134,0.06434211584126004,1.0227967234546747,-3.243120600876503,-0.009356853895478356,0
2023-10-19,364.81,366.02,359.16,359.97,72274240,-0.009356853895478356,-0.02692401265104205,0.003962902826320169,-0.014445058946572886,-0.0184144435991197,-0.006280279921047849,0.008284448370577957,-0.013215834479405442,-0.0009176307421959335,-0.0016543298795312267,43.57207998355049,32.71439042267305,0.003568541080041454,0.019057143650859674,0.017260763793808215,0.01030089715346842,0.009867214452802203,0.05975503001678713,0.3314957178905349,1.3585990614524173,-3.3884387178594664,-0.014917909825818865,0
2023-10-20,359.46,360.04,354.37,354.6,72559720,-0.014917909825818865,-0.02923784494086712,-0.0014167847320610827,-0.023436424224064334,-0.03038721620505702,-0.020657065644423267,0.0028460600503481537,-0.02374069049330796,-0.003155132831396782,-0.0019745327743670173,38.466838191524005,6.474468604935468,-0.027693995064436483,0.015989847715736083,0.017705462895818234,0.009557128566644748,0.010441095018932166,0.06184754030840608,0.0039499550600601285,1.3376019270980541,-3.498169696706528,0.003017484489565625,1
2023-10-23,353.26,359.26,351.1199,355.67,60665190,0.003017484489565625,-0.037194445196394255,-0.003778905809362798,-0.013020240757904422,-0.024556803721093368,-0.017167174428163734,-0.004201640035094378,-0.017652109272901284,-0.004606706402502472,-0.002496215341940693,39.9759705981662,20.115295688348134,-0.029708642514185923,0.02288666460483037,0.017683346119396398,0.009387930664461584,0.010403132156025499,0.06363368412733456,-0.16392745175973666,1.0966035962050134,-3.0479620324092953,0.009728118761773485,1
2023-10-24,357.51,359.91,355.79,359.13,47082080,0.009728118761773485,-0.024633351439435125,0.005173334832850651,0.001623213628300535,-0.012505568112451182,-0.008280209925482174,-0.009887374233179425,-0.006858760669109398,-0.004875456470810297,-0.002952823949563828,44.69907468281043,35.411426121016305,-0.025665373450174944,0.011472168852504678,0.017224582423396237,0.009890025281083277,0.010051226904822559,0.0608818977654661,-0.22390286752584143,0.8561592293438048,-1.4887353821780052,-0.024475816556678742,0
2023-10-25,356.7,356.88,349.75,350.34,71190540,-0.024475816556678742,-0.035858766546495335,-0.006766352017375299,-0.01573851919694791,-0.031112586078154925,-0.031925138196734815,-0.01644544596683839,-0.026498884908624176,-0.007193788388473516,-0.003860285713332901,36.780943458575855,2.45935806586067,-0.05624696945207708,0.020351658388993537,0.01854771691173474,0.01138790978866119,0.011509068049944674,0.06538189958696078,0.5120517190404501,1.2769963436996583,-1.6721227733968282,-0.019067191870754008,0
2023-10-26,349.12,350.07,342.35,343.66,78621430,-0.019067191870754008,-0.045309331333166614,-0.003482331449448983,-0.025575592605194486,-0.04263113468519042,-0.048497131592353804,-0.02352315768489599,-0.038394551676147026,-0.010554602490813256,-0.0052591774889303835,32.12376506595275,4.17330359987258,-0.07101343497418422,0.022464063318396,0.018270154887305563,0.012092941887084693,0.012007866552586087,0.07920960392142595,0.10438030109056617,1.3827964571014197,-1.7361077958079112,0.004801257056392894,1
2023-10-27,346.43,348.84,344.08,345.31,63476710,0.004801257056392894,-0.02619853355893975,0.008060292149217219,-0.01571167144591845,-0.032652969750620486,-0.04221031376203799,-0.02692162605955717,-0.028730376344751285,-0.012514790969150934,-0.006690196179051155,34.335449442171395,9.42975469894865,-0.05467038983793249,0.013784715183458316,0.017944972840139486,0.012488680159146715,0.01209039486939064,0.08842228218626456,-0.1926283966089144,1.1177604498123714,0.3334830569598202,0.011265239929338922,1
2023-10-30,347.83,350.54,346.45,349.2,55298540,0.011265239929338922,-0.018191019765513072,0.007297790391242565,-0.0009384083678559696,-0.016185606220682214,-0.02979787455719951,-0.028886573591720643,-0.015093360480789575,-0.012903433780809019,-0.007873222019823097,39.35271522985712,21.822236381012964,-0.054708860074172416,0.011712485681557938,0.017814617083946972,0.012482518566113765,0.012235721300975005,0.09288768993705174,-0.1288373326216813,0.9706119039407954,0.2541482494496614,0.004782359679266879,1
2023-10-31,349.23,351.25,346.62,350.87,47671910,0.004782359679266879,-0.023000027845070048,8.59106529209619e-05,0.008606514965102674,-0.00663057880253215,-0.024609247405986467,-0.03293232978198468,-0.008799826915542375,-0.012727736568080301,-0.008814146234748618,41.422009037039594,27.142402038865836,-0.047066811515480644,0.01319577051329551,0.018016461123167304,0.012898096731499813,0.011713822247472633,0.0948845282798044,-0.13791738443727453,0.8462589159177729,0.2629993638444525,0.017356855815544137,1
2023-11-01,351.72,357.5298,351.62,356.96,58992670,0.017356855815544137,0.01889592966832221,0.0024225496622680698,0.022222222222222143,0.012448556460967986,-0.007294560643856918,-0.028875113673338282,0.007102140798397771,-0.010919041199652726,-0.009114824576520075,48.34380388376542,50.71155848663643,-0.017640421608828505,0.01655591662931426,0.0177930900621118,0.014228691789312856,0.0119785554186166,0.0951694418136607,0.23747233958110758,1.043327081907497,2.41428980462687,0.01815329448677727,1
2023-11-02,361.54,363.68,360.3,363.44,58162440,0.01815329448677727,0.05755688762148625,0.012830569251456758,0.029120275459003864,0.029814291138451354,0.010059182286723534,-0.01852173514293909,0.02139552035642045,-0.007955128308218755,-0.008752874177678543,54.50406650925178,74.97333807323135,0.009639692196571792,0.009300022011886407,0.017361855759252854,0.015206765064566776,0.012645715161395722,0.09554844505368827,-0.01407344336169225,1.0176071099619461,5.0,0.011748844375963019,1
2023-11-03,364.75,369.02,364.52,367.71,53280460,0.011748844375963019,0.06486924792215687,0.0036044464010565047,0.028168305204174127,0.038057301914862895,0.021498954082412203,-0.006486633645488182,0.028113489971535843,-0.004702369422579106,-0.007861459642064954,58.05388465090605,91.98404062386638,0.03697123519458523,0.012237904870686139,0.017234058672012484,0.014409967702584155,0.012358158855836387,0.09679208331644679,-0.08393698751290357,0.9502887435801107,5.0,0.0040793016235620705,1
2023-11-06,368.49,369.78,366.91,369.21,38848740,0.0040793016235620705,0.057302405498281805,0.00212123684425225,0.02093806513695995,0.03832297944502416,0.025288562871507825,0.004261274883471167,0.027201890477773993,-0.001839780062173166,-0.006631572544995951,59.256535458477195,97.92198323004011,0.03806899654173801,0.0077733539178244035,0.01650820090772961,0.01440803746382481,0.012340185313903726,0.09814234202067251,-0.2708632770813165,0.6969027382115931,5.0,0.00945261504292949,1
2023-11-07,370.27,373.58,369.045,372.7,50777400,0.00945261504292949,0.06221677544389648,0.002870994826792428,0.01829488202314722,0.044153078948842905,0.03438992642426375,0.015805877732723905,0.03105656022440284,0.001152151575986878,-0.005025148755020934,61.98736520498439,97.18219660582773,0.03778576003118639,0.012167963509525002,0.016038349495956124,0.0143957797772493,0.012455924840600617,0.1008837291084937,0.30705397395127876,0.9077884054270827,5.0,0.0006439495572847509,1
2023-11-08,373.08,373.79,370.62,372.94,35663370,0.0006439495572847509,0.04476692066337962,0.0010195867990341334,0.010130010834236147,0.038251670378619096,0.03480902898208904,0.024431526519513413,0.0267100830919893,0.003518733306488375,-0.003313785254820311,62.1751172851845,97.296437659033,0.06450876291602459,0.008500026813964756,0.01532128875575541,0.010603975933729288,0.012361669851183402,0.10214813811506963,-0.2976526958843895,0.6390403631699861,5.0,-0.007695607872580057,0
2023-11-09,373.64,374.8,369.57,370.07,53859420,-0.007695607872580057,0.01824235086946957,0.0018769775298974611,-0.0012306828670591852,0.022742033102937542,0.02682560030188519,0.028090854101808338,0.015869323385173217,0.004756080450293699,-0.0017203716050966347,58.45679424436179,85.42372881355926,0.07684921142990153,0.014132461426216712,0.015355183768321809,0.00782416219477952,0.01246516955574112,0.10223143581517576,0.5102167854580204,0.9614102015306882,2.6827620637820373,0.022482233091036807,1
2023-11-10,371.82,378.54,371.28,378.39,58368440,0.022482233091036807,0.029044627559761782,0.004728835085254124,0.015370496589402816,0.036261909521866365,0.048004819177000835,0.03214031006141682,0.03255931107259191,0.007279721609225429,0.00010990891943358097,64.99281987607972,99.58552086211651,0.09579797862789952,0.019186553555855197,0.015079830711322018,0.009057449693428182,0.013041889607751664,0.11087962469001764,0.08371831705577226,1.036487437181691,2.732400792413624,-0.0031184756468194408,0
2023-11-13,376.79,378.28,375.24,377.21,40733510,-0.0031184756468194408,0.021667885485225247,-0.0042284415550093435,0.007876834944503974,0.025166462834624204,0.043609376188796345,0.03545328159691241,0.024714008971621126,0.00903531559896144,0.001895265311726696,63.46767982301375,96.32495164410047,0.08021191294387164,0.008059171283900119,0.014920601256594451,0.009808732752997132,0.01288911662029577,0.11610429653879793,-0.30213125449301026,0.7255660459363252,1.0487851111105355,0.021526470666207276,1
2023-11-14,383.71,386.26,383.18,385.33,67792630,0.021526470666207276,0.033887845452106324,0.017231780705707633,0.022670573372825187,0.03751790541632105,0.06355436318671615,0.039977477477477485,0.03929396786536432,0.011754158385311471,0.0038350930182221876,68.87956645253028,97.88203142792074,0.09821301336677402,0.007993148729660251,0.014545009657770133,0.010633063411016807,0.013616147349756625,0.12918611570115152,0.6642963005152269,1.1897619193430453,1.3109780745352781,0.0007526016661043577,1
2023-11-15,387.25,387.75,384.235,385.62,54141390,0.0007526016661043577,0.03400010725585889,0.004982742065242851,0.016597947928419954,0.03034772432146471,0.06109656551092213,0.04377209070033983,0.03370278533621751,0.013949067501482665,0.005855580613437045,69.05587618124922,95.12250973208153,0.08028910802330791,0.009115191120792454,0.013705164966251,0.010559590524363128,0.013130653524624579,0.14102570216348173,-0.20136761178906915,0.9502983968303675,1.5589481147719502,0.000855764742492493,1
2023-11-16,384.84,386.19,383.56,385.95,45343540,0.000855764742492493,0.042910800659334614,-0.0020227166640734984,0.009019607843137267,0.025064207610361322,0.05822209365930431,0.048762665694219276,0.029111349062117542,0.015571627962474016,0.0077947847113518445,69.26923209084507,95.64164648910409,0.06193594541052172,0.006814354190957366,0.013221512779227507,0.010081573313943718,0.012817288483196937,0.15057387615919887,-0.16249767506892598,0.8151426874164748,3.4708467254106745,0.00023319082782746747,1
2023-11-17,385.21,387.07,384.29,386.04,46622750,0.00023319082782746747,0.020217236184888687,-0.0019173468065811772,0.005233966096398701,0.02033588302770495,0.053926219158447974,0.048438726410265254,0.024724095553033232,0.01668946507623305,0.009572266985500975,69.33133823473827,95.84245076586438,0.04984906583992821,0.007201326287431283,0.012765109463120022,0.01001867653124754,0.01209452211548009,0.15614103323417738,0.02821151590722737,0.8581454718525929,3.4003102965662615,0.01217490415500988,1
2023-11-20,386.05,391.41,386.05,390.74,44536670,0.01217490415500988,0.0358686142997271,2.590405139368812e-05,0.010353315957138731,0.02691465680593108,0.06167519379634334,0.05079597110104572,0.0312978143847944,0.018128419963770313,0.011191385885742334,72.46133615630654,98.31615983915553,0.058313696812112514,0.01371756154987975,0.012746839330501093,0.010267090885418384,0.012215110843816721,0.16365314708313408,-0.04474382141765554,0.8320997879948655,5.0,-0.005809489686236291,0
2023-11-21,389.01,389.23,386.7,388.47,43336990,-0.005809489686236291,0.008148859419199184,-0.004427496545017173,0.002855195629950069,0.016734890440645467,0.051316886237916526,0.048323716942529016,0.021330147789980325,0.018852585037160245,0.012775942643378113,68.80870922436421,90.54966248794602,0.042312852159914316,0.006512729425695754,0.012339618062067664,0.010774200213372574,0.012377136040270402,0.16849014272780535,-0.02693690390413117,0.8125282788714241,3.1478441827882513,0.004092980152907488,1
2023-11-22,390.57,393.07,389.04,390.06,44178570,0.004092980152907488,0.011513925626264188,0.005405822843462804,0.004656769314774989,0.016342355675529108,0.04997658104841518,0.045109746052426125,0.02150136398455893,0.019369338405976055,0.014052958977248323,69.9512744108828,89.45709281961474,0.0459055075883521,0.010331743834281835,0.011901099464551222,0.010702520339862428,0.0104089981494382,0.16715352744484702,0.019419438221251584,0.8498268330408825,3.0654728903663857,-0.0014100394811055184,0
2023-11-24,389.65,390.25,388.5,389.51,15718830,-0.0014100394811055184,0.00922399274517427,-0.0010511203404605096,0.0014037288797934533,0.009794364999533345,0.04206545715267951,0.04060473024039135,0.016922470036468296,0.01952873256529928,0.015163988260209827,69.00958581890401,86.39143730886846,0.05253060231848039,0.004492824317732536,0.011215556541735571,0.010069307708553963,0.008854039871824588,0.1557302081452937,-0.6441978542990414,0.32184172525410343,1.962052443953848,-0.0008728915817308724,0
2023-11-27,389.01,391.1499,388.28,389.17,34139660,-0.0008728915817308724,0.008107968086208617,-0.001283664090780734,-0.0010780564182859553,0.006101186629094313,0.03508302979284794,0.03620011197419015,0.013534525361601268,0.01935690033039424,0.01601316913971624,68.39660465136774,83.76690946930289,0.028489124976875724,0.007374412210602126,0.01122533670558955,0.008131898076935715,0.008994997775682188,0.1413360562897359,1.171895745421256,0.7206504604329985,-0.12314392466810092,0.002620962561348472,1
2023-11-28,388.41,390.78,388.05,390.19,35491120,0.002620962561348472,-0.0014075856067974346,-0.0019528740653185217,0.001822943411728506,0.005364486173951466,0.03216948964232902,0.03029132685587621,0.01366600338557511,0.01914721082896571,0.01660648931534258,69.27824147354318,87.74468085106385,0.03441054054770554,0.006996591404187604,0.010865567324343815,0.007862510285665768,0.008937940070196874,0.12739260045408887,0.039586217320266126,0.7651747512675731,-0.3912236918518635,-0.0009738845177990063,0
2023-11-29,392.69,394.14,389.46,389.81,38811750,-0.0009738845177990063,0.0034494298144001068,0.0064071349855199244,0.00015907714728502498,0.0032273340264981076,0.025880581931490454,0.02571741373139358,0.010707338056980875,0.0187449336836822,0.01704712904391896,68.51143259368035,82.37688237688243,0.011626398152233097,0.012005849003360628,0.011152851022659387,0.004679114295774884,0.009057616933826642,0.11012802442979104,0.0935622769864688,0.8448353333779205,-0.26733259304551216,-0.0025140453041225808,0
2023-11-30,390.08,390.55,385.82,388.83,52834380,-0.0025140453041225808,-0.003153361021381418,0.0006926451348092666,-0.001725279972888516,-0.00012086083774565104,0.01902798834812547,0.02078913539997318,0.0069013381847040645,0.018046336639786487,0.017281342780180734,66.4681381475619,76.7716535433071,0.008324257040609906,0.012164699225882824,0.011089109820303396,0.004823028212456051,0.00875184290981768,0.09551360637236835,0.36129857581789016,1.15783355415375,-2.994803716744821,0.002854718000154355,1
2023-12-01,387.75,390.54,386.0726,389.94,40490070,0.002854718000154355,0.001103951118071489,-0.0027775634596095555,0.0009035185888681685,0.0017057306384158366,0.018400629938533974,0.01748131665510999,0.008259373068751685,0.017434288497180123,0.01727257758088994,67.64517104268884,77.77777777777781,0.010338126700349726,0.011456634354003174,0.010324353929908622,0.004865007567001625,0.00812539786985585,0.08586432127501566,-0.23364161744682155,0.9048366766476751,-1.2342108703812684,-0.009283479509668124,0
2023-12-04,386.09,386.595,382.66,386.32,51186940,-0.009283479509668124,-0.007323277744944456,-0.009873313843155374,-0.0069354117290202355,-0.0076649610587098405,0.006500358236175341,0.01352960333485309,-0.0009315888253780269,0.01620621745310698,0.017188787292427617,60.22098171677082,31.881533101045125,0.0007253134390217131,0.01018585628494513,0.011184713634884467,0.005867750204031035,0.008366725924685264,0.07737642925266194,0.2641850211669181,1.14656302228337,-1.527594225348933,0.0025108718161110932,1
2023-12-05,384.39,388.5,384.21,387.29,42932960,0.0025108718161110932,-0.007432276583203001,-0.004995858355767213,-0.0029554266060477508,-0.004290940690406919,0.006656633630425679,0.009640552180885775,0.0013340134975237117,0.015093771768241171,0.01673534359026294,61.44214285825314,40.33101045296177,-0.00882940062445614,0.01107697074543629,0.010278805472458798,0.004220474212301715,0.008358535731951226,0.06869578166408216,-0.16125167865084333,0.9572989059193573,-1.3128936634194615,-0.005783779596684635,0
2023-12-06,390.27,390.37,384.7,385.05,41994070,-0.005783779596684635,-0.012211077191452202,0.0076944924991606545,-0.006286678744522378,-0.009178702938883343,-0.0007694373764909335,0.0055521459258096595,-0.003774303608471641,0.013699842601480836,0.01620612869497049,57.0840669580068,20.818815331010406,-0.00880376863078236,0.014725360342812662,0.010738364219860125,0.004217143083933794,0.008378739228822991,0.061973795124990495,-0.021868746063630318,0.945623837661378,-1.364033974780684,0.013972211401116708,1
2023-12-07,388.07,391.27,386.96,390.43,49593550,0.013972211401116708,0.0041149088290513,0.007843137254901933,0.006766269732804586,0.004569617191640951,0.010897905603268532,0.004103867992677701,0.008570999088068465,0.013311417137550996,0.015448534184876975,63.73697351665707,67.68292682926837,0.0009485720145618881,0.011039110724073464,0.011247178019838924,0.006201026511790368,0.008812139708204835,0.05489966495961511,0.18096555061226494,1.099504533407802,0.8805480641946716,0.004456624747073867,1
2023-12-08,388.67,392.62,388.4801,392.17,46687530,0.004456624747073867,0.0057188285377238746,-0.004507850318879125,0.01009138394650888,0.008356474339195952,0.012506260875851272,0.0023907509436496,0.011033516405118515,0.013299545385734825,0.014963902145054286,65.59465169471858,82.8397212543556,0.006829092962953531,0.010556391360889438,0.011444963736571966,0.006317446723307042,0.008497769705925137,0.0399266774722301,-0.05859673284126665,1.0433721273832797,0.9904047009607132,0.00854221383583642,1
2023-12-11,391.74,395.79,391.53,395.52,41198020,0.00854221383583642,0.02381445433837226,-0.001096463268480563,0.013914666283850963,0.015312343571511011,0.018902191623785036,0.004919078010987121,0.01659361520643654,0.013748938862998076,0.014619515734221662,68.89814180800842,97.94364051789765,0.016316776729963678,0.010770631067961287,0.011147567036523354,0.0067443557151061215,0.007297274370435607,0.03786933934729578,-0.11757979057791235,0.9387028028107708,3.1118294716067405,0.007964199029126373,1
2023-12-12,395.56,398.79,394.41,398.67,39221150,0.007964199029126373,0.02938366598672837,0.00010113268608424875,0.0160614525139664,0.021175554491128512,0.024185913879187337,0.007996033453605778,0.020812457087855174,0.014552025082450758,0.014513607390783381,71.65418738062723,99.25604463732174,0.02173300187088345,0.010986530212958074,0.0111204039144441,0.0070360390942008355,0.00728963056581968,0.035218898834738804,-0.04798458760882196,0.8952019393221294,3.0797823189920983,0.01271728497253366,1
2023-12-13,399.62,404.36,398.8399,403.74,55408130,0.01271728497253366,0.04853915075964155,0.0023829232197054573,0.01927261894543375,0.030485252529377505,0.03476379890100878,0.015198269498892802,0.028447376531417268,0.015912619782762247,0.014647605164227907,75.42831879946206,97.14285714285711,0.035735358251455906,0.013672412939020195,0.01117359828461033,0.007659736094515574,0.006296816742979486,0.047075113989801916,0.41271048911110464,1.2827914799536462,5.0,-0.0008668945360876812,0
2023-12-14,404.98,406.3,400.34,403.39,55447810,-0.0008668945360876812,0.03319417052992857,0.003071283499281652,0.011768305835494486,0.02577990703162336,0.03151781867185588,0.019519797885003465,0.023218034485419814,0.016885927767892373,0.015105436841920528,74.68900375850491,87.69035532994914,0.03744567034436641,0.014774783708074163,0.01192876089427815,0.007531635710369363,0.006328839816724833,0.05446326178871289,0.0007161403931155164,1.2817717267646207,2.6698943161834143,0.004834031582339637,1
2023-12-15,404.18,406.5399,403.57,405.34,62896650,0.004834031582339637,0.03358237499043781,0.001958402538486448,0.009986744142007176,0.026717866623437114,0.03394093369452644,0.023717330639689393,0.023728518172041246,0.017745082160803036,0.015575230805599838,76.09485004033718,94.97527209075409,0.03949325537262127,0.007326935412246499,0.011920715589734203,0.007532716385893483,0.006344415403674377,0.06182132549164559,0.13433966102538575,1.425052303791113,2.8184905356912977,0.0042926925543989025,1
2023-12-18,404.93,407.99,404.6,407.08,46609990,0.0042926925543989025,0.029227346278317246,-0.0010114965214387261,0.008512451566231594,0.025731477468578845,0.03560035208580303,0.026859262349714808,0.023693929039152906,0.018542470749734648,0.0161154196775913,77.30610868126973,96.40742202921427,0.05373783392006626,0.008327601454259571,0.011985569701989093,0.005948140193265559,0.0063339154512526636,0.06869337564659166,-0.2589432028573859,1.0560599615613124,2.863972060190367,0.00510956077429503,1
2023-12-19,407.54,409.28,407.345,409.16,35711860,0.00510956077429503,0.026312489026011576,0.0011299990173923025,0.00842407244012211,0.025322323990427664,0.038458707586413565,0.029783734806742013,0.02436619588137523,0.019324182925266074,0.016691633031145434,78.69577318080749,99.54921111945924,0.05646931240155961,0.00472920129044859,0.01149169727525384,0.0058707603796210595,0.00596237203811809,0.07730723076550265,-0.23381532585610942,0.8173078711059331,2.8346995506462886,-0.014859712581875129,0
2023-12-20,408.35,410.4699,402.9,403.08,54042440,-0.014859712581875129,-0.0016347154109080941,-0.0019796656564669,-0.006237518798846264,0.005543110028987774,0.02113429810950307,0.027543620760632104,0.0077267063562522775,0.018885512165202654,0.01733182818678364,65.97765648524683,73.42708891437934,0.04682508765095439,0.01878014289967257,0.012168286338054137,0.008093767716053508,0.0068842117392305035,0.07858643076893275,0.5132911027316975,1.2218565710962033,0.7013549789710797,0.011635407363302486,1
2023-12-21,407.06,408.14,404.47,407.77,45568910,0.011635407363302486,0.010857978631101384,0.009873970427706658,0.0031587803761998767,0.012861656466099713,0.030703472750573058,0.02745795871321932,0.01641028935333555,0.018807581510637356,0.01746750410020727,70.00463650620078,90.29158680901399,0.0444125707553209,0.009000171665399513,0.01213213681382013,0.00782283011384031,0.007211210024475568,0.08282474871132525,-0.1567939937574987,1.0286600297959623,2.7926531425804493,0.001495941339480611,1
2023-12-22,409.0,409.97,406.4787,408.38,34314000,0.001495941339480611,0.0074998766467657685,0.0030164063074773484,0.0031589755682963627,0.010308921286549255,0.02978945523638532,0.02654661954552373,0.01513045945296243,0.018793594884159652,0.017711849192692686,70.4938179151175,92.04147769031871,0.041334115307137154,0.008549145403790646,0.011451344336157522,0.00787556306379932,0.007162753097873909,0.08604261444117722,-0.24698659678276258,0.7586717027957883,2.5008952717075643,0.006121749351094552,1
2023-12-26,409.25,411.56,409.15,410.88,22722550,0.006121749351094552,0.009334774491500442,0.002130368774180935,0.007419321619991592,0.012645748972887283,0.0332652671179825,0.025655598362387178,0.01800189811429531,0.01896273444535397,0.017875812024023753,72.47505790515743,97.46835443037973,0.03883495145631066,0.005865459501557694,0.011188702992879412,0.0077597486929577185,0.007165680096923002,0.08965035145606676,-0.3378052689864195,0.5088103204531738,2.190553783182096,0.0015089563862928923,1
2023-12-27,410.95,411.7875,410.08,411.5,31980480,0.0015089563862928923,0.005719034118682131,0.0001703660436136456,0.007783073162846987,0.010977023919495066,0.032059039294738856,0.024088483700865915,0.016482625284518493,0.01906035319266302,0.018091173713975384,72.95997502805231,98.84200986808972,0.03218200516718084,0.00414945321992719,0.010484030550251714,0.007646627219838124,0.007170983616211449,0.09270851207143874,0.40743358469890034,0.7189425848659866,2.1349783102627504,-0.000486026731470246,0
2023-12-28,412.67,412.92,410.94,411.3,27029150,-0.000486026731470246,0.020392974099434413,0.002843256379100989,0.0032539283745480763,0.008612318165321264,0.02878496818345533,0.025448233081202254,0.013495608590994967,0.018912428248644128,0.018262462276620865,72.51616315884914,93.37149497338366,0.018724921979491826,0.004814004376367659,0.009752787329373793,0.006926475009562194,0.0071586954763891274,0.09403811308566513,-0.15482350483795115,0.6157889048436567,3.327560254429212,-0.0043277413080476945,0
2023-12-29,411.28,411.64,407.58,409.52,42662120,-0.0043277413080476945,0.0042916349903132645,-4.862630683211133e-05,-0.0019399682196160617,0.002739954113726295,0.02168893523756532,0.02367483187863062,0.007697218810825968,0.018307743116159795,0.01833502143896582,68.52119037360872,84.10472183263194,0.015196212102431828,0.009914045712053142,0.009781242151089806,0.007161373912459897,0.007239403368846442,0.09247469184944145,0.5783744586862702,0.9833398559531712,0.6088452840840712,-0.01692225043953899,0
2024-01-02,405.84,406.09,400.24,402.59,58026950,-0.01692225043953899,-0.014177971497135067,-0.008986130103535883,-0.016052478504636425,-0.013564438433228965,0.0028172241748223303,0.01917754988678788,-0.007927420877053448,0.016490073013454322,0.01821852028775067,55.66387349005806,44.19232847109646,-0.006784427887699174,0.014530912342581699,0.010840273514706577,0.00909157726432464,0.008454446846531877,0.08876849256466592,0.36015158177793327,1.310995000357306,-2.0012797302945793,-0.010581484885367254,0
2024-01-03,399.93,401.0,397.89,398.33,47002800,-0.010581484885367254,-0.030544197819314722,-0.006607218261755032,-0.020455037280399768,-0.021905409685918475,-0.009275990245224963,0.011412489942408843,-0.01563472160274726,0.013934486519073133,0.017517586094808107,49.51339124243225,2.927478376580152,-0.021494546526481306,0.007807596716290548,0.011013588876416196,0.009405642902552757,0.008547120108517783,0.08170571881384613,-0.18998327501273116,1.066971006177258,-3.452818194352726,-0.0051464865814776495,0
2024-01-04,396.44,399.59,396.06,396.28,39432800,-0.0051464865814776495,-0.03698663426488469,-0.004744809579996456,-0.01814650003468754,-0.023851927392397942,-0.015475430363047882,0.002720436064783671,-0.017571976405616585,0.01128279934613235,0.016343125063826073,46.83172429829403,1.3048635824434773,-0.03147912796949859,0.008907842939335754,0.010681228280148246,0.009082051149712974,0.00867317560564879,0.07536384899477572,-0.16105423506684713,0.8987010851198887,-5.0,0.0011860300797417178,1
2024-01-05,396.45,399.56,395.34,396.75,44922810,0.0011860300797417178,-0.03537563822027723,0.00042898960331072544,-0.009842922529411324,-0.02116793723632604,-0.015738264523907586,-0.005953946225942475,-0.013917796311403108,0.009104025626409253,0.014879816795689909,47.53333197244442,8.020477815699783,-0.015704078594819815,0.010636420919974864,0.0103553155099469,0.008154670904115867,0.008517100778214213,0.06496065993912759,0.13922445273985118,1.0204167114812528,-3.064068181218775,0.020667926906112077,1
2024-01-08,397.99,405.24,397.8399,404.95,42473800,0.020667926906112077,-0.011159406134010563,0.0031253938248267943,0.012932112661964146,-0.00024194663348542367,0.0027982764598089016,-0.010004457431529001,0.00546281983567809,0.008771172999820609,0.013417041985942582,57.95729924472455,54.6643913538111,-0.006915663241533254,0.018274107914557376,0.011087559310673286,0.010056171786211172,0.009140592211753722,0.05779173513560994,-0.054515957483514454,0.9726527991122103,-1.2306164656164544,0.001975552537350378,1
2024-01-09,401.91,406.69,401.71,405.75,39132860,0.001975552537350378,0.007849176581633976,-0.00750709964193097,0.013331268793143058,0.0023839816198722996,0.0030927146915074033,-0.010103856869856265,0.006295923870929476,0.008695285266481678,0.01245152759369303,58.81696324435812,59.21501706484642,-0.006440080317351438,0.01227356746765254,0.01134560337998417,0.010068670796554999,0.009120412146286883,0.051008509451454055,-0.07865884380488675,0.9039644572276113,0.9413250257424844,0.0067775723967959944,1
2024-01-10,406.07,409.515,405.17,408.5,33962770,0.0067775723967959944,0.025531594406647873,0.0007886629698090619,0.015043011981731746,0.009771423345124486,0.00827351980017177,-0.0066691678102817065,0.011075945608534754,0.009029748003291498,0.011700113265071416,61.71493973929236,74.85779294653011,-0.00579244548286606,0.010636474908200662,0.011644290959958045,0.010119328750981775,0.009059506541360642,0.04710449003643404,-0.1321163339454361,0.7911473453132297,3.0276207522579464,0.0020807833537332954,1
2024-01-11,409.79,411.2004,404.242,409.35,54536200,0.0020807833537332954,0.032981730089835626,0.0031578947368422483,0.010591023552066314,0.012410593274833515,0.009041564575209105,-0.0015332206013577432,0.011129550899522833,0.009381218168973408,0.011216898366970053,62.591176474787716,79.69283276450521,-0.005224787363304895,0.016998656406498065,0.01151340976111955,0.010133766226000231,0.00893856492286971,0.04538102584956753,0.6057641941455305,1.248132077046103,5.0,0.0005130084279956204,1
2024-01-12,410.4,411.25,408.15,409.56,39594950,0.0005130084279956204,0.0322873345935728,0.00256504213997788,0.004754404816226687,0.013366059808292752,0.008835562956157172,0.004061846477475095,0.009838596342999884,0.009600366863209432,0.010888990935917971,62.817596395896146,80.88737201365184,-0.004230488694383694,0.007569098544779819,0.011165676056534547,0.010138597388978475,0.008529697050238988,0.04588467391324352,-0.27396940014155735,0.9228818703887168,5.0,-9.766578767467227e-05,0
2024-01-16,408.31,411.12,406.83,409.52,43903030,-9.766578767467227e-05,0.01128534386961344,-0.003052055864830594,0.0024086004660544003,0.013267088613858835,0.007976036201678971,0.00555405822838706,0.008229181716246092,0.009659579732067075,0.010643959563749935,62.739701605450655,80.65984072809997,0.0,0.010475678843524176,0.011306076103033526,0.010043277064812464,0.00852375270870822,0.046073747293598304,0.10880377421868204,1.0372504072876012,2.9205669725179972,-0.005640750146512996,0
2024-01-17,406.17,407.585,402.92,407.21,54385970,-0.005640750146512996,0.003598274799753387,-0.008180308654033963,-0.003957654563777613,0.0064010676684296275,0.002059684083342228,0.006041247819121853,0.0021500930616273894,0.009197060167899026,0.010402884090841412,58.24767456428156,67.51990898748565,0.01147569487568001,0.01145600550084714,0.011970113700547631,0.008429530979705894,0.008583717575140256,0.04605253564176202,0.2387748636028082,1.2979690470034215,0.6582855279011331,0.01419415043834893,1
2024-01-18,410.52,413.575,409.1601,412.99,59562510,0.01419415043834893,0.010991432068543583,0.00812848407455613,0.007966299429374768,0.017001324842520926,0.01554460205302366,0.007518408728485193,0.013820750897528766,0.009681817585571644,0.010142195969486602,65.0001972488042,96.79188374006044,0.03680365526071361,0.010690089348410346,0.012608122645653818,0.008229283321696711,0.009098345393735878,0.048262482503806714,0.09518153303140497,1.3998750318695525,1.099374456956681,0.019830988643792846,1
2024-01-19,415.22,421.34,414.625,421.18,70325120,0.019830988643792846,0.028899474777085654,0.005399646480544362,0.022053327897654018,0.03084860588972438,0.03415551618768409,0.011841053651206357,0.028557410659746374,0.011407856301330236,0.010237553051306972,71.92805080516058,99.3846153846155,0.06283435954375705,0.015943302151099233,0.01344325127363257,0.009015407575822235,0.010017771421375773,0.05764831465703291,0.18069436630524804,1.5882233949999582,1.3293714740003402,0.0013058549788689255,1
2024-01-22,423.41,424.7275,421.12,421.73,44880640,0.0013058549788689255,0.029714815899990255,0.005294648368868504,0.017378885763498664,0.02592234001663951,0.03314045497082341,0.015492329777904157,0.025184620296710536,0.012865034920179841,0.010752368365297858,72.32423415581813,89.80008507018292,0.06296156269691244,0.00855405117018001,0.01334907913323012,0.009008155372160511,0.009251486556498306,0.06471740911044081,-0.36181210924346807,1.024180609575482,1.4004254492107095,0.004149574372228626,1
2024-01-23,422.43,423.7,420.57,423.48,33003810,0.004149574372228626,0.034088689197108835,0.0016598297488914504,0.01476571822926398,0.02555657537530842,0.035435068308933726,0.020368593172163107,0.024797361322705935,0.01414407351064164,0.011395162696266547,73.60088759409665,95.75499787324543,0.045758735646376225,0.00739114007745347,0.012256591642040772,0.007428343309707276,0.009002186237763691,0.07269331167180666,-0.2646314758434817,0.7641050355515551,2.9254510780805703,0.005549258524605527,1
2024-01-24,427.44,429.85,425.33,425.83,46948020,0.005549258524605527,0.045725792588590775,0.00935109096061204,0.0113717871376251,0.02625712460987839,0.0389645244717709,0.027282486702776776,0.025673938051888223,0.015383942229893283,0.012142610015365424,75.25182656585201,88.35120254998542,0.04948860135551447,0.010614564497569545,0.012469077197137688,0.007378722175703503,0.009037450259979976,0.08127545111804324,0.42250303828557967,1.0712741811554718,5.0,0.0012211445882159833,1
2024-01-25,428.36,429.04,423.98,426.35,44367210,0.0012211445882159833,0.03234945156057045,0.00594133809266606,0.00622117749236506,0.023109042042618766,0.038273789157484694,0.03185443954280398,0.02268991228270778,0.016318674508084118,0.012965975075826855,75.61522298837322,89.85801217038541,0.04369645042839654,0.011868183417380091,0.012710197858901977,0.007427848690371678,0.008989920407052081,0.08873487630082161,-0.05497164736659821,0.9879864251882235,5.0,-0.0059575466166296165,0
2024-01-26,424.44,426.21,423.15,423.81,37137030,-0.0059575466166296165,0.0062443610807729755,-0.004479887416441897,-0.001013577220441375,0.013497032279047083,0.03054353931559728,0.0315891345632453,0.01400800745445796,0.016502817671707807,0.013735510276662468,70.19335946706758,81.13095554215695,0.035324294613411356,0.0072202166064982,0.012614463354535562,0.008100468174328482,0.009159909807831995,0.09313080003911132,-0.16296224170958684,0.8222610100371359,3.2001733961930476,0.010240437932092172,1
2024-01-29,424.27,428.35,423.61,428.15,38694720,0.010240437932092172,0.015223009982690217,0.0010853920388853577,0.006171214784594925,0.01934408666150822,0.03896828738277791,0.032595916198222996,0.02056213307468746,0.017024955673855927,0.014282013879794792,73.6676749225567,93.95877754086695,0.04539017482175978,0.01107088637159876,0.01186097996363091,0.00828301495861193,0.009348684143811887,0.09991980412149444,0.04194438812150558,0.8458267922181886,3.1445474184738416,-0.006656545603176411,0
2024-01-30,427.1,427.68,424.38,425.3,36738960,-0.006656545603176411,0.004297723623311489,-0.0024524115380122335,-0.001380644676534759,0.008768912934680184,0.03008013214477301,0.031504273028152285,0.01162582433294923,0.016952925200028644,0.014892760902002701,68.05755225456497,83.10434459710356,0.03853291658527058,0.007759228779684955,0.011737244298142486,0.008920854419060133,0.009446306629835486,0.10350609815226611,-0.05054332994268984,0.8083086448262558,1.3766020354321638,-0.019586174465083483,0
2024-01-31,420.85,422.8699,416.79,416.97,64010650,-0.019586174465083483,-0.02080642509921793,-0.01046320244533272,-0.016849163907987297,-0.013273257781385217,0.008149187801242519,0.025426771550739247,-0.006937093363517666,0.015352171518180939,0.015222658610654437,54.898106832723116,52.17229855180099,0.023967977210775926,0.014581144926493397,0.012685205170635778,0.011329570476733249,0.009740390456453892,0.10092787904560184,0.742309798644273,1.3991144161244016,-1.2406667759832073,0.011775427488788015,1
2024-02-01,418.79,422.375,417.81,421.88,51008620,0.011775427488788015,-0.010484343848950473,0.00436482240928604,-0.0031709126652207376,-0.003749988192732423,0.01712486468632557,0.020360338205831274,0.004021911854634297,0.014427185615991623,0.014921830336215452,59.82869143324823,70.40475306349786,0.02152594493813398,0.010820612496444481,0.01227456351840063,0.01107341650280309,0.009525003188204468,0.09585043077046476,-0.20312291782695535,1.1100625090258947,-1.0585549504420186,0.016900540438039346,1
2024-02-02,423.8,430.24,422.79,429.01,59602440,0.016900540438039346,0.012269649135225658,0.0045510571726556925,0.01119119789186862,0.01121741610508864,0.030249979887779777,0.01884785195484784,0.017703957336406617,0.014776516413899628,0.014694370963705917,65.69371838858623,95.49780380673492,0.018590626335533544,0.017365562574298943,0.012946334917267995,0.010582509573910473,0.009813820155897627,0.09042867708390971,0.1684777984583783,1.2692278551059393,0.9709082855602512,-0.0013053308780681672,0
2024-02-05,429.07,429.61,425.0,428.45,39889210,-0.0013053308780681672,0.0007006890108607333,0.00013985687979300998,0.00972846093297064,0.008300327353426118,0.025003678242864424,0.015128044717863887,0.013821386277512282,0.014985104680149637,0.014767882576154986,64.89235271762936,93.44802342606141,0.015934365589358013,0.01075971525265495,0.01301660470466632,0.010630744637571616,0.009867370579877976,0.08190242625991442,-0.33074535203592337,0.8540137277771657,-0.5975676485895237,-0.0020072353833586742,0
2024-02-06,429.61,430.22,425.22,427.59,35846130,-0.0020072353833586742,0.005384434516811476,0.002707433772902279,0.006615189039031799,0.005304066921525186,0.020183451216267745,0.013479095413003739,0.009955063110073104,0.014832277018708288,0.014804523253323928,63.609073771905926,87.42878286898879,0.009705298951544261,0.011693444654926449,0.01277550590853054,0.010647081436101572,0.009112798499987829,0.0785734316545373,-0.10135773558814531,0.7729366629692155,-0.5818675767269186,0.010290231296335328,1
2024-02-07,430.41,432.83,429.09,431.99,37712660,0.010290231296335328,0.036021776146965,0.006595102785378559,0.009832064780356475,0.014180068083108344,0.02746511116264405,0.0174613651093789,0.017163584406279186,0.015184519109630014,0.014759890183441367,67.18463112033668,95.38588299917619,0.014465866660404503,0.008657607814995739,0.012459365792197573,0.010971898888506026,0.009263393560409087,0.07685170616974386,0.052070614038391305,0.8144309753915474,1.6198492486757732,0.0018518947197851965,1
2024-02-08,432.11,433.56,431.42,432.79,29889890,0.0018518947197851965,0.025860434246705255,0.00027778420796775727,0.006567961187628812,0.014524348678134347,0.02640297682713677,0.01970559008862649,0.016069825739682964,0.015524790546101896,0.014891043666363263,67.80403522088423,95.40846750149086,0.015104960713029136,0.004944661383118802,0.01141142355414867,0.010971985038512903,0.009228092104409627,0.07602026042087846,-0.20743087334597987,0.648344156226919,1.2680981153425739,0.009843110977610259,1
2024-02-09,433.94,437.845,433.1401,437.05,36943910,0.009843110977610259,0.01874082189226356,0.002657177846068448,0.012688438135754376,0.021340537205726262,0.03311255147243064,0.020168210248627583,0.021972044645944155,0.016261595745900772,0.0150490376726724,70.94864966336337,96.22417478033714,0.031240414336613176,0.010765129847843518,0.011536764345367484,0.010907500182026502,0.009352772855853937,0.07722053280483175,0.23600019939852568,0.816940563404662,0.7990579193240804,-0.003912595812836095,0
2024-02-12,436.94,439.14,434.65,435.34,33203310,-0.003912595812836095,0.01608122301318704,-0.0002516874499485233,0.005515622978990553,0.015637940728401745,0.02594436890069307,0.02031668673747622,0.015166392798980244,0.016524643502147364,0.015391448505347877,68.07442229646692,82.9977628635346,0.01679317996029428,0.010313777736941263,0.011805222847167084,0.010800731718284785,0.009474261934792822,0.07502444802804724,-0.1012507880189184,0.7394503207068298,1.0224037549273917,-0.015597004640051426,0
2024-02-13,427.28,431.27,425.3305,428.55,64491670,-0.015597004640051426,0.0022451413737458736,-0.018514264712638395,-0.010606172543080272,-0.0009604580359099391,0.007683128273559436,0.018485359731472473,-0.0005645797593621937,0.015489763954438076,0.01560620282905006,58.02284231505761,52.61744966442957,0.007641664707265461,0.013859526309648838,0.012598879943997207,0.01188654357783456,0.010343559347514237,0.06768099255302694,0.9423265331076931,1.4040646149958143,0.16938862777084657,0.01089721152724299,1
2024-02-14,431.26,433.65,428.8799,433.22,45092720,0.01089721152724299,0.0028472881316696785,0.006323649515808993,-0.00039225639724027594,0.006114908253152196,0.015558519678468441,0.015957035324895674,0.00872393066692112,0.015003112030429,0.015350999992327254,62.161126888166024,73.51230425055942,0.03897162865433956,0.011010802825354223,0.012469662395219848,0.009795132150399677,0.010334324730327311,0.05635953544030185,-0.30079776194351926,0.991758028980791,0.3394580231512512,0.0029777018604864036,1
2024-02-15,433.92,434.98,431.33,434.51,38796140,0.0029777018604864036,0.003974213821945849,0.0016158072111167598,0.0017891149875268741,0.006159546138705396,0.016019772762878803,0.014205242962266773,0.00990549017420883,0.014775219060472789,0.015199383811958338,63.23920380077639,79.28411633109619,0.029937422963876026,0.008400266967388631,0.012506616648638696,0.009393412125303625,0.010002535998175176,0.049923882357370594,-0.13963628718782095,0.8732137822239785,0.5294016434983657,-0.009067685438770123,0
2024-02-16,434.89,434.99,429.85,430.57,53716480,-0.009067685438770123,-0.014826678869694576,0.0008745483418102218,-0.004319694383934758,-0.0033240279070197998,0.0057027271017930925,0.010065903110865193,0.0006328374480750742,0.013865570078976928,0.015043888589284515,57.820623464719574,61.65548098434002,0.0036362788746182595,0.0119376640267552,0.012687417675572906,0.008684440556908797,0.009453177411380435,0.04809107366675934,0.38458310543265384,1.2320657828622503,-1.4348174282125923,-0.007548133869057283,0
2024-02-20,428.55,430.08,423.5,427.32,53999450,-0.007548133869057283,-0.018422382505627777,-0.004691455512460196,-0.008156273645998247,-0.010588270705938818,-0.0025396351141903084,0.005662826091016093,-0.005861687030503937,0.012380259162441168,0.01460269623928077,53.73089022006747,47.11409395973149,-0.0026374139339478964,0.015398296358700702,0.013335523060670488,0.00903761218030839,0.009650537509411906,0.046018655253102905,0.005267843313634835,1.2257377634686317,-1.7243256701010237,-0.00400168491996622,0
2024-02-21,424.55,425.7,421.63,425.61,50179700,-0.00400168491996622,-0.006860343017150883,-0.006482261537021361,-0.010775230914407019,-0.014095599902709033,-0.006778067019902356,0.004040703406769319,-0.008338705607602526,0.010716508243634293,0.013872394775240725,51.66042646913506,36.568213783403735,-0.004630604083350809,0.009562745236249132,0.01291583173059172,0.009103028381929043,0.009669420716591983,0.04516807080801206,-0.07073683157884014,1.117253394451185,-1.5304283992740808,0.029275627922276115,1
2024-02-22,434.49,439.12,433.71,438.07,53887750,0.029275627922276115,0.011195235677023074,0.020864171424543665,0.01589458647174502,0.013340180382740652,0.02084117387297235,0.004869193582778042,0.01745372946721946,0.011257704763952445,0.013033799386904134,62.883607522304814,93.88920616790409,0.014074399870367404,0.012349624489236937,0.013870010989763542,0.01281109370410397,0.0116088943096821,0.04883311846747891,0.07389541986101955,1.1906150035132783,-1.3012184714856185,-0.002944734859725684,0
2024-02-23,439.65,440.59,435.79,436.78,39853860,-0.002944734859725684,0.005224275620814289,0.0036067295181134718,0.011837746426668572,0.009424500002310765,0.016599635050087436,0.004706178080661205,0.012206202560108181,0.011591462855826568,0.012776127632149964,61.29686033891903,79.9050632911392,0.009219251831142028,0.010989514171894215,0.013328792527130356,0.012884866506583678,0.01165111146717367,0.05085393810370543,-0.2604282049259804,0.8849576543810098,-2.858514502861341,-0.0005265808874032052,0
2024-02-26,437.6,438.6,436.355,436.55,33043240,-0.0005265808874032052,0.013888566319065543,0.0018773753376988278,0.008510716942425667,0.009009550400783883,0.014560117131668493,0.005998349930859792,0.009859611461534579,0.011658941038149585,0.012558075280671651,61.00130946052906,78.69198312236304,-0.0011440338634023384,0.005142595349902656,0.012948852201515116,0.012505077613133415,0.01153643748710011,0.051021706758404894,-0.17088984605255297,0.7370775005721326,-2.6668333593114077,0.002405222769442217,1
2024-02-27,437.67,437.99,435.025,437.6,33713220,0.002405222769442217,0.024056912852195245,0.0025655709540717275,0.006157425929247173,0.010908385272524912,0.015884807577349225,0.009667852562056378,0.010378382016536625,0.011737796010815487,0.01236991343210315,61.904366882181826,84.2299578059074,0.005191344696099609,0.006775594149908665,0.012585613084356224,0.01244741751979633,0.011357253716285964,0.05290936081050734,0.020275856725914254,0.7562239434263033,-0.8419452607648164,-0.005324497257769734,0
2024-02-28,435.43,436.67,434.3,435.27,32938820,-0.005324497257769734,0.02269683513075349,-0.004958866544789831,-0.00362592536636952,0.003967247145657771,0.009307696588569003,0.012980688964327358,0.004226355698361051,0.011323275228447355,0.012213558701605733,58.65838034840958,71.9409282700422,0.015680784039201923,0.005444896271279906,0.01233462645517232,0.011337819227048282,0.011312863762237214,0.05222804188080317,-0.02297021761789586,0.742015832558467,-0.4713410663291785,0.008569393709651596,1
2024-02-29,438.23,440.09,435.02,439.0,42495150,0.008569393709651596,0.002122948387244028,0.006800376777632344,0.00448471535786199,0.01122249659086716,0.0153634434466845,0.010830157913300553,0.01083642527358597,0.011406095421875243,0.01196904723207059,62.08578288928326,91.61392405063303,0.013341950971792471,0.011548974943052376,0.012706557110315651,0.01114836337967377,0.010293406008671891,0.04421913693012461,0.29012362920104606,0.9810674278371699,-0.8137456549722049,0.015056947608200533,1
2024-03-01,439.9,446.58,439.84,445.61,43853030,0.015056947608200533,0.020216127112047344,0.0020501138952162545,0.015505713230903773,0.023830639787886243,0.027831085195505034,0.01213717638809464,0.02195980822920962,0.012430337665866565,0.011919270082270486,67.26503260620794,96.11222444889792,0.025546017352880313,0.015125333812077845,0.012922815274086558,0.0119650144622594,0.01047150977238599,0.045973110050896424,0.0319537641354366,1.020848333160643,1.453406101993588,-0.00356814254617277,0
2024-03-04,445.61,446.04,443.77,444.02,34325690,-0.00356814254617277,0.017111441988317377,0.0,0.008448784919373065,0.017034561583937124,0.022393790388780088,0.013828174199765453,0.015452341729198293,0.012985404981286006,0.012166642622058835,64.96607104845077,89.73947895791582,0.031237661704252462,0.0051123823251205775,0.0126119640685426,0.011486501592695977,0.010010085476325287,0.049539296765839486,-0.21725613942753785,0.823284359351878,1.4092255043629576,-0.017949641908022063,0
2024-03-05,440.94,440.95,433.65,436.05,57917140,-0.017949641908022063,-0.0035420475319927203,-0.006936624476374886,-0.00895474897156745,-0.003214037526059643,0.003164436837219675,0.012228690663933506,-0.0023487954008818424,0.012021329138108116,0.012315482719347917,54.846990850642754,57.79559118236482,0.020429654591406887,0.016741199403738128,0.01290153488295903,0.012940725677640675,0.010928786188977203,0.04794241501886505,0.6872826154405054,1.3597169320209852,-0.9179194726341906,0.006283683063868839,1
2024-03-06,440.32,441.99,436.89,438.79,46234460,0.006283683063868839,0.008086934546373659,0.009792454993693411,-0.004320458186405807,3.6465241787464464e-05,0.008169159384193936,0.012543812588386105,0.0033150325877080444,0.011372849974931685,0.012065433487357011,57.30888222094108,68.77755511022058,0.030967317497239355,0.011622871988878559,0.012957711629057836,0.012810030088094912,0.010968441789101316,0.04600931523023855,-0.20171368959171676,1.0723666443388673,0.8971361207429034,0.01517810342077075,1
2024-03-07,442.42,446.72,440.86,445.45,44526670,0.01517810342077075,0.014692482915717564,0.008272750062672252,0.007841912829423592,0.013510438850361295,0.021891112219908804,0.013939884035030214,0.015645977708054204,0.011825293285840597,0.011873091540620597,62.64085008033923,94.93822239936213,0.016846622685872115,0.013155236277921234,0.013450283020380673,0.010102236764003212,0.011229464739367052,0.04985992407207068,-0.036937600222864075,1.0246588922846023,0.9338775499048982,-0.014434841171848678,0
2024-03-08,445.81,448.64,438.34,439.02,72095960,-0.014434841171848678,-0.01478871659074088,0.0008081715119543365,-0.0037352552727009103,-0.0016282496770790855,0.006421086656014596,0.010194420692358763,0.0008335800021659345,0.01118823378462946,0.011875237074942284,55.4413077460398,64.38356164383559,0.005128439946884056,0.023461345724568382,0.014486811534782018,0.011276657545647807,0.01178656834589939,0.04973667402744047,0.6191635260395623,1.582251680624858,-1.4421341253262643,-0.0037128149059267868,0
2024-03-11,437.51,438.66,435.44,437.39,45859990,-0.0037128149059267868,-0.014931759830638214,-0.00343947883923279,-0.004438475895661598,-0.005524987494884281,0.0026453571002851284,0.007115414592101299,-0.0024399764450764305,0.010167487786381527,0.011569091111113679,53.75465890483857,58.348759718622716,0.0019241782155536846,0.007361850979674952,0.0139708596120494,0.011355787835220713,0.011626678616588452,0.04976475105250632,-0.36390346976446397,0.9967131388434637,-1.5960434485866068,0.014335032808248993,1
2024-03-12,439.73,444.02,436.46,443.66,55300910,0.014335032808248993,0.01745212704965038,0.005349916550447142,0.006346657230607455,0.007342890746686148,0.01604939402544825,0.009641545212205394,0.01001717403640856,0.01021630675205533,0.0111677346156863,58.93043974935931,66.7778519012678,0.013848263254113258,0.017040075733669932,0.014074484321971139,0.012202405230689346,0.012004820430992177,0.05192696757992217,0.20586397860095484,1.1737157164050231,0.5322760392199032,-0.007686065906324702,0
2024-03-13,442.65,442.67,439.12,440.25,37928690,-0.007686065906324702,0.0033273319811297775,-0.002276518054366017,-0.0020491710377781303,-0.001528608104798046,0.0068909996180561706,0.008958528212388295,0.001906667267409512,0.00971222418469304,0.01094583316556168,55.30513225641641,44.02935290193475,0.011441174443448832,0.008063600227143693,0.012728157702604048,0.012369644239239303,0.011550385636134426,0.04926386213175475,-0.31413985773471,0.8283552135607022,-1.0960966198643147,-0.002521294718909717,0
2024-03-14,441.5,442.03,436.39,439.14,52195210,-0.002521294718909717,-0.01416545066786401,0.0028392958546279434,-0.0017095105162175939,-0.0040776707836476245,0.003672865818121096,0.005391593319818089,-0.0005241870259249382,0.008966086758169468,0.01057201782736105,54.13763010279102,36.624416277518385,0.00031890660592259756,0.012843284601721516,0.01289696094314213,0.012131096680402922,0.011358467187398098,0.04858894327048907,0.37614059436273695,1.1311601276360455,-2.9003435938145214,-0.01188686979095499,0
2024-03-15,436.07,438.8733,432.7417,433.92,73069820,-0.01188686979095499,-0.011616782834494965,-0.0069909368310788755,-0.011283472174119069,-0.01330016440449433,-0.00819079161652414,0.0031279749762003206,-0.010516461103933228,0.0073998150766994494,0.010039321254107093,48.9087245214177,7.4114842467435835,-0.02623370211620024,0.014130715339233019,0.013735793958069967,0.011410262558797542,0.011685927138179326,0.048768353709403085,0.39993344216835225,1.526844210646763,-2.908078549941741,0.008204277286135708,1
2024-03-18,438.73,441.04,437.24,437.48,47323800,0.008204277286135708,0.00020576602117117204,0.011084992625368661,-0.003212650094556624,-0.003723398198649419,-0.0008427562926944798,0.0023775319802032957,-0.0020302184922642574,0.006604134527184902,0.00928692780802846,52.29294279227289,29.803815502286636,-0.014729066258276524,0.008686111365091,0.014302417090087392,0.011895823172579029,0.01161883071582716,0.04639989868979789,-0.35234820614037365,0.9955123919139582,-1.1392929000445906,0.002491542470512975,1
2024-03-19,435.45,438.98,433.33,438.57,43004110,0.002491542470512975,-0.011472749402695825,-0.004640212123982912,0.0015940731537982256,-0.0018139732842931133,0.00036153248717241127,-0.001230579033624779,0.0003860437963190133,0.006136122268547901,0.008638301686454712,53.31264204754797,36.65989445412409,0.00577915376676974,0.012882778119798514,0.014649607979179097,0.01040215396827171,0.011452119499963866,0.04045085918808194,-0.09127944078877859,0.9152271820500837,-1.4370728446326255,0.011856716145655088,1
2024-03-20,439.78,444.11,438.06,443.77,43653490,0.011856716145655088,0.007995457126632521,0.0027589666415850367,0.011842873299040546,0.008877723847089625,0.010130440374260807,-0.001692390162512547,0.010343641888564958,0.006580193742601621,0.008145702710714152,57.932203679468245,69.36779404087228,0.01134939264796353,0.013633188363341396,0.01463568643988683,0.010877434897782364,0.011609118613866097,0.031109762286165975,0.01510041714617505,0.935544518012941,0.16810974021898778,0.0047321810847962276,1
2024-03-21,448.88,449.34,445.67,445.87,39345650,0.0047321810847962276,0.015325408753472658,0.01151497397300405,0.013520578648033021,0.01355513779048767,0.014010386402840913,0.0004832736158759676,0.01276817301335309,0.007252633451140028,0.007936396548139268,59.66782028261047,79.09424459131374,0.0009428667639466148,0.008231098750756855,0.01424475103249187,0.009835741874065579,0.009737767059302984,0.03365918734019146,-0.09868260246775229,0.8565702243017639,2.0344663874991595,0.001143831161549258,1
2024-03-22,445.35,447.49,444.49,446.38,28253900,0.001143831161549258,0.028714970501474868,-0.0011662592235404112,0.008964454108594921,0.01301960997905316,0.014063261390832915,0.005053505365303135,0.011758859601873173,0.007803424064413419,0.007902548030623364,60.09837679389953,82.16684841218691,0.016764612090565345,0.006720731215556252,0.014345288767417906,0.008400115836788761,0.0096950114748704,0.03558826667527755,-0.28190536946269795,0.6229645170357001,5.0,-0.003629194856400342,0
2024-03-25,443.55,446.26,442.54,444.76,27789150,-0.003629194856400342,0.016640760720489922,-0.00633988978000799,0.002005091580868257,0.007657800534686565,0.009441670449387152,0.007421697684975026,0.006834334361416339,0.00789165130406434,0.00792339616585767,57.98102096912644,72.4068127458837,0.016849950844783912,0.008364061516323344,0.013348820551694018,0.00839417321004471,0.009747632359920193,0.035814841908603484,-0.01644905659041762,0.6162870693096661,3.4735119582216174,-0.0032377012321251897,0
2024-03-26,446.3,447.225,443.09,443.32,34142040,-0.0032377012321251897,0.010830654171511966,0.0034625415954672167,-0.0033721505327998225,0.0044726812976667585,0.005520701496531943,0.008922941531370965,0.0030229192829078766,0.007614949665154398,0.007882296400100911,56.08935811161368,63.73122548694756,-0.0007663526123609099,0.009327348190923143,0.013101355357626236,0.007212313276466333,0.009785715061816495,0.035595133427326654,0.2286104468830461,0.7568168633016825,1.4239705890080177,0.0034061174772173075,1
2024-03-27,446.44,446.54,441.93,444.83,41359240,0.0034061174772173075,0.002388624738040024,0.007037805648290263,-0.0004538999442736946,0.0068491910439922865,0.007852928648462543,0.008310600773964394,0.005443274065463077,0.007537337133544315,0.007791899034456067,57.64967830938838,72.82854268208195,0.010403180011357094,0.010363509655373995,0.012523773126812503,0.0067458714161591354,0.009697390404664526,0.034284373877937334,0.21138748592644152,0.9083214291479246,1.3759613056306754,-0.0018434008497628662,0
2024-03-28,444.78,445.64,443.65,444.01,36839640,-0.0018434008497628662,-0.004171619530356385,-0.00011240249083921405,-0.0014617910313496907,0.0038865814588133762,0.005424414279875389,0.006896286240601235,0.0030358794798992506,0.007277249335823626,0.007700481190778324,56.476051931402885,67.88827771518778,0.011089857448649543,0.004481881038715365,0.011210059618991866,0.006709235904432617,0.00955553298365083,0.03427486878121121,-0.10927666949392689,0.814118967434691,-0.8658095541992507,0.0021170694353731534,1
2024-04-01,444.97,447.53,443.02,444.95,38728950,0.0021170694353731534,-0.003203548546081847,0.002162113465913107,0.001296205448563681,0.003509294216881731,0.007628263412303049,0.006323860940732118,0.004362163448360379,0.007133420336035162,0.007574054609546592,57.543090305657756,73.55150828699333,0.025419432153392263,0.010135970333745345,0.011335671744818854,0.0049128408352523325,0.008944462665698967,0.03396987941845231,0.05128470310784805,0.8607442221199905,-0.5222727933989575,-0.008630183166647876,0
2024-04-02,440.08,441.43,438.03,441.11,44259670,-0.008630183166647876,-0.008206673261983988,-0.010945050005618628,-0.0057117869282579115,-0.005964976327133886,-0.000738498899047535,0.005001857573918134,-0.0036456707651983944,0.006317560375557175,0.007375503367111628,51.94099987903994,50.41660892983038,0.008297522172442173,0.007707827979415643,0.011330717637647899,0.005588074940358895,0.009119576572063939,0.033587912615243985,0.14280583387879098,0.9729233693264541,-0.8998423894307026,0.0022443381469474666,1
2024-04-03,438.96,444.0,438.95,442.1,39949750,0.0022443381469474666,-0.002751962465036506,-0.004874067692865802,-0.0029318899413620647,-0.0045259057440723005,0.0008183574671438709,0.0037612750530007233,-0.0011929249991659008,0.005723895243075833,0.007031968897548186,53.20584456376916,56.38107517034904,0.0080488861527237,0.011422755032798035,0.011387743561573028,0.005580502177074062,0.008125021533803513,0.03155025083417878,-0.09737804190587052,0.895873808152413,0.96796167790899,-0.015290658222121833,0
2024-04-04,446.33,446.95,435.11,435.34,57267660,-0.015290658222121833,-0.021333992761279563,0.009567971047274249,-0.01395690166748953,-0.017883126873870614,-0.0140998174678304,-0.000144938695461172,-0.013967594708149456,0.004046736901219102,0.0065222769518082134,44.5783841342875,15.6540127603429,-0.01899632692611042,0.027197133275141214,0.012581840794387325,0.00618336336825517,0.008755269781185402,0.03365856153365906,0.43349232473294586,1.2685351984169133,-1.375016373282176,0.011783893049111205,1
2024-04-05,436.78,443.17,435.96,440.47,54744630,0.011783893049111205,-0.007972793405553902,0.003307759452382042,-0.0007350372282742823,-0.005097949752330355,-0.0019192553198718043,-0.0011850891762608118,-0.0019877363764283507,0.0035155696053476497,0.00586016534014495,51.063422897098675,44.59712679575295,-0.012111153475228176,0.016368878697754753,0.012667475326680286,0.007321041174926121,0.00846639785137231,0.03269225196424017,-0.04405680273997581,1.1990777563319541,0.6787808129587719,0.0002951392830385924,1
2024-04-08,441.41,442.5,439.2,440.6,28144940,0.0002951392830385924,-0.009776379368468313,0.0021340840465866595,0.0015366290541092287,-0.003503343895383648,-0.0018033693100979464,-0.0033348739000804706,-0.0014330672438163106,0.00311889872720423,0.005310528773808792,51.21919619528611,45.409119300437496,-0.012948608808638351,0.007489786654561986,0.012044452370144629,0.007295809651386632,0.007808038238718696,0.03236167847526278,-0.4858867435947599,0.6476344941474841,0.4749366717379789,0.0036995006808897557,1
2024-04-09,442.96,443.24,437.44,442.23,39521570,0.0036995006808897557,0.0025390492167487455,0.005356332274171427,0.004730227105428142,0.0007558339518800583,0.0013404643622152435,-0.0033738038846294893,0.001912600043119106,0.0030571931510783024,0.004844202536310053,53.22949414094765,50.03513703443446,-0.005688461192553174,0.013115347217511276,0.01202428600502003,0.0074007708204182135,0.007787998752359409,0.03122161573987513,0.4042158199662178,0.9160993215269851,2.392522055989533,-0.008728489699929898,0
2024-04-10,437.0,439.24,436.28,438.37,61502190,-0.008728489699929898,-0.008437005202442949,-0.01182642516337662,-0.0023486465696561654,-0.006866771937535265,-0.006804894267553374,-0.004466738487924449,-0.005787500661430411,0.002306860864698655,0.004370858109718973,48.16720120863706,22.90934645115952,-0.01116574934584491,0.006752286880945403,0.012113869888124535,0.007814802218834845,0.007338507082940363,0.03159749885317093,0.5561676826097748,1.4154311715866108,0.07548874395117128,0.015968246002235453,1
2024-04-11,440.26,446.33,437.96,445.37,45474550,0.015968246002235453,0.023039463407911187,0.00431142642060367,0.008975822821516655,0.008868401082783084,0.00846976934285415,-0.0005015516400058706,0.008523050269180432,0.002899139801070024,0.004021556086594329,56.286301476178544,82.6086956521741,0.0012139469010634674,0.018793362821923353,0.012372537761540188,0.009456011874239882,0.008007583139067966,0.03248226464730521,-0.26060275251986964,1.037556660052553,2.318856166245575,-0.015941801199003125,0
2024-04-12,441.1,442.24,436.88,438.27,53665000,-0.015941801199003125,-0.0049946647898836405,-0.00958753396052714,-0.00611835779466996,-0.005922232983503584,-0.007509296037464863,-0.0013995008899737593,-0.006399812082704792,0.002120640480737912,0.0036934925231656606,48.06279142671168,25.44283413848614,-0.0129276367649378,0.012229903940493335,0.013467725374769004,0.010750539624352077,0.008806171616645419,0.0328194661453643,0.1801106333102802,1.2223820163039316,-0.044372684736534926,-0.016451046158760585,0
2024-04-15,442.06,442.15,430.21,431.06,63453620,-0.016451046158760585,-0.021652292328642853,0.00864763730120699,-0.0182207443174055,-0.019185787227071316,-0.023520590427303256,-0.005398205430825698,-0.019313840755787237,0.0001397054986689965,0.003032157622960847,41.44138329411082,4.907621247113298,-0.031216990673109346,0.02769916020971558,0.015035195630704407,0.011668987432405822,0.009179937304587337,0.03606775296545338,0.18240231063076484,1.4613518944759156,-1.7757715712719968,9.279450656518584e-05,1
2024-04-16,430.9,433.76,429.7,431.1,47618960,9.279450656518584e-05,-0.025167899057051746,-0.0003711780262608544,-0.013126267644002043,-0.016855534093059954,-0.02272376928029296,-0.00972515664529694,-0.016313724255023754,-0.0014341557848582423,0.0021386698682262224,41.48954304892765,7.851934941110686,-0.02269275237469115,0.009417768499188128,0.015021373894025273,0.011535348896727181,0.0089614669292963,0.04109678074823091,-0.24954699196042718,1.0963033131863822,-1.5738460159184837,-0.012201345395499996,0
2024-04-17,433.1,433.12,424.9,425.84,56880540,-0.012201345395499996,-0.028583160344001657,0.00463929482718628,-0.019542833987217012,-0.025236629164615998,-0.03325292999233809,-0.013983370697238984,-0.024064542080825313,-0.0036689773333313342,0.0009982740057972398,37.161450386695414,4.153778170570031,-0.03677900927392008,0.019303024610182292,0.015812444647218298,0.011813540159841885,0.009282884006266917,0.051421810339178406,0.19449353786810963,1.2889384367106305,-1.514561406720746,-0.0057063685891413085,0
2024-04-18,426.49,428.24,422.83,423.41,46549360,-0.0057063685891413085,-0.0493073175112827,0.0015263948900996471,-0.015179003386550538,-0.02814502653372264,-0.03654292277393534,-0.021693200552029057,-0.025189414638431162,-0.005852822344771146,-0.000367361894374136,35.327947822658686,2.348178137651989,-0.027403868240915008,0.01277721357549426,0.0164801425163722,0.011136028714967482,0.00877667243521331,0.06156894264664986,-0.18162942897518197,1.0513796181849435,-3.224282825046497,-0.020689166528896408,0
2024-04-19,422.22,422.75,413.07,414.65,75230990,-0.020689166528896408,-0.053893718484039566,-0.002810514631208516,-0.0248393742415548,-0.04257775520099749,-0.05311269363348747,-0.02899349978363064,-0.038649062263215295,-0.009323938137512942,-0.0021648859266887996,29.648851260878004,4.66351829988189,-0.05861920221581507,0.023344989750391915,0.017832595476391485,0.01117162393255276,0.009513196024035211,0.07828801893100587,0.6161551952593978,1.6330132632555632,-3.3564563666047973,0.010056674303629665,1
2024-04-22,417.31,421.18,413.94,418.82,47807660,0.010056674303629665,-0.02839511900895464,0.00641504883636812,-0.009329081946428786,-0.028061413931382728,-0.040571048300176105,-0.03153616986671037,-0.02463226906757565,-0.010928199068096731,-0.00390030472838275,35.00505462628588,16.971664698937428,-0.04943259192010896,0.017286662528055035,0.017709619543342894,0.012162086146579593,0.009945080870979995,0.08539906444134525,-0.36452172170006003,1.0161787680489893,-1.5183885978605884,0.01492287856358332,1
2024-04-23,420.77,426.28,418.8715,425.07,44384740,0.01492287856358332,-0.013987473903966707,0.004655938111838065,0.008331000716390147,-0.00961332351652866,-0.0240525685002273,-0.0321160107083982,-0.008539910494704483,-0.010781967083843796,-0.005230758817933298,42.11812494280583,35.41912632821724,-0.0388033376297402,0.017428894064506897,0.01785420216502159,0.01349760552331117,0.010730662089811677,0.08673157575480682,-0.07159773140956904,0.9270715135896613,-1.5962237342584984,0.0033876773237349056,1
2024-04-24,428.2,429.73,424.2,426.51,48440310,0.0033876773237349056,0.0015733608867181115,0.0073634930717294544,0.011425400529296192,-0.0035045910142287306,-0.018852993578411192,-0.029936359213306507,-0.00438755886722797,-0.010365061621473846,-0.006243491142121141,43.64833629489075,40.40889957907397,-0.027054771083787732,0.012965698342360155,0.01673717246622927,0.013556477662829974,0.010799205760183813,0.0870807561738959,0.09137307101494785,0.9968947359880411,0.35921154229137836,-0.004829898478347472,0
2024-04-25,419.24,425.32,418.14,424.45,57392170,-0.004829898478347472,0.002456248081056156,-0.017045321328925445,0.006044086276368876,-0.003446672833737896,-0.02129764242142651,-0.027177465750029106,-0.007792480626608422,-0.010384272437178654,-0.007095888827454273,41.9401765079558,34.21527360192423,-0.04697218043424567,0.016916008952762414,0.01690927755246288,0.0118724879559202,0.010744097484807045,0.08681997038304755,0.18480187265523274,1.161953112844583,0.14655769334433694,0.015431735186712148,1
2024-04-26,427.62,432.55,426.92,431.0,41874910,0.015431735186712148,0.03943084529120955,0.007468488632347725,0.013712162193945998,0.013662095387720008,-0.004701687619504957,-0.018164771520150724,0.006354882225465985,-0.008873614600110725,-0.007365163779071735,48.80106678522248,53.9085989176188,-0.016587948068542135,0.013062645011600918,0.017447795823665926,0.012698814101981586,0.011452693152914169,0.08412001267352183,-0.27037242188263655,0.8434936091801388,2.6076606819872583,0.004060324825986061,1
2024-04-29,433.13,433.76,429.98,432.75,30022160,0.004060324825986061,0.03326011174251464,0.0049419953596288035,0.011202086195777339,0.01737351890163641,0.0007492611452597497,-0.01033702876330278,0.008820532214130594,-0.007358789227034749,-0.007340061649044002,50.48461798584002,59.17017438364405,0.0039205679023801565,0.0087348353552859,0.017043822728398144,0.011646152552241922,0.011492485249901057,0.08014846997852638,-0.2830513546178368,0.6100915662860182,2.416097361407949,-0.018856152512998325,0
2024-04-30,431.15,432.56,424.51,424.59,43665930,-0.018856152512998325,-0.0011292257745783019,-0.003697284806470247,-0.007642686860187986,-0.0002801918490072941,-0.016241890639481116,-0.008665430954587605,-0.008645982246682893,-0.007766861298252723,-0.007538273795011795,43.32993709006736,34.63619963920621,-0.015100904662491366,0.01895946677971693,0.01775662571960179,0.013154996501328049,0.012048559368969402,0.07951962998971385,0.4544566413609148,0.8878873756999399,0.43540364961380423,-0.0072305047222025465,0
2024-05-01,423.15,430.14,420.66,421.52,52251710,-0.0072305047222025465,-0.01169960844997775,-0.0033915071009680275,-0.012514583167393623,-0.006498113260911986,-0.021020923378490486,-0.008614142615271492,-0.01341368777365426,-0.008525698940958096,-0.007779680821829992,40.977031056832516,28.968117929379446,-0.010144655269584857,0.02249003605997334,0.018074044952959372,0.012792191040260118,0.01206587337354676,0.07885542387269694,0.19662423312637567,1.0493432230109723,-1.807510054754988,0.012763332700702179,1
2024-05-02,425.3,427.81,420.63,426.9,36559010,0.012763332700702179,0.0057721757568618415,0.008967546023913586,-0.0010576761077518704,0.0053553009000859575,-0.007553196683009911,-0.006502398006272281,-0.0006952527032074718,-0.007860270909009757,-0.007717364202917488,46.46352473490796,47.55845942228333,0.008242601733544186,0.01681892714921529,0.017627078941204043,0.013349600401280312,0.012108178594792249,0.07856206352540682,-0.30032892703415826,0.7497861815853495,0.30675274687958903,0.020098383696416144,1
2024-05-03,434.44,436.48,432.62,435.48,48515250,0.020098383696416144,0.010394431554524353,0.01766221597563833,0.016887411032859623,0.020554991809406342,0.012980940894325332,-0.003841595535700959,0.016357416911303435,-0.005617339645253615,-0.00717571883053961,53.83385777336716,95.7283212302435,0.05023513806825042,0.00886378249288145,0.01689268983978272,0.012201511793169468,0.012695398492732891,0.07627326960757419,0.32703949040195557,1.0013926644748015,0.4544431778621766,0.010953430697161703,1
2024-05-06,437.3,440.34,436.52,440.25,30227200,0.010953430697161703,0.017331022530329365,0.00417929640856074,0.024437577370924446,0.026577933646106278,0.024118246402501375,-0.00031171344694591596,0.02316282300263195,-0.0030106213718914497,-0.0062805016260164765,57.34929484490408,99.66996699669977,0.05116756601881489,0.008676888131743311,0.016839458100105474,0.01224617875630823,0.012951340772913829,0.076055788621498,-0.37695466889277085,0.6225751266559821,0.4588557568894101,0.00015900056785911332,1
2024-05-07,440.7,441.97,439.58,440.32,30996090,0.00015900056785911332,0.03704750465154616,0.0010221465076660774,0.017154314913119695,0.023103000392679096,0.024508680472746347,0.007230334131016036,0.01966639338654308,-0.0009688580849899132,-0.0052173741621537855,57.40056020064062,94.29065743944625,0.03587644387983158,0.005427870639534982,0.015891040282392042,0.011808495539223418,0.012922853807372936,0.07475167514503614,0.025437023607876252,0.6440663332787366,2.368325119922381,-0.0005904796511627675,0
2024-05-08,437.67,441.48,437.55,440.06,24896720,-0.0005904796511627675,0.04398367811728976,-0.006018350290697638,0.007920256893005462,0.019289744563757205,0.02370245957508188,0.01565818582784151,0.016084157384109066,0.0005947275255324001,-0.004057419883394279,57.125903100966184,93.39100346020753,0.03176947785515005,0.008930600372676468,0.01566020218022219,0.01188298365454014,0.012765256482381072,0.07569803994778915,-0.19677869047354035,0.5377802139238883,3.545703661693817,0.0021815207017223948,1
2024-05-09,440.33,441.6,438.46,441.02,24580120,0.0021815207017223948,0.03307566174748189,0.0006135526973594096,0.003627459458475313,0.01760773808287719,0.026455038769613193,0.022745072482826423,0.015441787155578313,0.0019831281576742662,-0.0028422446126925953,57.92641318090188,96.6107741705314,0.03903875603722473,0.007119858509818247,0.014459985617756256,0.011559253087331155,0.0122341107095212,0.07213106033541695,-0.012716534547522751,0.5431995990773386,3.4362867456648973,0.002358169697519452,1
2024-05-10,442.54,444.31,440.499,442.06,27116570,0.002358169697519452,0.015109763938642384,0.003446555711759114,0.0029904116240340173,0.017411017388002215,0.028422005243774917,0.025355769432094943,0.015051013258846835,0.003229820592781852,-0.0016224821902518249,58.82336570151787,91.40236912495224,0.025661252900232023,0.008621001673980859,0.013871904912713862,0.010825764563311054,0.011684049380285614,0.07455317191823935,0.1031911154217311,0.6173632472733488,3.193490338979238,0.002307379088811512,1
2024-05-13,443.99,444.09,441.65,443.08,22994190,0.002307379088811512,0.006428165814877929,0.004365923177849229,0.004015336227759292,0.017339872522547317,0.029355735008502526,0.025239055486892426,0.014677979723305201,0.004347455399793122,-0.00042550662162613986,59.73012438038508,95.29996178830716,0.023870595031773467,0.0055069062020402584,0.01303070067965799,0.010813491061222149,0.010984019347609045,0.07936917341979126,-0.15202438951534059,0.5487843449640294,3.0934280536872563,0.0064322469982847075,1
2024-05-14,442.65,446.465,442.46,445.93,34478320,0.0064322469982847075,0.012740734011627897,-0.0009704793716710514,0.007910855954614382,0.01889129053927463,0.03419525934893475,0.026078103275736453,0.017884044677856314,0.005656109133935702,0.0007929921065887057,62.23269446649604,98.11120917917044,0.050260251065734174,0.00898123023792971,0.01270314687442937,0.007832555065881602,0.011034648484220862,0.08551186506854162,0.49943616191742346,0.8359759206351545,3.1429493789323937,0.015630255869755194,1
2024-05-15,448.43,453.15,446.9,452.9,41464650,0.015630255869755194,0.029177839385538196,0.005606261072365726,0.017757383179250352,0.02745009074410154,0.04707442227686087,0.02880552829401295,0.028446884740855216,0.00776422083938384,0.0021774747178279303,67.54475961214754,99.23124231242312,0.07444486619851953,0.013799955840141312,0.012326278270195251,0.0071948339116914345,0.01093707562319899,0.09537055079768385,0.20262965248886844,1.0245166317403984,5.0,-0.0020313534996687643,0
2024-05-16,452.71,454.69,451.81,451.98,34780410,-0.0020313534996687643,0.024851480658473646,-0.0004195186575403076,0.010711330754265669,0.019562020085358345,0.0415077644152666,0.03047005878327136,0.02221263471057755,0.009252341985969276,0.0035959939508984785,66.2207796478717,92.04345273047569,0.05874912157413914,0.0063719633612106625,0.011526426580190017,0.007447127244143958,0.01081073382753637,0.10085019265702701,-0.16120333826524524,0.8720401365406197,2.837498307262376,-0.00048674720120367443,0
2024-05-17,452.11,452.72,449.5399,451.76,35803720,-0.00048674720120367443,0.02194272270732478,0.00028762334616572183,0.005855765591254114,0.015337037236816009,0.03656878660463825,0.0305342197798415,0.018313114611698378,0.010266595436398124,0.004931515201901716,65.88818379793855,91.39753376394596,0.03738403600624585,0.007039357180804052,0.011437188519820899,0.005674284337895883,0.009284901339293463,0.09761312539040155,0.02942202233958713,0.9443754201770219,0.8362675272232768,0.006972728882592705,1
2024-05-20,451.98,455.58,451.785,454.91,24474230,0.006972728882592705,0.026699467364809992,0.0004869842394192858,0.007561528784308269,0.01905905439491762,0.03949253588101276,0.03169137187604942,0.021420013698382867,0.011417329216110026,0.006201359593829588,68.34009480181066,98.08297567954232,0.03329926178307785,0.008342309467806728,0.010663977490052982,0.0052304928200188295,0.009210201717527415,0.0974393075306149,-0.31643332033654603,0.6660393770786066,0.8723052037080647,0.0019564309423840687,1
2024-05-21,453.04,455.99,452.84,455.8,23167720,0.0019564309423840687,0.022133518713699507,-0.004110703216020806,0.005138156879176181,0.017524277263087473,0.03788224658925432,0.03257670548668079,0.01974439256573768,0.012376342037332573,0.007426669009184844,69.01770140748921,99.46266968325793,0.03515625,0.006910925844668789,0.009651178461731351,0.005140934920889686,0.008864182429473167,0.0998772833341197,-0.053383089069605094,0.6492272629593729,0.5799481911066472,-0.00019745502413348603,0
2024-05-22,456.06,456.82,453.08,455.71,25120040,-0.00019745502413348603,0.006204460145727619,0.0005704256252743178,0.0036957747471544344,0.013781520082755794,0.03423898180646279,0.030430741891887214,0.016486847831968854,0.012990944649194333,0.00854069751536291,68.85720895178814,95.4132231404958,0.035563332272871895,0.008206973733295318,0.009113894488035955,0.00510781341765214,0.008903447209705664,0.10108224230838922,0.08426897424519986,0.7277151495684007,-1.676439515767849,-0.004498474907287386,0
2024-05-23,460.55,460.58,451.8503,453.66,40899230,-0.004498474907287386,0.003716978627372969,0.010620789537205688,-0.0015582083245299083,0.006391158416873877,0.026185068900932862,0.027786574497154604,0.010062807618190117,0.013022238459108064,0.00946788068521055,65.14144955783472,71.23857024106418,0.028660831708312573,0.01924282502314504,0.009021199009957117,0.005703287199033493,0.008887707862835808,0.09783444051992453,0.6281514679116753,1.213828383219305,-1.8124999749105042,0.009456421108319013,1
2024-05-24,455.29,459.23,453.5674,457.95,29669460,0.009456421108319013,0.013701965645475545,0.0035929991623682156,0.005144796161595799,0.012339511194425556,0.032741246393185985,0.027455198830033334,0.016546857129778214,0.013479254909564404,0.010199200695466969,68.92110222360323,88.58011289622233,0.035945346785504206,0.01236510536084725,0.009061875126729383,0.006066230869909241,0.008555139257926753,0.09954845893944304,-0.2745716728652349,0.896788102660621,0.39391915254989374,0.003777704989627706,1
2024-05-28,459.18,459.74,456.69,459.68,26216820,0.003777704989627706,0.010485590556373658,0.0026858827382902906,0.006833712984054552,0.012448571453743007,0.033504354981586326,0.02648961954053508,0.017196661904777644,0.014027645916356959,0.010934182087011557,70.31875157275171,96.09205384281381,0.037465017604044526,0.0066350504698921235,0.00913032668688778,0.006050452562751037,0.008553654014597435,0.10165530381104257,-0.11637016649443566,0.7970123429838499,0.44924643940265496,-0.007048381482770649,0
2024-05-29,455.48,458.24,455.34,456.44,29739240,-0.007048381482770649,0.0014041246160596543,-0.00913679081099894,-0.0005430403251234228,0.0029906895286313517,0.022558614424564416,0.023114206696007056,0.00847137718930302,0.013872698750719599,0.011583977699065965,64.47110244970526,81.28390596745034,0.02356872154822498,0.006353518534747249,0.009259298671707761,0.006826364607703339,0.007273157391539429,0.09432985943579232,0.1343572561431936,0.9236495899453172,-1.3146587495686466,-0.010713346770659826,0
2024-05-30,455.5,455.64,450.21,451.55,30714120,-0.010713346770659826,-0.009128612494788246,-0.002059416352642174,-0.009445965392579914,-0.007460258845044754,0.008212167762218003,0.01782652186338951,-0.0019745540307295473,0.012797674087321671,0.011927074679648667,56.79456358502462,55.03211991434694,-0.002980790461470484,0.012025246373602052,0.009848363573089524,0.006186406157086653,0.007582454519116013,0.07854508202083599,0.03278093185972475,0.9869367950813247,-1.4457719646547955,-0.0018602591075186359,0
2024-05-31,451.78,452.48,443.055,450.71,55941300,-0.0018602591075186359,-0.006502667195697365,0.0005093566603919797,-0.010007336370385644,-0.00903000547472943,0.0036687543493387764,0.013814335421015844,-0.0032436456337079367,0.011564989450578505,0.011872440674336784,55.570511602266514,47.86053882725832,-0.002809858843311752,0.020911450822036368,0.010756425576154463,0.006181262631819431,0.007340765709051748,0.06492496182668006,0.8213544780055557,1.7432751933092696,-1.75609617639653,0.005369306205764257,1
2024-06-03,454.57,455.58,447.9,453.13,32997470,0.005369306205764257,-0.010525166502893368,0.008564265270351257,-0.0025797817310951876,-0.004009196534155213,0.0070786429452489585,0.00968340574959159,0.0017833207344322144,0.010818959590990003,0.011611019400519333,58.355188181992325,58.88520971302435,0.0030325836727465028,0.0169487784962373,0.011524980216967079,0.006430214014497392,0.006150253214609481,0.05861216763166119,-0.4101411658291817,1.0537649421354063,-1.6280596746350342,0.0027365215280383826,1
2024-06-04,452.87,455.575,451.1311,454.37,23767440,0.0027365215280383826,-0.011551514096762916,-0.0005737867720080336,0.002493160356544122,-0.0011650912288414528,0.00825250581935899,0.005745022201215422,0.0038259479410915898,0.010349537420229942,0.01133337333074771,59.747347555367966,64.56490727532105,-0.0011870479875140116,0.009780355217113772,0.01156252456305278,0.006072959492840802,0.005784710325367501,0.055450348559993645,-0.27971932393604726,0.7669169133009495,-1.721815028762199,0.02015978167572685,1
2024-06-05,457.98,463.61,454.408,463.53,33817410,0.02015978167572685,0.01553325738322675,0.007945066795783218,0.019513568440454154,0.017242627937139154,0.025936701478382007,0.006300193775501617,0.02028578391230651,0.011267973427455842,0.01114112272517246,68.20339291629826,99.61080029189958,0.016959192628345665,0.01985200526395271,0.01164530882575024,0.00885123703436548,0.007102111178802597,0.05649615652828057,0.42284612898991214,1.0862602639300662,0.11078058205887753,-0.0003451772269323916,0
2024-06-06,464.22,464.54,462.19,463.37,21966820,-0.0003451772269323916,0.026176503155796782,0.0014885767911463343,0.013889922148168088,0.015184942566257575,0.02294376977197521,0.008929813213474302,0.016815328402343566,0.011995978571032122,0.011315171486136746,67.93493565133562,94.55434023737484,0.016808935507230505,0.005071541101063994,0.011567630310859287,0.008854911864798792,0.007096528951207255,0.055185595988828065,-0.3504286697295861,0.7089395208023995,0.3761103597331694,-0.0008848220644409599,0
2024-06-07,463.0,465.74,461.84,462.96,25829720,-0.0008848220644409599,0.02717933926471572,-0.0007984979605930587,0.007591322213323259,0.0122242653087552,0.019569497482789133,0.011887930161163185,0.01343417528777091,0.012366956782294021,0.011533545169369094,67.20494222255249,87.74520608331484,0.020499933871180875,0.008424053913945123,0.011688945666395145,0.008644940075696928,0.00713921970555846,0.05249347294398367,0.17585157979170396,0.831930127160755,1.5459651857227326,0.004039225851045547,1
2024-06-10,461.82,465.19,461.53,464.83,20719770,0.004039225851045547,0.025820404740361402,-0.002462415759460823,0.006535126848154604,0.014786369381976527,0.02112749540049985,0.014497624735700487,0.014791215533866087,0.012778952202448618,0.011745507234347464,68.84908318158672,95.98853868194831,0.015023474178403662,0.007873846352429974,0.011617334755256174,0.008292850484993888,0.007147915871440095,0.05020000849230545,-0.1978321871084936,0.6742937995783924,1.2096669055225187,0.006862724006626131,1
2024-06-11,463.54,468.14,462.03,468.02,22053280,0.006862724006626131,0.03004159605607759,-0.0027752081406104967,0.007486944129917017,0.01989361308023052,0.025326452839737223,0.017706937855384908,0.01834704821412858,0.013450239502800459,0.012022408274461603,71.47615793777325,99.52162647000196,0.018143056038983696,0.013054997649673121,0.011989902751408696,0.00844208508057719,0.007212446691185339,0.049483667732754345,0.06435930514672705,0.7187913676446333,1.157432850699832,0.013097730866202362,1
2024-06-12,471.99,476.5,471.29,474.15,34532590,0.013097730866202362,0.022911138437641698,0.008482543481047822,0.01603716576737968,0.02927960196412993,0.03555481298751495,0.019209580001332327,0.02668039848138326,0.01474287406742837,0.012442157047991243,75.71455914481842,92.97353864553739,0.038800280431162903,0.010988083939681493,0.012548952260435994,0.008491210984707617,0.007537434066238175,0.05554594719989699,0.5658709271364621,1.1254349693381895,1.179399911336477,0.005420225666983081,1
2024-06-13,477.72,478.39,474.42,476.72,25859010,0.005420225666983081,0.02881066965923562,0.0075292628914902515,0.01573286515417549,0.029234917817949624,0.03846652354858793,0.02238153275759336,0.027149747468121488,0.016069134966039046,0.013113892044902806,77.24141035938504,95.27380783925297,0.05574133540028803,0.008327739553616317,0.011808593843645894,0.006777207972201967,0.006968356661325006,0.0653992735887563,-0.2511708504922452,0.8647488972022997,2.9976087328462473,0.005181238462829363,1
2024-06-14,476.52,479.26,476.05,479.19,23372620,0.005181238462829363,0.03505702436495595,-0.0004195334787716609,0.013982758547723018,0.028245144594626348,0.040762604740868014,0.02641055379629975,0.027339438007954353,0.01731099976951696,0.013899236813013251,78.6318921551404,99.80665653915207,0.06318919038849824,0.0066988042321416965,0.01138213890702468,0.00627972801848709,0.006902977420049685,0.0742631241073988,-0.09615178616660114,0.7968001882378578,5.0,0.012249838268745261,1
2024-06-17,479.46,486.86,478.14,485.06,37054500,0.012249838268745261,0.04352128735236538,0.0005634508232641444,0.01769094555922024,0.03375815182643538,0.04971574616901142,0.031468100162956425,0.033575769962456814,0.018897295094843114,0.014764286114054295,81.52134810430636,95.8908800365255,0.07046542934698663,0.017977157465055925,0.01207934511783523,0.006553972827727887,0.007152259366569389,0.08576012866247572,0.5853806719144024,1.2605441021278003,5.0,0.0003092400940090112,1
2024-06-18,485.01,485.9,483.43,485.21,24438570,0.0003092400940090112,0.03672919960685439,-0.00010308003133630006,0.010715193327584194,0.027325620786611937,0.04660894474139465,0.035513220391629075,0.02853193240097429,0.020107346911010477,0.01582924683523592,81.589856693049,96.2333067001483,0.06787419944098416,0.005090579336781951,0.011800325043353854,0.006764869186808039,0.007141415739347777,0.09497386784424208,-0.3404695785936931,0.8314176127246181,5.0,-0.007708002720471452,0
2024-06-20,486.42,486.8387,479.62,481.47,33918680,-0.007708002720471452,0.015438152483391532,0.0024937655860350905,-0.00012460282848425486,0.01554952773477214,0.035674375733379504,0.03580343977172862,0.017379069481695097,0.02037297827666716,0.01683636084431687,74.20297596294861,87.69546855381809,0.03870299656980136,0.014993042141774176,0.012038667295692673,0.006285456488393943,0.007549127417865269,0.0992408703143622,0.38791590506318485,1.1332137788589238,2.655013316198778,-0.002679294660103526,0
2024-06-21,481.19,482.535,478.67,480.18,39432910,-0.002679294660103526,0.007257929182748812,-0.0005815523293248859,-0.004234564163393739,0.009250093005365612,0.030188217777386672,0.034569167297777925,0.012370982589863244,0.02006658252027229,0.01751858978609577,71.78871674524561,82.85420944558521,0.03627770464207858,0.008049064933983108,0.011243938285047888,0.006497181971316137,0.007620537416277336,0.10129876195798537,0.16257206943194724,1.2866788997100145,0.3638698630136986,-0.012953475779915902,0
2024-06-24,478.18,479.93,473.82,473.96,37750970,-0.012953475779915902,-0.010914251132118857,-0.004165104752384519,-0.014996591683708371,-0.00612104957442039,0.014634229883285776,0.030081948262131952,-0.0006285444798630468,0.018764711309398305,0.017951737845452058,61.41320154569462,63.89477425837339,0.023760152064973283,0.012891383239091937,0.01119256597904587,0.008293162953399704,0.008246552231982923,0.09887950734122272,-0.04265320515275184,1.2381574918820772,-1.437159503980489,0.011435564182631586,1
2024-06-25,476.07,479.68,475.12,479.38,29250210,0.011435564182631586,-0.011709891559807062,0.004451852477002305,-0.001374885426214667,0.0021867565341373574,0.023888525199409205,0.02529819274213474,0.009123161088402387,0.018030609405377526,0.017805138392787228,66.02159970399177,76.95057315419692,0.03130176623711889,0.009512286703658897,0.011256161232067637,0.008773317023005042,0.008349152283907013,0.0994885520728078,-0.2251799092844502,0.9600093341775885,-1.7420144772170674,0.002065167508031207,1
2024-06-26,478.55,480.92,478.13,480.37,22737110,0.002065167508031207,-0.009975062344139585,-0.0017314030622888055,0.0027094048493754297,0.001670249745083785,0.02374102252626642,0.020974788483259843,0.009466667298922093,0.01754471261084992,0.017723697386519285,66.80151967861099,74.3782076589025,0.026387761206785987,0.005808022982284532,0.010273881145188705,0.00867664814425102,0.00834221940085209,0.10030981968283699,-0.222668486824539,0.7505312730248707,-1.8123515695762362,0.0025813435476820246,1
2024-06-27,480.12,483.1,479.3,481.61,26222140,0.0025813435476820246,0.00029077616466244294,-0.0005204321668713652,0.005238989772490044,0.002696147319987796,0.023638197320444476,0.018303316659174396,0.010196210523449212,0.017154834674894707,0.01757341831856694,67.79851737926032,79.27358863008294,0.015733417694822283,0.007890201615414986,0.010462481498070485,0.007868193491516656,0.008050921866762954,0.09923980423742369,0.15327497645918942,0.8706227386241272,0.03299948376165928,-0.005190922115404617,0
2024-06-28,482.41,487.2,478.46,479.11,34881580,-0.005190922115404617,-0.002228331042525733,0.0016610950769295751,0.00046775224166095697,-0.0030048652180607593,0.015350740092801685,0.014876029554969472,0.00418726874436004,0.016360102851770003,0.0174041138205972,63.64834554452656,68.48461238800168,0.005013425071320743,0.01824215733338901,0.01123865083175056,0.008008542413715852,0.007650774574756882,0.09258558355890902,0.3302339168351629,1.1501745709833795,0.18485931074506365,0.0058650414309866505,1
2024-07-01,480.04,482.49,476.255,481.92,24898340,0.0058650414309866505,0.01679466621655834,0.0019410991212873707,0.003001177993581461,0.0022731668562707696,0.017939407765083182,0.014893531632120593,0.008513382999626673,0.01585574961283405,0.01701325645076456,66.15605843862619,79.0226460071515,0.005697113879671978,0.012937832005312113,0.0115547779121609,0.00805546002428496,0.007587535188458513,0.08384948843326406,-0.2862037786132394,0.8652750887687207,2.4721547411837057,0.010499667994687822,1
2024-07-02,480.41,487.04,480.28,486.98,26723560,0.010499667994687822,0.015853811172764853,-0.003133300132802108,0.010336142473620136,0.012392441878595228,0.024963193470274092,0.014477410419904801,0.016116238972982977,0.016023980893022285,0.0166739793873645,70.14939285153982,98.61722187303602,0.003958273203314988,0.013881473571810028,0.01153005696919207,0.007788762453334387,0.007743430638368277,0.07691171183582209,0.07330689515847233,0.9389417298255391,2.425005387090604,0.008337098032773493,1
2024-07-03,486.22,491.17,486.22,491.04,18064880,0.008337098032773493,0.02221204488207018,-0.0015606390406176507,0.014268835772062394,0.019597094696450545,0.029535404956043898,0.01505179755657271,0.02072657375604048,0.01662868707069417,0.016554630346785892,72.91126556856064,99.25072046109513,0.012015416005441093,0.0100806451612903,0.010921237140995226,0.00817970282983882,0.007810129976714947,0.07046710609883071,-0.32400922631565554,0.6411389229862821,2.3330188354658787,0.010426849136526473,1
2024-07-05,491.89,496.6,491.59,496.16,28495940,0.010426849136526473,0.03021116671165469,0.0017310198761810724,0.018721178050352894,0.0270953959148863,0.03672392231674859,0.017671905379300856,0.026415967689767728,0.01766434881597439,0.01663990892070172,75.93513188724704,98.06848112379281,0.03051072756350348,0.010097549177684713,0.010998569009996793,0.007987129344482154,0.007006689621873176,0.07368841903550039,0.5774220476416119,1.0209880559624165,2.378592154319378,0.0023782650757819823,1
2024-07-08,496.53,497.895,495.5,497.34,22109420,0.0023782650757819823,0.03804971718394512,0.0007457271847790548,0.013556475805399648,0.02589384616336643,0.035514477922391485,0.021664310416983357,0.02430958616187473,0.018554494243448003,0.016991241809393133,76.5838937060047,97.6947040498442,0.035736598775459205,0.004815619093577798,0.010855422275074847,0.007741166270640221,0.006955728778671443,0.07496758841930379,-0.22412034837243477,0.791961540679629,5.0,0.0008645996702456582,1
2024-07-09,498.87,500.0,496.24,497.77,25701250,0.0008645996702456582,0.03288927622841964,0.0030763662685486803,0.007921305314483096,0.021762513137151718,0.03266749442713879,0.024551707541229595,0.02123670129055899,0.01912572533928596,0.017406396170147134,76.82903532139196,91.48204736440024,0.05023630686133851,0.0075536894549691445,0.010134298973421475,0.005325376828262298,0.0069076372479096385,0.07335345318881178,0.16245699796738222,0.9208331099287083,5.0,0.010426502199811116,1
2024-07-10,499.71,503.52,498.39,502.96,28046900,0.010426502199811116,0.03281448930140862,0.003897382325170229,0.011882008795824905,0.02744287331009998,0.03932386915462982,0.027119624739115222,0.026847604329261143,0.019991177618774864,0.01777966040305216,79.60441337380968,98.1144781144781,0.04918853519128863,0.010199618259901375,0.01049553784453182,0.005196329505854475,0.0070720754035939635,0.07476776359023249,0.09126598900831673,0.9918548225191703,5.0,-0.021930173373628015,0
2024-07-11,503.07,503.28,490.725,491.93,49966590,-0.021930173373628015,0.00181247963506026,0.00021870526483214192,-0.010663030537053086,0.0025433987796574797,0.014026267429768202,0.0249553981392443,0.003660273351750565,0.019269204466001253,0.018396492077424206,62.47702289588177,60.97643097643105,0.02406478339613205,0.025521923850954302,0.011505702030776745,0.009964820832477385,0.009094446444787865,0.0691642466109524,0.7815369969586656,1.6839139202777647,1.7621463438657698,0.005874819588152835,1
2024-07-12,492.51,499.62,492.04,494.82,37109400,0.005874819588152835,-0.002700741696227138,0.0011790295367226644,-0.00431419579687875,0.005725574844055892,0.017815159238027123,0.02222523906787721,0.008074479320046235,0.018492783557760403,0.01832979449118474,64.62466368590921,70.70707070707073,0.027428832457797814,0.015318701750131329,0.01199065172328178,0.010024777930432806,0.008791227039816378,0.06777109818384619,-0.2573157383763831,1.245209631964642,1.9333150273031534,0.0026878460854451447,1
2024-07-15,496.61,501.01,494.09,496.15,31151390,0.0026878460854451447,-0.0023927293199823563,0.003617477062366259,-0.0011595930150626321,0.004948279039997283,0.018515572315837225,0.019698007002230344,0.00910983312283098,0.017928133496801217,0.01821015381435052,65.60045191364657,74.04929577464785,0.03556594519003986,0.013947394941046087,0.012039129871438658,0.009632826582336619,0.008759275777096977,0.06742176887945793,-0.16055258236457615,1.036088253884376,2.0945523470693765,0.00038294870502864065,1
2024-07-16,497.62,498.44,493.15,496.34,25950620,0.00038294870502864065,-0.0028728127448419682,0.0029628136652222192,-0.0002014342115864709,0.0024053365754550526,0.017115174963318935,0.017320098035197518,0.008023583573416815,0.017344180180725578,0.018031382379361475,65.74581538124596,73.66587199706579,0.029921978751660028,0.01065801668211311,0.011972639722770689,0.009641988101699148,0.008734272442407301,0.06748844221357946,-0.16695145866685246,0.8594272847171184,2.0987592386466765,-0.029354877704799165,0
2024-07-17,488.28,488.7984,481.7,481.77,56268770,-0.029354877704799165,-0.042130586925401614,-0.01623886851754841,-0.021194550204997054,-0.025995293432640287,-0.012409201278741122,0.008975582357143574,-0.01830960307170293,0.014786753042541949,0.017818709896421335,48.73764169473121,20.227397762699393,-0.010698591317918726,0.014734001702057053,0.014091638274339565,0.013613942633626417,0.010819139412842372,0.06828123456337826,1.168301566590702,1.8060354195777266,-0.29992875415253634,-0.004732548726570696,0
2024-07-18,485.53,485.71,476.27,479.49,49347360,-0.004732548726570696,-0.025288150753155936,0.007804554040309775,-0.020877491760497024,-0.028335896796785165,-0.016506422582878266,0.004464271979078616,-0.019492726029052387,0.011882309538274863,0.01669921294196043,46.70162409068239,11.865028424720393,-0.02352150537634412,0.01968758472543744,0.014998823154363416,0.01324122035705868,0.010863234812525865,0.06988450244257678,-0.12300624307231167,1.523000810983451,-0.2853640694370756,-0.00886358422490563,0
2024-07-19,479.15,481.69,473.94,475.24,42042860,-0.00886358422490563,-0.03956994462632868,-0.0007090867379925259,-0.021733313023108214,-0.03284823792535718,-0.02460049340552417,-0.00293087807300918,-0.023951458207598364,0.008787068245479786,0.015236254846874946,43.08823684246711,4.394861392833036,-0.04216381812318615,0.0163075498695396,0.014984158380126731,0.012569622109916686,0.01090637523580341,0.0727260199782619,-0.14802210290479567,1.2814971892192086,-2.2112848638168403,0.014897735880817997,1
2024-07-22,481.16,483.35,477.7068,482.32,40300000,0.014897735880817997,-0.027874634687090616,0.012456863900345061,-0.0014740224250152645,-0.01543034096174778,-0.01028660074322918,-0.008825587432002568,-0.00797431371920776,0.007258912653036149,0.013461863395475117,50.02510478604678,28.32995267072346,-0.030200667551373295,0.011700116105490205,0.015041880908940123,0.013858015621602314,0.011425335998980862,0.07207806691634244,-0.04145436347574827,1.2267524139207542,-1.9028684592524852,-0.0035246309504063378,0
2024-07-23,481.41,484.43,480.14,480.62,23282450,-0.0035246309504063378,-0.03167183785308447,-0.0018867142146292704,0.0015253559163803665,-0.01545382289558439,-0.014448413463312937,-0.0159494408057973,-0.00972325288028264,0.005819318179683279,0.011971447095477348,48.49657876800462,22.582826233941887,-0.03445366333848965,0.008925970621280888,0.014728000142672852,0.013792257391641057,0.011038308064072942,0.06860479246399417,-0.422271712158809,0.7246882608202306,-3.09223038812839,-0.035870334151720695,0
2024-07-24,473.82,474.19,462.51,463.38,58818630,-0.035870334151720695,-0.03817174170247206,-0.014148391660771531,-0.026941895382289416,-0.04301061944709483,-0.04823914588408329,-0.021886925766022025,-0.038552423998108654,0.0018084149251625429,0.01029515771942471,36.362399937795644,2.1214337966349786,-0.07869413074598375,0.025206094350209346,0.017304526368361665,0.016191867231302073,0.01343721318671734,0.08079649707683498,1.5263075836091131,1.750244030378005,-3.1149840989787703,-0.011027666278216608,0
2024-07-25,463.72,467.94,455.63,458.27,59256760,-0.011027666278216608,-0.044255354647646516,0.0007337390478656669,-0.029019039507083177,-0.04693869062473999,-0.05659367466717169,-0.02839873929772041,-0.04190958026981584,-0.0024307730347339026,0.007841809578405998,33.673034229296476,5.512633117561051,-0.0684243693208384,0.026861893643485287,0.018549576201178967,0.015505423299453938,0.01356709832894945,0.09611644871396509,0.0074488304130850835,1.6724107304081723,-3.198485744568524,0.010255962642110594,1
2024-07-26,462.65,465.93,459.77,462.97,39992130,0.010255962642110594,-0.02581853379345167,0.00955768433456261,-0.013933616180204056,-0.030743946991029114,-0.045085999393600584,-0.0315925821268942,-0.027282189299719928,-0.004872064607832252,0.00523534766852987,38.20039073449241,15.326790561703975,-0.0643668404672405,0.013305397757954132,0.019173565704658436,0.015963289897992644,0.013817566968447655,0.10493248683138888,-0.325104342525646,1.1071882939193864,-1.3775257898749096,0.002008769466703919,1
2024-07-29,465.71,467.91,461.615,463.9,28218480,0.002008769466703919,-0.03819041300381498,0.0059183100416873025,-0.004138866706166255,-0.022195055118774065,-0.041664557805352054,-0.037681650427573876,-0.021515411722499156,-0.006575117419592223,0.0028648582321397988,39.086400686620976,17.26874086448107,-0.065000503879875,0.013569734856650174,0.01952545191389771,0.015921180477821664,0.013820550402723735,0.11162661950120834,-0.2943991730372951,0.7885057169673929,-1.7451870737222135,-0.013731407630954928,0
2024-07-30,465.85,466.561,454.15,457.53,41317210,-0.013731407630954928,-0.04804211227164923,0.004203492131925168,-0.007979011730014696,-0.027667681792969523,-0.05243668310382754,-0.04481525280160037,-0.029734131161009425,-0.009061956700554976,0.0005114042298226095,35.348209896101565,6.879706900061054,-0.07819236813474639,0.027126090092452957,0.02083719724858012,0.015860554441467587,0.013963350039930215,0.12224277523782143,0.46418977918016835,1.1286317311708323,-2.003091037248552,0.029593687845605787,1
2024-07-31,467.87,472.79,466.41,471.07,44552130,0.029593687845605787,0.016595450817903146,0.02259961095447305,0.017983870270644298,0.0033888629736367193,-0.022784815378376067,-0.040048459351503585,-0.0008635390239136731,-0.008231007565515964,-0.0012488375930560856,46.96008855910301,36.107554417413596,-0.022209768146626008,0.0135436347039718,0.020648432595701604,0.017867098767080127,0.01547034674639347,0.12404735291752272,0.07829473480905413,1.1880676193357869,0.2856697752580885,-0.02422145328719716,0
2024-08-01,471.76,475.55,455.98,459.66,56653900,-0.02422145328719716,0.003033146398411457,0.0014647504617149032,-0.007269570175324924,-0.016761640741311035,-0.04334062805355843,-0.036335199158349596,-0.021290159531530795,-0.009861299860473651,-0.0029961296583165993,40.37859055780756,11.758429364063266,-0.04135644121879489,0.04257494669973457,0.023007067335484015,0.01919944713220146,0.016076892862193964,0.12978214260913437,0.271631681807357,1.43685466698151,0.3509552452062163,-0.023734934516816852,0
2024-08-02,450.89,453.57,444.47,448.75,66323240,-0.023734934516816852,-0.030714733136056438,-0.019079319497019576,-0.024842344985244846,-0.03462859822694353,-0.06141631493744171,-0.037505699477530574,-0.03793037011842304,-0.01306973277505651,-0.005069123751654079,35.28617107126172,7.93033166574018,-0.055740257554077965,0.02027855153203335,0.024882769598089955,0.020165509823613405,0.016368058680583154,0.13928948859338774,0.17067386358220715,1.6050938621239697,-1.9303514952188632,-0.029816155988857895,0
2024-08-05,424.71,442.29,423.45,435.37,87483450,-0.029816155988857895,-0.06150032334554856,-0.05357103064066859,-0.04203962365449443,-0.053856117109128965,-0.08346148704621215,-0.043239641653798566,-0.056950698429490965,-0.018166845187858712,-0.007813297436046177,30.247872545819305,18.240691432383976,-0.09734201360092887,0.0432735374509039,0.0289304007428821,0.020088516652153592,0.017179536582822223,0.15613474013928824,0.31904668710394724,1.9619884879684701,-3.4965362763052656,0.00955509107196173,1
2024-08-06,437.23,447.07,434.56,439.53,63164430,0.00955509107196173,-0.039341682512622156,0.0042722282196752115,-0.02516434673834944,-0.036209304824325717,-0.06899652300819636,-0.04496365733361429,-0.04086582602101618,-0.020678767717359384,-0.010327231357921721,33.43043532023911,25.82717635721167,-0.08549373725604437,0.02846222100880484,0.028310435497658236,0.020964197235249823,0.017482599755843903,0.16383024713912164,-0.2779842358754713,1.3594760142812452,-1.6145727309456384,-0.01082974996018471,0
2024-08-07,446.49,449.0,434.37,434.77,54929160,-0.01082974996018471,-0.07705861124673619,0.015835096580438357,-0.019940669407776057,-0.04062826855435564,-0.07237984697905264,-0.05350612553179701,-0.04371260829054113,-0.023666065083480108,-0.013085450749285361,31.65091056218691,18.56346343063298,-0.06174198282187404,0.03364997584929962,0.029473054718586862,0.018735070776755937,0.01706905422023062,0.16743392215720299,-0.130378284107052,1.1489906131490881,-3.0775033816340427,0.030590887135726996,1
2024-08-08,441.06,448.99,437.15,448.07,47890070,0.030590887135726996,-0.025214288822173025,0.01446741955516706,0.01534563945451839,-0.009049853813456243,-0.03950902570412507,-0.05402560766214881,-0.012261753729208458,-0.022432922659643344,-0.014644214227765118,41.08719597734175,40.373893079698256,-0.022257621053090926,0.02642444260941378,0.029629617821195057,0.021897855000297,0.018638450228555283,0.16577941187837242,-0.1281485098261106,1.0039295114637514,-1.5272716953466545,0.005222398285982255,1
2024-08-09,446.74,452.06,445.61,450.41,33573980,0.005222398285982255,0.003699164345403849,-0.002968286205280335,0.0198808957724792,-0.0011000075403740928,-0.02987525859905804,-0.048786240214697796,-0.0060171374936026645,-0.021234018875890937,-0.015901310680503943,42.5889969107822,44.21121679239099,-0.027129187636347973,0.014320285961679332,0.029212431847808525,0.02164032683168185,0.018619911153771363,0.1588697137695246,-0.2989365018677149,0.7064361667085141,0.03859848079590277,0.0021535933926866146,1
2024-08-12,451.39,454.37,448.5546,451.38,27795010,0.0021535933926866146,0.03677331924569893,0.0021757953864256496,0.014720164016977177,0.0038385069408923833,-0.023075824275714973,-0.03724769609689149,-0.0032820749382287406,-0.019929317597773555,-0.016679574970847693,43.234984239088156,53.608445297504794,-0.026988575123949143,0.012883601400150674,0.02939104207414724,0.02164375468244094,0.01860939814051781,0.1474431972046323,-0.17212645030467044,0.5869122686517041,2.5839665823116644,0.024812796313527397,1
2024-08-13,455.82,462.85,455.68,462.58,40084460,0.024812796313527397,0.052442381634928203,0.009836501395719788,0.0292318029912646,0.027592472881803998,0.004835409271995106,-0.023703497743041146,0.018089700067429826,-0.016331161771788585,-0.01628681525952652,50.202351044909854,75.10556621880994,0.011037527593819041,0.015500021617882347,0.027654120059541848,0.022825494211278576,0.019719074748838914,0.13038245549713573,0.4421459103630472,0.8339683798038662,2.310988429779254,0.00032426823468378885,1
2024-08-14,463.51,465.1093,458.4,462.73,34733750,0.00032426823468378885,0.06430986498608471,0.0020104630550390468,0.01691302188407895,0.029833639347910834,0.007244200068785123,-0.009508012590280557,0.015541970411741435,-0.013673732145438513,-0.01575997496884398,50.290351824895396,75.39347408829177,-0.01770437514594425,0.014499384090074214,0.02678061257567668,0.020563417805335726,0.01875052538059968,0.1232488847079321,-0.13348589453369208,0.7392051153174878,5.0,0.025263112398158816,1
2024-08-15,468.76,474.82,468.38,474.42,38280570,0.025263112398158816,0.05880777557078143,0.013031357379033048,0.030666689839758066,0.05239340640326873,0.03326048108618451,0.0025166149949307215,0.034640057846654804,-0.009192499893715797,-0.0141358115884277,56.71079784776205,97.83109404990404,0.03211069051037718,0.013574469879010155,0.026787701674827025,0.020467183065470552,0.019683948155679216,0.12037842360486545,0.10211451398135818,0.8243969450087293,5.0,0.0012857805320178883,1
2024-08-16,472.62,476.41,471.65,475.03,38383620,0.0012857805320178883,0.05466130858551077,-0.003794106487922111,0.021069239168751475,0.047639211431117046,0.03461268725306965,0.013263985991140093,0.030268968027757026,-0.005730842949493264,-0.012440296091373291,57.02273228190405,97.39425981873102,0.05856267409470739,0.01002041976296244,0.026522490308882773,0.018190373665542568,0.019583402489843298,0.12026968605717259,0.002691966185456529,0.8298861155753041,5.0,0.013136012462370728,1
2024-08-19,475.17,481.31,473.37,481.27,23737670,0.013136012462370728,0.06621915016172619,0.0002947182283226102,0.021357962334944913,0.05076426960453584,0.048323242620383455,0.02640140017491288,0.03681563795830867,-0.0018899448679360101,-0.010201188179496657,60.18345735681948,99.93086761147593,0.10542756735650127,0.01649801566688137,0.025515036109816612,0.013224543147259763,0.01951747615125036,0.11948965397488433,-0.3815677103931312,0.5225850332498194,5.0,-0.0020986140835704825,0
2024-08-20,480.35,482.94,478.55,480.26,29209340,-0.0020986140835704825,0.038220415928055695,-0.001911608868202741,0.01162315531383351,0.039316845996035354,0.04616423510703771,0.03414421626449271,0.02915519420481627,0.0009171418479753794,-0.007994684877639933,59.42170380516804,95.49504118339215,0.09266716720132884,0.009140882022237926,0.023952011113028075,0.013784547273987128,0.01950624583726998,0.11923687962439253,0.23050577415559315,0.6388758575464498,3.2226810133198494,0.004664140257360616,1
2024-08-21,481.05,484.37,479.32,482.5,25658790,0.004664140257360616,0.04272469906857124,0.0016449423229085713,0.00794658823136185,0.033489338459726126,0.04885946044060807,0.04059031766855403,0.02858211327971949,0.003464995504325932,-0.00567305662445768,60.612419256158354,96.93040052527904,0.10978218368332682,0.01046632124352334,0.02169129533678758,0.012074448005184722,0.017577884399209674,0.1272659471220654,-0.12155529703854995,0.5823349794831284,3.1188032536100505,-0.015854922279792683,0
2024-08-22,484.84,485.54,473.81,474.85,37739580,-0.015854922279792683,0.0009063698832258993,0.0048497409326424545,-0.0082125059003888,0.011302479219155614,0.03037305862504791,0.03890507266424703,0.010366137963051525,0.004227268807368958,-0.0037661074832154038,54.70817262965436,82.7830568529554,0.05976744705068415,0.024702537643466395,0.02152028460115226,0.012430425750278038,0.017800378224264758,0.13016650498054452,0.47082461799640596,0.8779495049422837,0.6731498297022536,0.010845530167421291,1
2024-08-23,479.24,482.74,475.28,480.0,36061510,0.010845530167421291,0.010462497105446111,0.009245024744656272,0.0004668845461215376,0.015868715899615138,0.039627120406147576,0.03914196108329149,0.01798446411510768,0.005537693340320378,-0.001873021562610649,57.69573835459438,89.17334375610707,0.06569569947381271,0.015541666666666742,0.018698616071428587,0.012523663610108095,0.01781537582656545,0.13510810267002205,-0.04446445879895855,0.8427650533801883,0.6072248439686684,-0.00970833333333343,0
2024-08-26,479.45,480.38,473.24,475.34,27452640,-0.00970833333333343,-0.012321565857003391,-0.0011458333333334014,-0.0067907812532648215,0.000930726176989527,0.02826017357595889,0.03529060561223152,0.006846608590056924,0.005818843543399692,-0.00034933828850626373,54.21116405760698,80.06644518272418,0.05308166068501041,0.015020827197374484,0.018074986926651014,0.01349986274093913,0.018005278872108003,0.13746629937225144,-0.23872738551436146,0.6421486092837269,-1.046658680597323,0.0029873353809903858,1
2024-08-27,473.69,477.84,471.71,476.76,27510000,0.0029873353809903858,-0.007287719152125893,-0.003471199562418481,-0.002364560882211375,0.0009321542841307373,0.029191289565287715,0.0316306430286839,0.008325713706201832,0.006150205560179183,0.0009514028671183648,55.101039839235305,81.85575532134735,0.03065415711876862,0.012857622283748628,0.016747674780961987,0.011622484377368745,0.0176517663344859,0.13957409059729906,0.0020894165369886863,0.6540521693978476,0.7783217111079395,-0.011347428475543153,0
2024-08-28,476.29,477.02,467.89,471.35,37372440,-0.011347428475543153,-0.02310880829015538,-0.0009858209581340427,-0.009061094058781527,-0.012213471702383516,0.017481864602705066,0.02678566610145916,-0.0026380410451378733,0.005510633886106211,0.0018719849818290312,51.03187820408558,64.46280991735539,0.01862857389838557,0.019369894982497072,0.01616855839609633,0.012484552705578513,0.01665457120335131,0.13963256485964484,0.3585038167938932,0.8961811686166047,-1.1735298219526789,-0.001463880343693602,0
2024-08-29,473.28,477.93,469.372,470.66,41081470,-0.001463880343693602,-0.008823839107086395,0.004094621830911027,-0.008765389977717919,-0.012881657375598099,0.014787576150573356,0.023761242686796136,-0.003469776495248822,0.004781663142785165,0.0024561161175896493,50.51944153851935,59.7679084179163,-0.007925466885881693,0.018182977095992845,0.016512177428656426,0.009414803046737565,0.01564800249927534,0.1399704347638316,0.09924505865819833,1.0038660410697007,-1.2489829066960054,0.011919432286576104,1
2024-08-30,475.04,476.9,470.51,476.27,33466470,0.011919432286576104,-0.007770833333333393,0.00930608082267459,0.004627949948953214,-0.0013754754406345437,0.023845736304958898,0.019129257111532905,0.007105522121809038,0.005040469209454181,0.0029498421979153506,54.51828099419195,68.95512391158728,0.0026103614508556916,0.013416759401179975,0.016403855556122136,0.010235694384508935,0.014644648702094242,0.13802895297102222,-0.185363376724348,0.8519885880549573,-1.3461549293630952,-0.03036092972473592,0
2024-09-03,473.2,473.33,459.4101,461.81,44985220,-0.03036092972473592,-0.028463836411831478,-0.006445923530770337,-0.020281307677620597,-0.027727483262453,-0.01005252953111424,0.010440525659727307,-0.019932167520881672,0.0028958917017101954,0.0030129434707656232,44.529033753483944,12.564480471628665,-0.0404346832339435,0.030142049760724075,0.017751146884773267,0.013037320667749017,0.014709422488925608,0.12415601061301465,0.3441877795895414,1.2107281318632992,-1.6935297230819952,-0.002598471232758026,0
2024-09-04,458.67,464.45,457.73,460.61,32505100,-0.002598471232758026,-0.03387448611460686,-0.006799333059050228,-0.01608493185799109,-0.026225383973024208,-0.01485070692444812,0.0012544019026698994,-0.019086568425845885,0.0008539469438402395,0.002587423720170792,43.8116072267111,10.355987055016165,-0.04091533752550702,0.014589348906884285,0.017799052188557398,0.013029998914584947,0.014677759686029669,0.11221159946071911,-0.27742711939610387,0.9124868052301432,-3.2331267452155554,0.0009335446473155429,1
2024-09-05,458.97,465.36,457.939,461.04,34452390,0.0009335446473155429,-0.021873342526784745,-0.0035604958641800577,-0.01080934950802237,-0.02087417094775834,-0.016693433319043605,-0.0059483819505317115,-0.015418430237168934,-0.0006863982622210805,0.0019307287455218927,44.15879214864022,11.90219345559152,-0.04447668393782378,0.016096217247961113,0.017059086909099914,0.01280288189255493,0.014349751845132876,0.0918387847104538,0.05990721456017667,0.9957711132763817,-1.3580554842829922,-0.026787263577997655,0
2024-09-06,460.33,461.22,448.19,448.69,50624390,-0.026787263577997655,-0.04667913143245661,-0.0015399965295853635,-0.028144791675691616,-0.041778696559338635,-0.04309679290591972,-0.015385009106458014,-0.035591876802639866,-0.0041323451707702685,0.0007606279474330795,37.073455380254615,1.3386880856760366,-0.05509108139412455,0.02904009449731447,0.018845161947638033,0.01426662647998737,0.014286275960139348,0.09130100917347764,0.46940139711642637,1.4574284692685449,-1.5353454512918374,0.012859658115848216,1
2024-09-09,453.06,455.46,449.8234,454.46,32981170,0.012859658115848216,-0.045793352510130836,0.009739463772314938,-0.006258172578620824,-0.024133614201447662,-0.031209730111138256,-0.02510869206065658,-0.019692494867727284,-0.005671491689473721,-0.0005335217613269522,41.77405635201008,16.787148594377452,-0.05320833333333341,0.012402851736126364,0.018422004765467324,0.014535621090765479,0.014528547495130158,0.08840382922958902,-0.3485122487401824,0.9503077145983712,-1.5515644807289781,0.00924173744664003,1
2024-09-10,456.24,459.17,452.23,458.66,29680320,0.00924173744664003,-0.006820986985989874,0.003916736346433192,0.004309249997810349,-0.011574657727608573,-0.02301451973471902,-0.02720652999321571,-0.009011683933958237,-0.006060605910182422,-0.0016350301772009143,44.99497690932428,28.032128514056282,-0.03509067194008486,0.015131033881306408,0.018650432003787416,0.015128424878771637,0.014655666059559718,0.08372380576262081,-0.10008286546535494,0.8528816557564797,0.3879307738198637,0.021715431910347416,1
2024-09-11,459.91,469.37,451.28,468.62,57842990,0.021715431910347416,0.017389982848830865,0.0027253303100336357,0.022531388148219422,0.01166407968619465,-0.002440574200161194,-0.02442170738015592,0.010563411812547718,-0.0045069349410474975,-0.002181610522971091,51.803785665315964,54.698795180722875,-0.01707357999832193,0.03860270581708,0.020241636537675963,0.017052351276440243,0.014403909689668851,0.08255643434289144,0.9488667911936259,1.6207979206663512,2.5374997701638757,0.009816055652767774,1
2024-09-12,468.65,474.04,466.8491,473.22,40175460,0.009816055652767774,0.02641853201457578,6.40177542570175e-05,0.027109152866103825,0.021182380816738844,0.006228058797638214,-0.020329965914720804,0.01727745767161548,-0.0025313360429603123,-0.002234590311207696,54.59901373365886,72.44573082489151,0.003967327887981265,0.0151956806559317,0.01935973603337619,0.01701990817410125,0.014544900931416225,0.08146359463911035,-0.30543943181360433,1.1172245917185282,2.604195332864215,0.004479945902539972,1
2024-09-13,472.48,476.53,472.25,475.34,29111850,0.004479945902539972,0.05939512803940361,-0.0015637547018300113,0.0199115993648884,0.02472233719646799,0.010637053857127876,-0.009093479781518199,0.018413749298001658,-0.0006287877704395491,-0.0019054568465012667,55.86931776297987,84.34296365330842,0.009943483618747972,0.009004081289182423,0.01873092342924462,0.017046402095172986,0.013437158459790014,0.08165170507944385,-0.2753822856041972,0.8200146691893309,5.0,-0.004417890352168885,0
2024-09-16,473.19,473.8599,469.89,473.24,22585600,-0.004417890352168885,0.04132376886854727,-0.004523078217696708,0.007287959541607769,0.020862050741097926,0.006363670194950322,-0.0009176019011266634,0.011748665031842576,0.0005099618704435606,-0.0014291374668645668,54.250079041390755,84.22999327505045,-0.006361937556427999,0.008388766799087134,0.01855896132436576,0.016675433175067114,0.01347300519747554,0.08134586756596465,-0.22417847027928495,0.6506620818559264,3.741021410596054,0.0005282731806270924,1
2024-09-17,476.29,477.6,470.97,473.49,30084440,0.0005282731806270924,0.03233331879823842,0.0064449328036515485,0.0014975189410764145,0.01883430843681455,0.007728922643732039,0.00622208601100116,0.010373826574007428,0.0014398999833505233,-0.0008547263157233779,54.41944359908823,85.07061197041023,0.025291786665511795,0.014002407653804717,0.018624590050174524,0.012984301140519783,0.013111106989068241,0.07869709617664859,0.33201863134032306,0.8588423808193417,3.7438510961658915,-0.004329552894464572,0
2024-09-18,474.7,478.83,470.83,471.44,39909220,-0.004329552894464572,0.006017668900174966,0.0025554921962449573,-0.004026652807882614,0.01206474603924268,0.0043085313180697415,0.008368882711019543,0.005071700171437099,0.0018147654989596287,-0.0003238012922526393,52.696724988853866,75.88120104438646,0.02351229890796991,0.016969285593076533,0.01853436886378511,0.013072211173695353,0.013132815103363631,0.07606643685677116,0.3265734712030539,1.1221786381065544,1.1391150748421988,0.025284235533683974,1
2024-09-19,482.61,486.23,480.49,483.36,52782520,0.025284235533683974,0.021427665779130134,0.023693365009333167,0.01679940425854176,0.032705767735208946,0.029607389759095826,0.012596373922832749,0.025673890229099605,0.003998747715839995,0.000547096644757565,60.52234375645898,92.4553101997897,0.048412285268089494,0.01187520688513739,0.018998232609826443,0.014907089891318089,0.014341743470523699,0.07664010434963203,0.32256456026953173,1.4296364657877756,1.4180936683669618,-0.0019033432638199121,0
2024-09-20,482.49,483.69,478.3,482.44,34577660,-0.0019033432638199121,0.014936676904952373,-0.0017999006951340268,0.011841591966341714,0.023360986960865526,0.02681764004767584,0.014800783245360272,0.019999204510993795,0.00555808361737941,0.0015501286780567902,59.701409614717534,90.03680336487902,0.07521897078160866,0.011172373766685985,0.018886404823101607,0.010452572873437723,0.013851309927260101,0.07990674755273873,-0.3449031990136129,0.9405779200630388,-0.39473058268937594,0.0012436779703175471,1
2024-09-23,482.95,484.14,481.6,483.04,24842970,0.0012436779703175471,0.02070830868058482,0.0010571262747698373,0.008952405619587545,0.0184593651496463,0.02776217467531361,0.01864287051694502,0.017937103210033722,0.006801223399529208,0.002598807249368773,60.08169772622582,91.61409043112515,0.06288782291070727,0.005258363696588199,0.016745418894619776,0.010414842464753368,0.013652873189338098,0.08154706971819818,-0.2815311967322254,0.6862468376752869,0.9117352274169893,0.004823617091752164,1
2024-09-24,484.46,486.33,480.17,485.37,25952640,0.004823617091752164,0.025090287017677237,0.0029397151374626063,0.008812587034689123,0.017641040263672192,0.031618927785399986,0.022607113594555583,0.019264567518498588,0.008049059902219236,0.0036788774006141787,61.59726226158383,97.48295752490829,0.058234858064797335,0.012691348867873927,0.016582621799569684,0.01036344581129561,0.013471832312372804,0.08606646779216576,0.044667364650844865,0.718387998344471,0.8168716021187992,0.0009271277582050264,1
2024-09-25,484.74,487.79,484.56,485.82,26549870,0.0009271277582050264,0.030502290853555047,-0.0012979788614870813,0.0037478874228831227,0.014924500079385616,0.031582143619285796,0.02773032605614434,0.01704739042533543,0.009026152627833064,0.004745606342018968,61.89813984101815,95.02525252525245,0.036703512440783514,0.006648552962002425,0.01595107241365114,0.008760261827331531,0.013464767423328465,0.09011324916008007,0.023012302409311625,0.7358976614402108,2.900639237291542,0.007513070684615819,1
2024-09-26,493.37,493.7,485.8,489.47,32020210,0.007513070684615819,0.01264068189341283,0.01554073525173938,0.008742281978781019,0.019090112242114765,0.037336879639293885,0.02834678209821928,0.020811256454084104,0.010217230753289225,0.005811620662811244,64.33870172393122,90.35932592771555,0.0343392079793754,0.016139906429403186,0.015083501396554275,0.008608976860321301,0.0132104638786903,0.09656247719049615,0.20604018023440407,0.8941545740174459,2.5978285902057996,-0.00555703107442751,0
2024-09-27,490.5,490.64,485.56,486.75,22851120,-0.00555703107442751,0.008933753420114376,0.0021043169142132,0.0013577732518670338,0.01102521175967186,0.02981654772911435,0.028420186308464546,0.012779800493259108,0.010702890838224488,0.006815855358525177,61.193078720445236,83.61621876473365,0.024003870913451575,0.010436569080636844,0.014919788685890367,0.009045058819278239,0.013297898031502553,0.1003743586172289,-0.28635321254919943,0.6547771366067939,3.2716932892269903,0.0027118644067796183,1
2024-09-30,485.78,488.41,482.92,488.07,30330610,0.0027118644067796183,0.010413216296786931,-0.0019928094504366722,0.0019996058271880557,0.010653828234197915,0.03132191012304353,0.02926378825433651,0.013106350385772236,0.011102912607178623,0.007658519859542357,62.1599654807489,86.72795851013674,0.03133716507480355,0.011248386501936216,0.014667231573925273,0.008722181950976647,0.013085592085996611,0.10424912509718601,0.32731393472179926,0.8730170688962262,3.340567788477424,-0.01393242772553116,0
2024-10-01,487.7,488.0,477.4,481.27,42735420,-0.01393242772553116,-0.00844716401920187,-0.0007580879791833084,-0.01029456522633243,-0.00502994606194318,0.014866517650035549,0.025422799544515096,-0.0008536314534465239,0.01034518457535173,0.008282420317895103,54.6113240744604,53.70732452171055,0.016431181228748093,0.022025058698859318,0.013773216103820532,0.010263021392013854,0.011400221530419825,0.10248730358782461,0.40898649911755824,1.23406496962623,0.754565603901371,0.0014129282938890597,1
2024-10-02,480.36,483.88,477.72,481.95,23744050,0.0014129282938890597,-0.007965913301222649,-0.001890830510939745,-0.007316138759469792,-0.005784377230512838,0.014018898055280227,0.021492277297717077,0.000472190067285716,0.009609854664909708,0.008538558423623504,55.19725622037602,50.6509869802604,0.022293398947904164,0.012781408859840167,0.013600995953937111,0.010047924123078856,0.011347863939001909,0.09951831407756567,-0.44439413488857715,0.6944380873219544,0.6760330748507678,-0.0007469654528478031,0
2024-10-03,479.74,484.545,478.99,481.59,25337220,-0.0007469654528478031,-0.016099045906797227,-0.004585537918871174,-0.004827184321569922,-0.006164139032599714,0.01107566534296156,0.015979988012122526,-0.0002328105502285016,0.008882711475379017,0.00861249525467272,54.793972334510244,49.13901721965556,-0.0036618669314797403,0.01153470794659359,0.013800268752614095,0.005957385293346527,0.011364942910216398,0.09579612423215454,0.06709765183277505,0.7510442891598856,-1.2706724666379123,0.011898087584875094,1
2024-10-04,487.45,487.88,482.385,487.32,30744910,0.011898087584875094,0.0011710323574729564,0.01216802674474149,0.006776299479381853,0.004648861492789758,0.01897349899424139,0.012115103942322625,0.009850600920966013,0.009047642292596842,0.008618510794065351,59.82530230943502,72.1031919545256,0.010115247491916168,0.011275958302552748,0.013761124986808307,0.007055253607570975,0.009261191686887675,0.08040211940192142,0.21342870291215843,0.9390048947052354,0.5476711338007345,-0.010711647377493194,0
2024-10-07,485.39,486.57,480.87,482.1,24975120,-0.010711647377493194,-0.012231851988444231,-0.003960436674053991,-0.0015450060681873046,-0.00591994160475573,0.005153994345618029,0.006709366425646568,-0.0008179823140612719,0.008390975142577067,0.008647658094541428,53.93597669693039,49.278530826410304,-0.00194600861212324,0.011823273179838183,0.013883456307227298,0.007968706911693527,0.009592194975303867,0.06535095192242298,-0.18766651130219603,0.772226329405588,-1.3067526511366119,0.014934660858743065,1
2024-10-08,484.66,489.99,483.845,489.3,28272020,0.014934660858743065,0.016685020882249102,0.005310101638664078,0.010007183374204143,0.008109377704156095,0.016917449497048764,0.00684179898578452,0.011908704083386956,0.008764588657331073,0.008569244675882192,59.8124748441799,73.00613496932532,0.008096915754991052,0.012558757408542778,0.013663104726869275,0.009216023183192734,0.009867682114010259,0.05304645868892362,0.13200737373834448,0.8760733029151758,1.2192015649718515,0.007868383404864066,1
2024-10-09,489.0,493.73,487.95,493.15,24994950,0.007868383404864066,0.02323892519970938,-0.0006131207847945852,0.013269172289661624,0.014509449760027104,0.022313020783127024,0.008925415615901322,0.016762501448664757,0.009606253664462,0.008723126705572773,62.56273493695717,96.44825474586627,0.015087892635132327,0.011720571834127608,0.012251415825379112,0.009480502080383918,0.008949500775486561,0.051399739070091315,-0.11591212796255801,0.8160578967055714,1.2544104108700576,-0.00113555713271829,0
2024-10-10,490.85,494.47,489.53,492.59,25750450,-0.00113555713271829,0.022841005834838723,-0.004663895366521231,0.007564042774273139,0.012707412897376535,0.019106040074065467,0.011455348553340627,0.013175056518148098,0.010130732246194547,0.009012581309635124,61.89917622542446,88.98652606912685,0.006374241526549085,0.010028624210804228,0.012200091063852,0.009267054751136854,0.008818317931851099,0.051343344006994245,0.030226105673345938,0.8609989904754278,1.2352285871522728,0.0015631661219270843,1
2024-10-11,490.74,494.39,490.17,493.36,20644500,0.0015631661219270843,0.012394319954034394,-0.003755658864369904,0.0066517037339317575,0.012913954873016165,0.0187999735676998,0.012067997092447103,0.012459938764594947,0.01052588565613492,0.009303989239728954,62.48831496896562,93.49736379613351,0.013579866461222334,0.008553591697746008,0.01242428015474067,0.009004916014695776,0.008800021597554872,0.05193079742664375,-0.19828585519864705,0.7001867944862135,0.93013681968057,0.00839143830063227,1
2024-10-14,495.77,498.83,495.26,497.5,26060150,0.00839143830063227,0.031943580170089136,0.004884871088049136,0.008759479297619555,0.019440055900150188,0.02478222090390947,0.015883609458070547,0.017674960154323793,0.011302471932369496,0.009641746456926444,65.5708226255455,93.79374708352785,0.019320999037023334,0.007175879396984911,0.012221823402727925,0.00927293716783233,0.008782215120961893,0.05264343533732465,0.26232894959916675,0.8786886439840309,2.951795575748952,-0.01336683417085427,0
2024-10-15,497.83,498.5,488.68,490.85,34784510,-0.01336683417085427,0.0031677907214389123,0.0006633165829146304,-0.00534965247522734,0.003842763681281669,0.009279573628985682,0.014707908302267647,0.0034432695282393677,0.010930538348075336,0.010004005377380628,57.410046286201336,62.76248250116678,0.0199056662580257,0.02000611184679636,0.01334638164117638,0.009166384382745047,0.009472184072196596,0.04795823823461661,0.33477781210008395,1.163633727568248,0.4221528774323445,0.00012223693592749996,1
2024-10-16,491.18,491.69,487.57,490.91,22996780,0.00012223693592749996,-0.004542228530872827,0.0006723031476010277,-0.0043241752223948104,0.002129149340535319,0.007386460993555666,0.01176149498112622,0.0030156687412601357,0.010403082525230171,0.010082842639347282,57.46148823625975,63.042463835744485,0.018591140159767594,0.008392577050783247,0.012794751438290987,0.009184806098879941,0.009371232521072005,0.03886897300572331,-0.338878713542321,0.7916988325007167,0.3519166186962031,0.0006925913100159775,1
2024-10-17,496.44,496.49,491.1901,491.25,27210660,0.0006925913100159775,-0.0027203150693273503,0.011264793954085306,-0.0030926956373510395,0.000849576128744367,0.007268738274161635,0.010393578085112765,0.003137734713073659,0.00992070515542558,0.010044832377783496,57.77274262278303,64.62902473168464,0.02005855603314033,0.010788600508905927,0.01285859687386405,0.009150244936713547,0.007612984749758946,0.038691430361178794,0.18323782720885262,0.9799007814204083,2.3587389499804856,0.006554707379134994,1
2024-10-18,494.06,495.57,493.3,494.47,25335030,0.006554707379134994,0.002249878384952275,0.00572010178117055,0.002989882270850064,0.00594448558431715,0.012622195281037696,0.009603599378668726,0.00820643699098711,0.009893393143853199,0.009962214787625403,60.705188697400565,79.65468968735439,0.014672084051547296,0.004590773959997536,0.012605849264291634,0.008652135477575132,0.0076872803853343255,0.03913457202104496,-0.06892997082760943,0.9277967522904074,2.4495753374970204,0.0019212490140958494,1
2024-10-21,493.25,496.23,491.31,495.42,30336550,0.0019212490140958494,-0.004180904522612994,-0.002467288207575802,0.005765560924113844,0.005153384190878185,0.01328320981417419,0.007474553894202707,0.008569548395271465,0.009944022269552613,0.009943293729332805,61.55348305302316,83.8465182378021,0.02762912258867445,0.009930967663800444,0.011752654313511765,0.007520701735043871,0.007688695949619351,0.03976423340854457,0.19741519942940666,1.0998940461138245,2.5271123936673563,0.0010899842557829942,1
2024-10-22,492.73,497.445,491.97,495.96,26685840,0.0010899842557829942,0.010410512376489711,-0.005429736385289208,0.004777128131571384,0.004891134767579963,0.013290292263844261,0.008472689011247203,0.008169202507256168,0.009961322892354478,0.009938238575383644,62.05492609640173,85.53427419354834,0.013611281422440058,0.011039196709411982,0.011641203783715276,0.006185091966190788,0.0076436868680598265,0.04108005179837805,-0.1203403155599434,0.9662481515450875,5.0,-0.015323816436809357,0
2024-10-23,493.59,494.25,485.05,488.36,39346570,-0.015323816436809357,-0.0051944348251207195,-0.004778611178320791,-0.009596586438230581,-0.00954636996594782,-0.0024960067976356193,0.0071693812272508595,-0.0061667350263969745,0.008782001953847603,0.009830720652621059,51.812483572785915,41.70378619153685,-0.009713069045929168,0.018838561716766296,0.012605601254343976,0.007651951850381237,0.008481700659514233,0.040538283210037974,0.47443625533241596,1.3924128330645023,2.3577770890909657,0.008108772217216842,1
2024-10-24,492.11,493.0,489.44,492.32,22024930,0.008108772217216842,0.00217811704834614,0.007678761569334114,-0.001998759390722915,-0.0014603277624533062,0.005299918627718281,0.0073132955365720065,0.001600484739570529,0.008216723650052528,0.009444662146185386,55.897181068481494,63.752783964365264,-0.0005481231856107049,0.007231069223269423,0.012264816147453445,0.008167928598305436,0.008509383115128418,0.04083195776170984,-0.4402325285278996,0.7934604385942617,2.2624458598867925,0.0060935976600584585,1
2024-10-25,495.14,500.28,494.43,495.32,38762140,0.0060935976600584585,0.0017190122757699822,0.005727981800454973,0.0037367572080506672,0.004225157936565749,0.01054160639637014,0.0067795157838470566,0.006510912939017732,0.00817185042631063,0.009144337084874481,58.7499130819193,69.8205050197749,0.0039727582292847785,0.011810546717273614,0.012408284399118594,0.008388449971241838,0.008484285458211768,0.04159561563723144,0.759921143903749,1.357521019094584,2.496337238857459,0.00016151174997980355,1
2024-10-28,498.46,498.52,495.1,495.4,20477780,0.00016151174997980355,-4.0369787251304246e-05,0.006339336186707456,0.003907009921535698,0.004815161877872454,0.009949655416349401,0.006019128699266574,0.005640996073106752,0.008094134247799563,0.00893311517395237,58.82639643524531,67.95797767564014,-0.004221105527638214,0.006903512313282114,0.011761779802756774,0.007910490899929417,0.008474896473356048,0.042419078604157494,-0.4717066704779458,0.7297599987512909,2.328764296090776,0.009608397254743828,1
2024-10-29,495.72,501.35,493.85,500.16,28014060,0.009608397254743828,0.008468424872973612,0.0006459426725879958,0.011830584731910232,0.012557773247468873,0.017694073217977557,0.005794931063109576,0.012918779179967865,0.008625641800531504,0.008803607658212514,63.198669003027696,92.6993865030675,0.018967097891412932,0.014995201535508637,0.011895479160954186,0.007009341114084848,0.007942024599418741,0.04190484236774229,0.36802231491890236,1.0252205396021234,2.3526363043537355,-0.00755758157389641,0
2024-10-30,499.39,500.35,495.89,496.38,29755960,-0.00755758157389641,0.01642231140961581,-0.0015395073576456308,0.0009356423265229896,0.0037937003542942715,0.008522193360023689,0.007579459370501418,0.0044501803120486905,0.008465212035928192,0.00878956105230683,57.93710707845257,69.50920245398758,0.01114257195820012,0.008985051774849987,0.011916993317331743,0.007620222440908783,0.008222703800161022,0.03852316649492875,0.06217949129829803,1.0771190747217612,2.8598203457880746,-0.025242757564768903,0
2024-10-31,492.38,492.43,483.75,483.85,41245250,-0.025242757564768903,-0.017204257393565126,-0.008058342398968521,-0.020986520227751937,-0.020078418029665923,-0.017161336059321797,0.003907182329420111,-0.017745844883385264,0.006337905559443557,0.008481324735150573,44.66315826079985,0.5681818181819467,-0.015063613231552142,0.017939444042575192,0.0134671311947327,0.01130846880941375,0.010170069348291977,0.036521319194909994,0.3861172686077008,1.4512291444031273,0.5134987989967343,0.007398987289449099,1
2024-11-01,485.5,490.7507,485.2,487.43,33655760,0.007398987289449099,-0.015929096341758875,0.003410147773070138,-0.010583707504810858,-0.011418488622074285,-0.009900386752900614,0.0006906301797264813,-0.008880449934765222,0.0049806139446091306,0.007731348725942698,48.30725240376612,20.90909090909092,-0.014237466378142272,0.011387686437026867,0.013577876383715149,0.01137788140356881,0.009946952945795553,0.03646932016891424,-0.18400882525866613,1.1781568732174128,0.3639071697651454,-0.0029132388240362683,0
2024-11-04,486.82,489.38,484.2545,486.01,23291580,-0.0029132388240362683,-0.018954380298748408,-0.001251461748353666,-0.009690972887282268,-0.012413664174721895,-0.013176663123515953,-0.003519800527716388,-0.009975444244806009,0.0036752319416670943,0.006938196627194759,46.98556226781086,12.840909090909022,-0.018993984901699568,0.010546079298779836,0.012927599961200072,0.011324886208002413,0.009650985283621008,0.033201591471435254,-0.30794669322576584,0.8177570515921069,-1.0458586836934827,0.012756939157630542,1
2024-11-05,487.61,492.88,487.52,492.21,24353620,0.012756939157630542,-0.015894913627639284,0.003292113331001545,0.006202266668847045,0.000947647556452047,-0.0008829887647291423,-0.007041581666311303,0.0022449776261088683,0.0035713012375104426,0.006194901344241976,53.028397068406996,48.06818181818164,-0.007561093636583638,0.010889660917088264,0.013163835412875436,0.012227303158361305,0.00948988518101488,0.03263429452400884,0.04559759363684224,0.8609671091043956,-1.1911652342182648,0.027163202698035294,1
2024-11-06,500.56,506.41,499.6,505.58,43082200,0.027163202698035294,0.018534187517627698,0.016964303854046126,0.0296609479120844,0.024548803767635352,0.0249631791333893,-0.00456244241196202,0.02482290398903353,0.005502836309091886,0.005925429622907571,62.85979472935213,96.33715798764324,0.03526087312638215,0.013469678389176792,0.014033556933196939,0.013851506951775049,0.011133894985781857,0.04017178011948509,0.7690265348642213,1.4758870594335542,1.1035169026859584,0.015744293682503185,1
2024-11-07,508.4,514.33,508.34,513.54,32853120,0.015744293682503185,0.06136199235300177,0.0055777522845048555,0.033375322464453294,0.036223637376207485,0.03889430604838218,0.0053407348365615,0.03443977038435042,0.008154990860012836,0.006297865343011034,67.2542153782513,97.41661216481336,0.04310204744881374,0.01166413521828887,0.014432204474265459,0.01433235509984371,0.0115704275939986,0.05427924438470254,-0.23743170033099514,1.1119368898159452,3.5186891981926816,0.001168360789811862,1
2024-11-08,513.035,514.9175,512.41,514.14,22924480,0.001168360789811862,0.05479761196479482,-0.0009833703314250375,0.02357972191695734,0.03350955836532865,0.037926488786784285,0.01401626718723814,0.029999476686296767,0.010287964717180931,0.0070900055442840275,67.5657341807539,97.50541429373536,0.03799563918275051,0.004877076282724647,0.014080197722688098,0.014349301808373193,0.011571815211533689,0.06485101793683763,-0.3022130013831259,0.7729129162611872,3.4101853179072386,-0.000583498657953041,0
2024-11-11,515.37,515.58,510.92,513.84,24167480,-0.000583498657953041,0.05726219625110596,0.0023923444976077235,0.01177091414596898,0.02909191410615386,0.03561279400205564,0.023564504101416528,0.024763629332185344,0.011809656558589362,0.008037247286399781,67.22139134739058,94.53345900094249,0.03722244650787254,0.009068970885878921,0.013975125664464766,0.014372373386551103,0.011489895185947107,0.07279730327639816,0.05422151342146031,0.8174295367038595,3.3602027128345666,-0.001809901914993084,0
2024-11-12,513.77,514.66,509.83,512.91,25835290,-0.001809901914993084,0.04205522033278486,-0.00013622917639743992,0.0017734305725367605,0.024613005879074334,0.03144550377760291,0.029619544998421343,0.019316380775367792,0.012741257109510316,0.008989707654993505,66.09680860077813,91.61168708765294,0.025491842610364523,0.009416856758495611,0.01315375574105177,0.014309043067727956,0.010972294165054696,0.0777883312553661,0.06901050502576189,0.8872693271603297,1.6410112360682743,-0.0012867754576825208,0
2024-11-13,512.4,514.98,509.95,512.25,24567420,-0.0012867754576825208,0.0131927687012936,-0.0009943264900275084,-0.002115573425592654,0.020060695851653598,0.027912670064614398,0.030091905125015028,0.015192704808838053,0.013223534408719624,0.00984573911728941,65.26237371010276,89.53817153628641,0.03197147346790774,0.009819424109321679,0.01322508540751588,0.01394664497698351,0.010991234279506787,0.08106327681857176,-0.049075121664978405,0.8414570264176752,-0.720863391700005,-0.0069497315763786816,0
2024-11-14,511.91,512.79,507.77,508.69,28679520,-0.0069497315763786816,-0.009444249717646125,-0.0006637384089799303,-0.007174558811474552,0.00798557444616188,0.01898592181277703,0.026349526854322347,0.006876872966617542,0.012973598185072426,0.010526434218125182,60.803441482632785,78.35375431982396,0.05133822465640181,0.009868485718217346,0.012904814326996814,0.010591904052121098,0.01117720325599071,0.08178658259048482,0.1673802133068918,0.9798355153886119,-3.1831086056506486,-0.0238259057579272,0
2024-11-15,502.94,503.33,494.49,496.57,51461050,-0.0238259057579272,-0.03417357140078581,-0.011303544398356569,-0.02413668414391623,-0.017809460138377253,-0.00550151506958485,0.019096085252455097,-0.01451835287537706,0.010916889326633657,0.010810063847030175,48.623358124791814,40.276468740182146,0.01875141045893769,0.01780212256076681,0.014770425116297827,0.01391112550646935,0.012485592356115667,0.08144392120009267,0.7943483712419175,1.683052050903927,-5.0,0.0069476609541454515,1
2024-11-18,498.13,502.14,496.73,500.02,27192660,0.0069476609541454515,-0.026895531683014284,0.0031415510401353597,-0.011990009642591892,-0.013718625178756438,0.0009468578532152438,0.013093863039914444,-0.006498990804871929,0.00942177940899482,0.010472737793754126,51.59575443542506,51.11530003141678,0.028826567354581112,0.010819567217311244,0.014392810001885662,0.013877832073340082,0.012570537211946828,0.08107931589398913,-0.47158754047964435,0.8939415185699663,-3.276064414996354,0.006879724811007515,1
2024-11-19,497.42,503.9536,497.08,503.46,24523020,0.006879724811007515,-0.018424284962274107,-0.005199792008319548,-0.0014637106850881043,-0.009132060617988658,0.007077104028228254,0.008553334320154038,0.00028431223427594077,0.008691058312819735,0.010059156089740586,54.42696998471565,61.922714420358005,0.022856098006948322,0.013652723155762147,0.01463689837751334,0.013535773191585802,0.012650344494062035,0.0810108545937741,-0.09817502223026364,0.8090550350141268,-1.6938712024848925,-0.0005760139832359235,0
2024-11-20,503.16,503.48,496.555,503.17,29565490,-0.0005760139832359235,-0.017725719863347922,-0.0005958765343819783,0.0015685275348242822,-0.009232877629420821,0.0050083639178089,0.003434449354605018,-0.00024697421931729746,0.008028624714068238,0.009657687857837669,54.13947665602991,60.383712949513935,-0.004766802484275412,0.013762744201760858,0.013835468841828541,0.01035257813315186,0.012076162662184564,0.07805676602542815,0.20562190138082515,0.9914105831971249,-1.796238226647786,0.003597193791362807,1
2024-11-21,506.24,506.96,497.56,504.98,34526740,0.003597193791362807,-0.007293243429200458,0.0061013176461235386,0.006658161231161808,-0.003990114456916327,0.007349956263321689,0.0006872194144968979,0.0028325898595493726,0.007673557614431321,0.009233168965839537,55.71188755505926,66.16175320425847,-0.01666861393464958,0.01861459859796423,0.014139400145974684,0.008847210035518789,0.011989304951489891,0.0766803090993108,0.16780543802926995,1.13400482961537,0.15591296795293041,0.001604023921739417,1
2024-11-22,504.42,506.53,502.78,505.79,23826640,0.001604023921739417,0.018567372173107666,-0.0011089548100915447,0.004580085961023661,-0.0007467876278229868,0.007913211735705694,0.003317929372941286,0.0037553364980495996,0.0074464812650895705,0.008864002220901265,56.43181321353921,65.11047754811119,-0.016240712646360844,0.007414144210047648,0.01392250595249866,0.008863654486362177,0.011937510476463884,0.07614083344414657,-0.30990762522033644,0.8022449595548222,2.8826522518961104,0.001581684098143299,1
2024-11-25,509.9,511.4525,504.2625,506.59,26375170,0.001581684098143299,0.013139474421023145,0.008125902054212153,0.003549934825415324,0.0022692964389652293,0.008383121491067014,0.00481608986053339,0.004517253297217749,0.007307955634785068,0.008541594574809757,57.17229592945495,57.37316263632028,-0.014109450412579938,0.014192937089164803,0.013945639330763418,0.008917534355422403,0.01193576872623212,0.07551225082829545,0.1069613676120511,0.8793240020682901,2.870183246929448,0.005369233502438009,1
2024-11-26,508.08,510.14,507.23,509.31,26557060,0.005369233502438009,0.01161959242045052,0.0029412345289090425,0.006605160800682963,0.008368921543588037,0.012874973152280145,0.006228670978211559,0.008373244672540858,0.007513329903531757,0.008299448130128707,59.681377204567,70.27027027027013,-0.007018775223723406,0.00571361253460558,0.012377544408822036,0.009164967902971574,0.011815348484088621,0.07629818110927652,0.006896258867715277,0.8875436717071037,2.900940070755571,-0.007873397341501276,0
2024-11-27,508.17,508.24,501.93,505.3,24957440,-0.007873397341501276,0.004233161754476633,-0.002238322436237228,-0.0021603731481811828,0.001808131835016047,0.004009680457477183,0.0061834120830868144,0.0003671397935371967,0.007046594974682918,0.008101568236426156,54.60255453434914,51.25651967757224,-0.013567593948267453,0.01248763111023155,0.012282109637838915,0.00944689265197054,0.011827554490914337,0.07536237298668495,-0.060233324020053436,0.8408260352776515,3.168167844157922,0.008786859291509908,1
2024-11-29,505.93,510.34,505.31,509.74,15333970,0.008786859291509908,0.009426115885777575,0.001246784088660302,0.004718673252573247,0.010400540740902242,0.01023333429123241,0.0054887613672061075,0.007737520581774016,0.007191655706377028,0.007863131910084817,58.78475966656335,72.30915125651957,0.0020641254988302826,0.009867775728802866,0.012530001289172626,0.009712695098473794,0.010195133524882147,0.06654712191700679,-0.38559523733203405,0.5401855752801804,2.8678017686074737,0.01088790363714831,1
2024-12-02,511.01,516.26,510.62,515.29,25147170,0.01088790363714831,0.018782498665453895,0.00249146623768981,0.011868527195108003,0.01762562578377236,0.018421070835297204,0.006475686775586187,0.015785820814457896,0.008052317218775149,0.007833216239030133,63.332073830044585,95.54432705558095,0.03769861248162387,0.01094529294183855,0.012652875080051999,0.005396510802832131,0.010309711970596885,0.06072043391554497,0.6399647318991755,0.899364101269995,2.891588306272467,0.003066234547536517,1
2024-12-03,513.95,517.15,513.37,516.87,18597900,0.003066234547536517,0.02029254426656668,-0.002600477401074941,0.010889845922761987,0.017360496014171778,0.01843796950814025,0.007466811162286646,0.015946327423583373,0.00891281849670631,0.00802998064489405,64.53180782014965,98.76434245366296,0.03369865205391798,0.007313250914156312,0.01246909280863659,0.0052768657483458214,0.010220606990040192,0.05094015397328757,-0.26043765560896115,0.6707657244157296,2.743318461458056,0.012362876545359613,1
2024-12-04,520.32,523.52,519.6,523.26,26086220,0.012362876545359613,0.027389998232903334,0.006674792501015769,0.01783338390793876,0.025939650608787668,0.02788445483386215,0.009874966850991651,0.024015432801045566,0.010362813137128371,0.00841809807202513,68.95573929644738,99.10437478470551,0.03932785126921701,0.007491495623590489,0.01253796255344241,0.005930785168108246,0.01020143828919557,0.04967244489580877,0.4026433091908226,0.9379145767867848,2.7336698064976614,-0.0027710889423996354,0
2024-12-05,523.31,524.0399,521.42,521.81,18169630,-0.0027710889423996354,0.03267365921234888,9.555479111722498e-05,0.00853508158192784,0.019371197943324203,0.02340468721347233,0.014743766382643742,0.01786147777799485,0.011276221410229575,0.009008436435769101,66.91610721569025,92.45378156948063,0.037045133851382195,0.005020793008949675,0.012244262416259876,0.006150608814590658,0.008549259137642746,0.05388561132159013,-0.30347785152467477,0.6839076508635676,3.241675197989759,0.008949617676932364,1
2024-12-06,522.48,526.72,522.35,526.48,23762610,0.008949617676932364,0.03284027151096636,0.0012839922577183582,0.011018892272949055,0.02419248157745235,0.03125517238677533,0.020015728952731626,0.02272726810789716,0.01244335603490939,0.009631494815170108,69.99444736592415,99.20437593237192,0.042575943601726784,0.008300410271995146,0.010875260490155643,0.006373284782444355,0.008080423092037516,0.06096388646489927,0.30782024730277935,0.9099968720378566,3.3742791588633607,-0.007787570278073308,0
2024-12-09,525.55,526.35,521.22,522.38,20674410,-0.007787570278073308,0.013759242368375224,-0.0017664488679532964,0.00042132679638418047,0.012947374748643936,0.02239910908519782,0.021968526359981144,0.012463215564552321,0.012772575138844586,0.010320186592975485,64.33470124933837,85.61246477705942,0.03280017398525081,0.009820437229602963,0.010918228656752337,0.0074060309982775675,0.008330989472239245,0.06411654502585712,-0.12996047151386148,0.7951590795268116,1.3795543642756969,-0.003407481143994695,0
2024-12-10,523.62,525.38,519.16,520.6,24350040,-0.003407481143994695,0.00721651479095331,0.00237375090929981,-0.004409970434456789,0.006760728982951214,0.018241704293299188,0.022752010421037028,0.007616049059840924,0.012579478964082357,0.010800273929487288,61.991100977246,79.71158627548483,0.027655500503365626,0.011947752593161788,0.010865882772624996,0.007693904170995601,0.008379967128205917,0.06612002262350068,0.17778645194711729,0.9361989175289888,-0.5902736403371074,0.017902420284287235,1
2024-12-11,525.0,530.61,524.59,529.92,32168580,0.017902420284287235,0.012727898176814634,0.008451786400307304,0.0108385885799962,0.020715957354598302,0.03474939663050347,0.023654427443353443,0.021622578392996195,0.013438159360984336,0.01117589063984645,68.46804003920988,97.91225416036292,0.04046651351828934,0.011360205314009629,0.011090609364216701,0.009065099808791995,0.009190814584141374,0.07361165161110345,0.3210894109414193,1.2219255715337196,-0.3048425409654895,-0.006453804347826053,0
2024-12-12,527.68,528.96,526.02,526.5,23577500,-0.006453804347826053,0.008987945804028286,-0.004227053140096637,0.0025210596066842506,0.01000412442330001,0.026642994404649345,0.02406127488975529,0.012687701157064968,0.013704725482420018,0.011739734031515237,64.14823534477378,85.66945606694556,0.041955274094597206,0.005584045584045688,0.010416483516483515,0.008867256913657967,0.009349637883389708,0.07767113165836541,-0.26706432176987605,0.8972798311625904,-0.5087304471725358,0.007654320987654284,1
2024-12-13,530.46,533.1661,527.3001,530.53,28780410,0.007654320987654284,0.007692599908828424,0.007521367521367672,0.008639013205674617,0.013692191285606281,0.032303131661310935,0.02346143481048424,0.017240442855717797,0.014190983063068312,0.012158642155889667,66.80590315532118,91.56072621101848,0.04078549848942581,0.011056867660641219,0.010729970837787555,0.008808543142325702,0.009231551386025752,0.08291242875364695,0.220672675220019,1.095074743208536,-0.2953648966190442,0.014400693645976625,1
2024-12-16,533.08,539.15,533.0,538.17,31979860,0.014400693645976625,0.030227037788582933,0.004806514240476734,0.01705773853620185,0.023814234512567367,0.04294793593516366,0.025455976015898996,0.02685161192651031,0.015418531818109791,0.012672534314587853,71.16924440463907,97.36700698549163,0.04440218129596918,0.011427615809130902,0.010767442045662688,0.009174407039885328,0.007333702909244768,0.08631961684493804,0.11116763103791771,1.2636451953257093,1.5974181221029446,-0.0044038129215675514,0
2024-12-17,536.36,537.48,534.13,535.8,28579070,-0.0044038129215675514,0.029197080291970767,-0.003363249530817347,0.0067946424544893524,0.015647954202959058,0.034767452527290965,0.02778402753972342,0.018829548779918603,0.01608193542800324,0.013399257995763763,68.17542335689645,90.99946265448676,0.03662429624470365,0.006252332960059767,0.010880392470538045,0.009589059517735766,0.007534642595127369,0.0873270299033531,-0.10634161625473038,1.126182379743757,1.405112932781254,-0.03607689436356831,0
2024-12-18,535.15,536.8799,515.01,516.47,54703160,-0.03607689436356831,-0.025381189613526423,-0.0012131392310563704,-0.024597068144303846,-0.01973177240512758,-0.003815233157423603,0.02130589760207391,-0.015210660158966105,0.013991846053084126,0.013918972435013555,49.781645983247614,32.97872340425542,-0.01297634063371933,0.04234495711270747,0.013291589333082549,0.015255963684337563,0.011562873365108303,0.08331786695967898,0.9140986743095558,2.034637157279916,-1.375118124328839,-0.004453308033380621,0
2024-12-19,521.19,521.7599,513.83,514.17,46441750,-0.004453308033380621,-0.023418803418803535,0.009138962572850406,-0.024397185728272652,-0.022680012621126955,-0.009302540664896553,0.015472121279850981,-0.016631566679717213,0.011418887725093153,0.013468765690591421,48.118109596823096,12.443042411496522,-0.014641344550698543,0.015422720112025159,0.013752510981637541,0.0152844681929438,0.011629014183144442,0.0789665971775134,-0.15102253690646028,1.6747977304460895,-1.810220792532716,0.008732520372639385,1
2024-12-20,510.44,524.82,509.29,518.66,60529960,0.008732520372639385,-0.02237385256253177,-0.0072544100200322426,-0.01142467226019439,-0.01267798675093268,-0.00196658725913168,0.009567389288064554,-0.006815134272501799,0.009834601113603408,0.01264865431462118,51.52372412067433,31.379772270595986,-0.01485336574988616,0.029942544248640787,0.014874291443334759,0.015268331267239808,0.01174210987758265,0.07468452097362782,0.3033522638574129,2.0850882249016984,-0.8372749779736476,0.008117070913507884,1
2024-12-23,519.55,523.25,516.13,522.87,29672800,0.008117070913507884,-0.028429678354423227,0.0017159603593877026,0.002446347158901574,-0.0047566567498270595,0.004483839734427564,0.0020325203252029578,0.0010546281080756614,0.00913211379809263,0.011863871527872848,54.53712578898364,45.47890154052245,0.000938014472223303,0.013617151490810345,0.015210800827302076,0.01535590604289939,0.011837887229465277,0.07032752854268941,-0.5097832544412717,1.0119555857192402,-0.8985087488679184,0.01355977585250634,1
2024-12-24,524.83,530.05,524.19,529.96,17558220,0.01355977585250634,-0.010899589399029352,0.0037485417025264756,0.018319607398554316,0.006944642365168452,0.015824091990772615,-0.002450620993301733,0.012350339259088905,0.009492675143281833,0.011262656857894612,59.14329547187402,69.22304085733438,0.017979254706108394,0.01105743829722979,0.015078739096212122,0.015842543895255357,0.012129439704732748,0.06717418860059422,-0.408272222372004,0.6079423883644374,0.1583504897827438,-0.0006792965506831061,0
2024-12-26,528.32,531.24,526.31,529.6,19141490,-0.0006792965506831061,0.025422580207950185,-0.0030945731753340144,0.01251883177963209,0.006321813963475531,0.01316386050631424,0.0006370535603259508,0.009850724127935084,0.009715117553829264,0.010959273704738405,58.81743620000155,68.01741460147365,-0.0006038647342994086,0.009308912386707068,0.015400558372896002,0.014813075907945766,0.01212502772967637,0.06442123497846017,0.09017258013625518,0.6713812975481986,1.2165891657650887,-0.01329305135951675,0
2024-12-27,526.01,526.45,517.86,522.56,33839560,-0.01329305135951675,0.016317560339965453,-0.00677870090634447,-0.0041354601414062,-0.006311337779223103,-0.0019519387603088578,0.0021925887444564918,-0.0030252020996336393,0.008830597889555045,0.010651654412616245,52.70226417898278,44.44072337575333,-0.007483380816714291,0.016438303735456277,0.016541627482285024,0.01529620306576272,0.012415001195113804,0.056202210917606944,0.7678644661413505,1.1687063545832457,1.7039703305974174,-0.013299908144519201,0
2024-12-30,515.51,519.36,511.83,515.61,34584030,-0.013299908144519201,-0.005880538310260919,-0.013491273729332454,-0.016236739677936374,-0.0167376384235306,-0.015777603648195027,0.00046671394253028353,-0.013814119315153528,0.006966107847969287,0.010029405553390517,47.45664836515811,21.165438713998668,-0.028122820575650742,0.014604061209053412,0.017522366018613185,0.01546737806546059,0.0127347669678468,0.052506784484719585,0.021999990543612347,1.155990821807181,-1.496113759967833,-0.008494792575784005,0
2024-12-31,516.9,517.66,510.26,511.23,29117030,-0.008494792575784005,-0.022261747661942666,0.002501890964100806,-0.020241782166073863,-0.020055856605321498,-0.023760079057044026,-0.003590984823529708,-0.018841804627661718,0.004694917778930523,0.009031250124467418,44.45369193505277,6.49698593436035,-0.0500585316907296,0.014474893883379256,0.017837358639248194,0.01429867647353842,0.012651926440979453,0.05496601635961724,-0.15807874328121974,0.9668385221448279,-3.6920309269203972,-0.001956066740997242,0
2025-01-02,514.3,516.64,505.71,510.23,36389780,-0.001956066740997242,-0.03722922484715829,0.00600512489486138,-0.014707075076374032,-0.01715542747950427,-0.025051567765154825,-0.010498900811230949,-0.01762330201910489,0.0026644043668151273,0.0077720412537898576,43.77266308426521,13.51674641148337,-0.04772303098170949,0.02142171177704174,0.018001111543533583,0.014331484704513366,0.012631028796953086,0.05858017326507116,0.24977650536472984,1.1736630042235836,-5.0,0.016365168649432604,1
2025-01-03,513.35,519.6454,512.53,518.58,29059520,0.016365168649432604,-0.020808157099697855,0.006114889363620257,0.0056977515407976576,-0.0014768545885505135,-0.008653113658499634,-0.014269560787334767,-0.0013089236217688205,0.0023037556782887604,0.006578269912195527,50.580748518743874,38.48684210526334,0.0040854260654055174,0.013720930232558182,0.018470948138598255,0.01075788919797613,0.01287603591418229,0.059169746807049124,-0.20143732663401648,0.9327709930263945,-3.217097106373204,0.011492922981989118,1
2025-01-06,524.02,527.92,522.03,524.54,36109730,0.011492922981989118,0.0037890385793020176,0.010490184735238328,0.01647553087175746,0.007986410035666136,0.002478771813478442,-0.01376989276492957,0.008591060906121495,0.002911902793235126,0.005785200875215992,54.788684233435184,56.30980861244015,0.020168426784915594,0.011228886262248803,0.018625189962361562,0.011124308744437643,0.013128590518086692,0.059154346501946814,0.24261274790498955,1.1266343515815922,-1.0565645341231509,-0.017844206352232495,0
2025-01-07,525.59,525.99,513.28,515.18,36690270,-0.017844206352232495,-0.0008339636547003426,0.0020017539177186183,-0.0014962632182839997,-0.00933781507434095,-0.01434535220537314,-0.012868343416022832,-0.007970835513551044,0.0019876949383708037,0.005109785995843416,47.8918634450189,29.8079949638022,-0.006709597809740564,0.024670988780620438,0.019530649481734528,0.01244757465606568,0.013564011766973494,0.06045845191506794,0.016077107195207496,1.1221172499301435,-1.1061911317527247,0.00017469622267940466,1
2025-01-08,515.08,516.9199,510.57,515.27,30777780,0.00017469622267940466,0.007902509633628707,-0.0001941069140880547,-0.002883350104497251,-0.007714587232993786,-0.013502194525412903,-0.010649550804340269,-0.006605835988840347,0.0012132231057446611,0.004329759414307644,47.959697725819886,30.67061492016333,-0.014535161703673971,0.012323442078910068,0.019847444751572674,0.012077215879572015,0.013470719370455079,0.061818419050346574,-0.1611459932020124,0.9269710103691806,0.6764294810038722,-0.015681099229530093,0
2025-01-10,511.48,511.58,503.92,507.19,40532500,-0.015681099229530093,-0.005958097328655709,-0.0073553670890988965,-0.017363102341945602,-0.018972957394501777,-0.027723463151679506,-0.010543427419045681,-0.018834805464712723,-0.0006685075474766645,0.003385287639991525,42.598174351318214,11.969253294289834,-0.042965506830704325,0.015102821427867206,0.018682094340526072,0.011583186734035467,0.013878829424496815,0.06710425599282467,0.31694033812705147,1.1917240122134622,0.5406329510110885,-0.003213785760760257,0
2025-01-13,501.2,506.02,499.7,505.56,31694210,-0.003213785760760257,-0.025107023024412922,-0.011810169758867506,-0.015554534337588688,-0.017557496672140238,-0.02857999285211954,-0.013231264675251708,-0.018668432877403385,-0.002414452358241365,0.00223407137363585,41.58812627134925,18.57958148383009,-0.04539274924471304,0.012500989002294472,0.01868017643800932,0.011522203852838113,0.013131269761956296,0.07088304798664567,-0.2180544007894899,0.9325136482636491,-1.195346887898028,-0.0009494422027059857,0
2025-01-14,508.74,510.155,501.59,505.08,33737240,-0.0009494422027059857,-0.03709917260838069,0.006290054592926753,-0.00897860517682536,-0.01514486776757984,-0.027500996412913703,-0.018690203191216948,-0.016634903733516393,-0.003832531778928533,0.0010224492530767951,41.27773802486157,17.05770450221938,-0.03345070422535201,0.016957709669755284,0.017712936564504612,0.011139293403271156,0.013096551314348857,0.07479730310595632,0.06446066963019437,0.9780067169395706,-3.2253690207112875,0.023006256434624284,1
2025-01-15,513.03,517.85,511.46,516.7,34957550,0.023006256434624284,0.0029504250941421173,0.01574008077928246,0.013216722880226017,0.007298871638113269,-0.003801057123824947,-0.01679579464073122,0.005062651337599977,-0.0029939527857680264,0.00020077386126176553,50.84252043881341,53.89980976537744,0.0021140008921471942,0.012366944068124719,0.018095648207028102,0.013249376129803984,0.014102936855777215,0.07219055436687662,0.03617100865393841,1.004389469485301,-1.171484819272393,-0.007005999612928249,0
2025-01-16,518.98,519.0599,512.95,513.08,28229040,-0.007005999612928249,-0.004250198924835358,0.004412618540739155,0.006983015453699837,-0.00011887570862578745,-0.008382020691241276,-0.015258485902086671,-0.0016748936855334184,-0.0029499047650938127,-0.00042822862727781883,48.20813236692123,42.42232086239709,0.003618723470844909,0.01190827941061808,0.018074346523516225,0.013147670657891972,0.013660000049495385,0.06356285086444258,-0.19247658946350643,0.8154620208035394,-2.93334682821586,0.016878459499493292,1
2025-01-17,522.85,524.0733,513.1086,521.74,51837940,0.016878459499493292,0.028687474122123913,0.019041864816402798,0.018164361320136102,0.014482045219447182,0.009726850830440226,-0.008286982740935867,0.012810726533605266,-0.0014935879302629242,-0.0006356141921532531,54.307584180194475,78.10063784549979,0.022558454030535247,0.021015639973933364,0.018604436254510973,0.01408230804734913,0.014300995638605634,0.05489216054587376,0.8363337896010632,1.4487893268725494,-0.1902125936751999,0.005864990225016298,1
2025-01-21,524.48,525.97,520.06,524.8,23627970,0.005864990225016298,0.03805680829179514,0.005251657913903474,0.016502672968156773,0.019199322605328195,0.014830879246147566,-0.0016446525586868432,0.015820467117623638,9.337515705900254e-05,-0.00048685141464618474,56.26743234699274,88.94401133947551,0.011994292105364401,0.011261432926829426,0.017702458079268273,0.013287946322458057,0.011774226532404005,0.05659570855309619,-0.5441954290621889,0.6903430459719295,1.4054542921173847,0.012785823170731847,1
2025-01-22,529.57,533.82,529.26,531.51,33592990,0.012785823170731847,0.05232834402470887,0.009089176829268464,0.01906565995482823,0.030835261466492847,0.026086033233750916,0.006889029387207479,0.024268918633287173,0.0023191347251768288,7.926278269589106e-05,60.28966876061947,93.22977725674075,0.013287833149044914,0.00857933058644251,0.01724917149791564,0.013404222525099325,0.011993291991539692,0.061372655611548026,0.4217467687660006,1.0002682677832069,3.3611158701455697,0.002126018325149026,1
2025-01-23,529.04,532.76,528.45,532.64,23096590,0.002126018325149026,0.03084962260499302,-0.004647137400989654,0.015027994069601869,0.029540530040184976,0.026881808533506524,0.011678312847686723,0.022287156026600252,0.004198129729715027,0.0009029016468001593,60.941180634388914,96.54161781946055,0.03389106719981383,0.008091769300090016,0.0167981992661889,0.011582086717128343,0.01188066728192035,0.06629910791801978,-0.3124580455624819,0.7283161820557265,3.2399150341993708,-0.005651096425352997,0
2025-01-24,533.02,533.79,528.15,529.63,19878250,-0.005651096425352997,0.03225617837374273,0.0007134274556923614,0.0029655496303477857,0.020888870898412515,0.020413864588962882,0.017396724109861594,0.013934701007642047,0.005204903324571321,0.0017674070881178391,58.20194700966807,87.71981242672906,0.02786888427426404,0.010648943602137315,0.016180230942895436,0.011904303431537457,0.011869713046330528,0.06857064134445905,-0.13934264755100212,0.6366625415010086,3.6925106229709272,-0.029114664954779657,0
2025-01-27,511.0,517.99,510.15,514.21,60771700,-0.029114664954779657,-0.01443247594587338,-0.03517549987727275,-0.02345040812218213,-0.010173341418107884,-0.007789721889369439,0.016036754674894294,-0.013219570828236882,0.0037008908985400857,0.002196504297177302,46.636835042825986,42.52637749120757,0.01384096689603509,0.015246689095894734,0.018063506571800846,0.014662086071602694,0.013199257805082009,0.06615180835877615,2.05719567869405,1.820424450177624,-0.0103250656188361,0.014779953715407856,1
2025-01-28,515.22,523.0,511.78,521.81,33194210,0.014779953715407856,-0.005697408536585402,0.0019641780595476277,-0.007890333865693155,0.0013240712311941571,0.007632408529373302,0.015646196106071653,0.0011547560141733637,0.0034855815925655498,0.0024287266359106926,51.728046178072674,64.80070339976528,0.03214257457077285,0.021502079300895018,0.018057763225257154,0.015120019424221308,0.013688769630003133,0.0633107522600347,-0.4537883587261834,0.9738400733476423,0.2707335217066136,-0.0018780782277072472,0
2025-01-29,522.46,522.59,516.8988,520.83,26649010,-0.0018780782277072472,-0.020093695320878124,0.001245664130622437,-0.005715660221753738,-0.0035680463750368263,0.005908017250869646,0.011690496377742221,-0.0006139454704640057,0.003175547121777912,0.002581746670112637,51.05167254389513,61.92848769050415,0.031183178902352227,0.01092717393391314,0.017129156483744357,0.015151646177057375,0.013368159849996506,0.06298740379900786,-0.19717896584976713,0.7901535911057364,-1.5590266774644086,0.004262427279534409,1
2025-01-30,523.71,526.095,518.21,523.05,27431300,0.004262427279534409,-0.018004656052868828,0.005529635389666554,0.002191965603001389,-0.0005350352550015369,0.009470358568966386,0.007262473873042685,0.0030832332245376293,0.0032176234182551885,0.002700155779255305,52.56479122615959,68.43493552168793,0.012289529707760538,0.015075040627091084,0.017266090376500478,0.013495177211337538,0.013026574582280265,0.06344919978169232,0.029355311885882474,0.8220660357456512,-1.3897155667664158,-0.0014530159640570028,0
2025-01-31,526.92,531.5178,521.19,522.29,38845470,-0.0014530159640570028,-0.013858731567320648,0.007398910238026968,0.0035585410750176294,-0.003740574648403161,0.006928914045992052,0.0033584218887363626,0.0013752798707487024,0.003113094131113438,0.0027858867124000795,51.97247472098823,66.20750293083216,0.01795041708895284,0.019774071875777656,0.01715141834175321,0.013226787016880315,0.012856253491505022,0.062468599699894864,0.4161002212800706,1.147402009191954,-1.7561152665482345,-0.008003216603802432,0
2025-02-03,513.47,520.8496,511.05,518.11,40580840,-0.008003216603802432,0.007584449932906745,-0.016887169963047177,-0.0059629559992173675,-0.011029074916776183,-0.0018879192432911251,0.004099481785432291,-0.005623311003087994,0.0023726080912497057,0.0027212117358225603,48.72070468506687,51.25659323611542,-0.006957488404185974,0.018914130204010726,0.017806781240608024,0.012402303784491848,0.013003401683341055,0.060529165963216586,0.04467367752275875,1.1912869758994393,-1.363214868216313,0.012275385535890138,1
2025-02-04,518.63,525.11,518.23,524.47,26046750,0.012275385535890138,0.00509764090377729,0.0010036478740036436,0.005213224724484933,0.001173988985501806,0.009791397317401751,0.004554429329331144,0.00556463415054731,0.002691927922871289,0.0026889558935673775,53.48904459171505,60.49852133502326,-0.0006288109756096283,0.013118004842984336,0.017377706473746275,0.012929657870279703,0.012776705028415799,0.06118622873327947,-0.3581515316094984,0.7680220128125594,-1.648265718235848,0.004537914466032467,1
2025-02-05,521.82,527.01,520.62,526.85,21134070,0.004537914466032467,0.011558473974233374,-0.005052719888649415,0.007449986040837242,0.0066126724100050716,0.014148219441771026,0.0066487006737248056,0.008556345464260984,0.00328108141659704,0.0027976632948016633,55.16903860765925,70.5534431770173,-0.008767473801057357,0.01212868938027899,0.01643422497593512,0.012270609635786463,0.012558631385470566,0.0619049930391996,-0.18861009530939565,0.6372347060257346,-0.1562658746911404,0.005219702002467574,1
2025-02-06,527.36,529.81,525.7413,529.6,19434450,0.005219702002467574,0.012522703374438615,0.0009680174622757054,0.010178078220133502,0.01245495473966951,0.01802887618915805,0.007771697028762681,0.011669633402106694,0.00410974003712996,0.0030484569301846877,57.09734934395,82.17152513730454,-0.0057074196455391135,0.0076825906344409394,0.016073586534311592,0.012391314746079345,0.011843932701082586,0.06362869013194504,-0.0804208559922438,0.6016393223891419,-0.4386093330406313,-0.012613293051359609,0
2025-02-07,530.14,532.1,522.19,522.92,29605470,-0.012613293051359609,0.0012062264259320443,0.0010196374622355453,-0.0028032571177940557,0.0009685804744894444,0.004449643538700476,0.007273289557215623,-0.0009231836785018599,0.0037668109671852032,0.0032232815542965385,51.32256497604492,53.95014786649743,-0.012669221909635042,0.01895127361737927,0.016130943274578997,0.012897969728373987,0.012254364831920196,0.06308758470594487,0.523350030487099,0.9181733803572477,-0.13051896038042834,0.012105102118870947,1
2025-02-10,527.22,530.3571,526.75,529.25,20852780,0.012105102118870947,0.02150122560846146,0.008223055151839853,0.004997930188485711,0.010177165128894217,0.014459279307426742,0.009414297119165749,0.009435950931905523,0.004327341857301086,0.0034132524287076365,55.8766414403182,80.69286016054062,0.029248750510491694,0.006815493623051385,0.016144112288278528,0.008975279619831973,0.011855075261712715,0.059687426262938895,-0.295644352209237,0.6670778111945782,2.4712069817325046,-0.0023807274444969106,0
2025-02-11,525.96,529.92,525.83,527.99,19325500,-0.0023807274444969106,0.006711537361526743,-0.0062163438828529705,0.0012667781734878591,0.0065848673875579244,0.009873227906692206,0.008595561064059343,0.005944364545648506,0.004573459741814779,0.0036518102239265337,54.77806361883332,75.46531302876498,0.011843391272685633,0.0077463588325534915,0.015515688879388893,0.008049181896400538,0.011836509191553934,0.052804284363772346,-0.07324107385202361,0.6306978362908081,0.5659299079212416,0.0005871323320516542,1
2025-02-12,522.3,529.19,521.95,528.3,25009360,0.0005871323320516542,0.0027522065103917637,-0.010776719256046619,0.0013039885370307314,0.005743570608605086,0.008227271946548598,0.006914267284237274,0.005524050605510977,0.004750124957085153,0.0038697589003793185,55.012415820121326,76.77664974619285,0.014342491791947243,0.013704334658338084,0.01590273383629427,0.00798165730499083,0.011819694930130376,0.04264980669649042,0.29411192465912905,0.8279857197445911,0.7163603949869891,0.014385765663448735,1
2025-02-13,529.98,536.22,529.19,535.9,28714800,0.014385765663448735,0.011895770392749139,0.0031800113571835986,0.013288659637870737,0.017722307470260157,0.020861074123391,0.007473106911338068,0.01686215375936584,0.0058992255418546646,0.004231748265035078,60.42689394364646,98.77253548139605,0.02456744097122643,0.013118119052061901,0.015981099885373037,0.00895955122837995,0.011164519191065408,0.04502462859883739,0.14816212809923957,0.9605885165233666,1.038231883285856,0.0041985445045717995,1
2025-02-14,536.005,538.84,535.67,538.15,17862570,0.0041985445045717995,0.02912491394477179,0.00019593207688006764,0.011716091578025445,0.01892629801156498,0.022705137280799592,0.010861787999866701,0.017822554461818907,0.007090227287287864,0.004789289750286411,61.88928861445112,97.5170924793089,0.030366271611556916,0.005890550961627934,0.01374945912584115,0.008862594227804587,0.01097437012796019,0.04498394872560616,-0.37793158928496806,0.6080957491133241,3.2708810208132224,0.0022670259221406752,1
2025-02-18,539.73,540.0,536.04,539.37,20565030,0.0022670259221406752,0.019121398205007134,0.002935984390969093,0.010165898168714937,0.017141887304820136,0.02330937763240759,0.013011208839577737,0.01698047668297553,0.008124299498237175,0.005447625391412468,62.694299316651254,97.8238341968912,0.04103375731022374,0.007341898882029101,0.01275692011049926,0.007994354788256166,0.01043614819977413,0.049344438115486625,0.15129177940240401,0.73945787299541,3.266417742954931,0.00027810223037993964,1
2025-02-19,538.57,540.81,536.46,539.52,19666860,0.00027810223037993964,0.0218375348017954,-0.001483211895359271,0.006101654458384953,0.014545351974952325,0.022166647720814003,0.0159675647000872,0.014568715783213282,0.008874167184361646,0.006131722089550477,62.79834712732452,95.66532258064528,0.028695635594028213,0.008062722419928657,0.012575808125741364,0.007509713867083068,0.010393907962171234,0.05335770219172149,-0.043674626295220564,0.7122344990928153,5.0,-0.004244513641755598,0
2025-02-20,538.73,539.1,532.46,537.23,26550750,-0.004244513641755598,0.016903274654552547,-0.001464264531435333,-0.0014943293546502145,0.008271039350778553,0.017276834574877054,0.018799256209927284,0.008669851457960842,0.00906218079800108,0.0067387235251669545,60.044984648654214,87.97043010752711,0.019702002467495427,0.012359696964056338,0.012519724193681303,0.007799444131430125,0.010108809119502236,0.05536491236102431,0.35002486416235223,0.9739538710326349,2.657838068292337,-0.02075461161885961,0
2025-02-21,538.38,538.4,525.71,526.08,47093750,-0.02075461161885961,-0.018324314237730843,0.002140610166967649,-0.018635625944372958,-0.012002531593269805,-0.003217261803258098,0.01571115127951539,-0.01039744139673715,0.0075782200742010915,0.007020881909343629,48.82102412559105,50.504032258064726,-0.006646525679758319,0.02412180656934295,0.013105801399026725,0.010468986553599974,0.011164711797769728,0.05488935212678909,0.7737257892903213,1.6546971562065036,-0.5901837998417476,-0.011804288321167977,0
2025-02-24,527.88,529.069,519.53,519.87,39268390,-0.011804288321167977,-0.033968224472730624,0.003421532846715314,-0.023560612605979525,-0.02310557232141841,-0.014071952815338906,0.009717612698894262,-0.01874590230144968,0.005299636206811588,0.006743725967763144,43.89918651062157,7.26306465899022,-0.005832632142583893,0.018348817973724174,0.013028641775828539,0.010368629383369053,0.011394802672653791,0.05641821638709523,-0.16616557398805576,1.3342910585616052,-2.372950615750664,-0.012599303672071738,0
2025-02-25,519.24,519.32,509.44,513.32,48940030,-0.012599303672071738,-0.04829708734264038,-0.0012118414218939,-0.026335156789402236,-0.032517674287986575,-0.0264117948849254,-7.871096102274322e-05,-0.0264496053750779,0.0024083739747077872,0.005945495910598108,39.388671690946595,12.368504941026647,-0.030099196976853926,0.019247253175407254,0.013672173303202646,0.0099569023987818,0.009714565829153933,0.057064534430188996,0.2462958119749752,1.697033897607161,-3.916544522035009,0.0024156471596663565,1
2025-02-26,515.53,519.66,511.37,514.56,34457620,0.0024156471596663565,-0.04626334519572961,0.004305306631340988,-0.014653052783161202,-0.02771951703418185,-0.02338849421977951,-0.008865345816813086,-0.02046636563763138,0.00025479830896854534,0.004795894302384849,40.63228410998019,16.321326107746113,-0.02543608780469342,0.016110851990049684,0.013902973969438487,0.010104831153300489,0.009095390206141822,0.06042680302276546,-0.2959215595086476,1.1922334087843847,-3.2447391770202456,-0.027771299751243705,0
2025-02-27,518.13,519.0699,500.05,500.27,52447970,-0.027771299751243705,-0.0687973493661933,0.006937966417910557,-0.028262305271745558,-0.04968780096765535,-0.048654096661627344,-0.020984872255659814,-0.04063354695714416,-0.0037503593431683184,0.003196237719764838,32.38561416692568,0.5397448478900166,-0.05305697520348285,0.03801926959441892,0.016434839472399158,0.012763326211285208,0.010934774693150151,0.07514390727385786,0.5221007719047339,1.7371658716134057,-3.4493061808462495,0.01579147260479341,1
2025-02-28,500.13,508.78,496.93,508.17,47654040,0.01579147260479341,-0.03404425182481752,-0.00027984888160392796,-0.006001118852667409,-0.029569142983725816,-0.03226175037277823,-0.026419176136093125,-0.021648035583469394,-0.0055046218352559975,0.0014163148939311573,39.6748998880999,25.615314494074806,-0.05174472849412193,0.02331896806186899,0.01645203095701941,0.013010348565427076,0.011565469982017117,0.0809934349597941,-0.09140353763930231,1.5272347936444857,-1.3140288744279083,-0.02188244091544167,0
2025-03-03,511.52,513.04,493.58,497.05,44587200,-0.02188244091544167,-0.04389558928193582,0.00659228211031726,-0.01899446192226162,-0.043295659270437103,-0.0511578718294774,-0.03278616547898339,-0.03667559042789614,-0.008800169282887554,-0.0006016333099138011,34.10192440015804,7.347025195850159,-0.07637275852457492,0.03915099084599131,0.018547846580539436,0.013516276446353734,0.012441431556865555,0.09426434713772619,-0.06435634838095572,1.4159201431861757,-1.399982883713687,-0.0030178050497937647,0
2025-03-04,494.18,503.74,487.735,495.55,67875400,-0.0030178050497937647,-0.034617782280059295,-0.005774066995272165,-0.015046112259500699,-0.03806957811329259,-0.05197992810696339,-0.03749801519357365,-0.03369827779626966,-0.01146070227247467,-0.002774903988657226,33.41998051297415,14.724446537918055,-0.0812429315683112,0.0322974472807991,0.02032141776092939,0.013176652141247948,0.012373005542430702,0.10588841143790102,0.5223068503965265,2.0659304449223983,-1.6759404609050772,0.013036020583190311,1
2025-03-05,496.2,503.63,491.26,502.01,46323730,0.013036020583190311,-0.02438976990049746,0.0013116738976894915,0.002796588162441882,-0.01838247515207936,-0.03755382497632287,-0.040237884347716135,-0.017913310183801046,-0.012194807017404387,-0.004630318024391359,39.0709159475901,26.895902025435696,-0.06952476275207586,0.024640943407501854,0.020789839132402007,0.014641971370683451,0.01242075744679063,0.11180715409980209,-0.31751812880660735,1.3677530959198252,-1.3699496856443978,-0.02750941216310432,0
2025-03-06,493.69,498.58,486.2,488.2,57574330,-0.02750941216310432,-0.02412697143542486,-0.016573375032369886,-0.020064392327517777,-0.03614552978432717,-0.06054952657045731,-0.04131407607393589,-0.038282257983529355,-0.015363663051915478,-0.006881771449260124,32.684414920063176,3.662332906061164,-0.09126444911862708,0.025358459647685367,0.02253231989231576,0.015932274950095172,0.013534878842507014,0.12551216544273572,0.2428690435765859,1.6131555338330004,-1.440434187944838,0.00735354362966012,1
2025-03-07,487.16,493.28,480.53,491.79,54714730,0.00735354362966012,-0.03223330775134303,-0.002130274477673,-0.006324254424957432,-0.022439815615440062,-0.050185891555212137,-0.04414079474675292,-0.026536066452192753,-0.0166916809530317,-0.008803564554792342,35.63004400510435,18.679495686795043,-0.06518020072992703,0.025925699993899834,0.023759255547518784,0.01618580805384042,0.013617172980001119,0.13332216210967218,-0.04966796834630993,1.4608313382134124,-1.2726804524748632,-0.03875637975558677,0
2025-03-10,483.45,483.97,468.66,472.73,76668030,-0.03875637975558677,-0.048928679207323245,-0.01695845787836281,-0.03535514308568821,-0.05143820292355994,-0.08255064622024944,-0.048925262801410074,-0.05492021799893121,-0.021556947371581075,-0.011638201840616346,28.49962946338161,5.641025641025638,-0.09067651528266685,0.032386351617202214,0.027613754151418302,0.01912588550713215,0.015632729793490466,0.15459828341250934,0.40123198999611254,1.9259625353105867,-1.6671157200733009,-0.002390370824783661,0
2025-03-11,472.35,478.805,467.01,471.6,68760770,-0.002390370824783661,-0.04833013823024923,-0.0008038415162989754,-0.028161874106160223,-0.04571695673552645,-0.07959475626630863,-0.05292330151468738,-0.04881188152559446,-0.024845905532790338,-0.014302051600391087,28.140075639796876,6.367041198501914,-0.0812748383074886,0.025010602205258727,0.028807539682539646,0.01920216484670535,0.015130038088573725,0.1706628011298816,-0.10313633987986914,1.6292846466071178,-1.676821088851693,0.01128074639525023,1
2025-03-12,479.16,481.06,471.79,476.92,46971080,0.01128074639525023,-0.049979084081990366,0.016030534351145098,-0.0069297529609702035,-0.027545271588751752,-0.0645500113273163,-0.05802233884072994,-0.03241293455900218,-0.025906973250640272,-0.016495405443962555,32.46025695388805,13.881496007844273,-0.07314987562189046,0.019437222175626902,0.028845643474197494,0.019940892800609848,0.015586426509457768,0.17966935921543298,-0.3168913029915168,1.0776811514665419,-1.662635342129583,-0.017990438647991325,0
2025-03-13,476.25,476.2801,466.43,468.34,46563350,-0.017990438647991325,-0.04068004916018031,-0.0014048477732114817,-0.016662607395711793,-0.03878202760058791,-0.07594535856591411,-0.060287294692614846,-0.04248120010032863,-0.02861004321919777,-0.01916008997677652,29.391277246553884,3.0492185379715027,-0.06382553421152581,0.0210319426057992,0.029038564778945678,0.019049909858845544,0.01579087109680044,0.19130991627513058,-0.008680447628625965,1.0425481401879628,-1.5375062534485053,0.024170474441645107,1
2025-03-14,473.73,480.56,473.12,479.66,43563010,0.024170474441645107,-0.024664999288314116,0.011508732971772684,0.0122612641131159,-0.009754637323616588,-0.048330471340890635,-0.05985780312071265,-0.016411337664821724,-0.027438609055906334,-0.02045405052689409,37.7531450824418,24.854405410482862,-0.056103272526910275,0.015510986949088932,0.028752494326338283,0.020279452724465533,0.016583655335283477,0.19008185061226104,-0.06443565593970368,0.959422872576127,-1.7955510964220527,0.006483759329525052,1
2025-03-17,479.61,485.84,477.8,482.77,41744350,0.006483759329525052,0.021238339009582496,-0.00010424050369017834,0.014525341593500496,-0.00038719803212294845,-0.03686879115332553,-0.05065830358273948,-0.00850342207049204,-0.026050998321453495,-0.021468028238112634,39.86033928428557,30.696975389817748,-0.02872950407403685,0.016653893158232624,0.02821365690257707,0.01972047292614591,0.01666093645990912,0.1833754349700781,-0.04174780392814914,0.8958107101572997,0.342369642704825,-0.017047455309981863,0
2025-03-18,479.41,479.61,472.41,474.54,39072270,-0.017047455309981863,0.006234096692111946,-0.006959835946724002,-0.004000453356728828,-0.013134909411549267,-0.0471256543556442,-0.043298414285685594,-0.02158166741886458,-0.02661914774666905,-0.02279611006101019,36.35319329236817,15.40656422219651,-0.04239733629300779,0.015172588190668834,0.029014549428318527,0.020235242106242748,0.016759800106729096,0.17561545610734589,-0.06401057867711435,0.822143423267344,1.0702113484554416,0.013381379862603682,1
2025-03-19,476.81,485.33,474.87,480.89,40430330,0.013381379862603682,0.008324247253208128,0.004783579887891465,0.007648143491744364,0.004482562705746762,-0.028657129439330187,-0.03602971251975706,-0.0071924611741495115,-0.025004887985749027,-0.022997053320665414,40.68934201285976,31.023385539583764,-0.04207087508216967,0.021751336064380587,0.02740900057334167,0.020268076277612686,0.01727648682962856,0.16032196492422773,0.03475764269646997,0.8325326475280649,0.9486077026470371,-0.0033895485454054075,0
2025-03-20,476.88,484.55,476.18,479.26,36780550,-0.0033895485454054075,0.023316394072682378,-0.008338705317224249,-0.0003420771592577143,0.002950716752118776,-0.026248580292942192,-0.025915368189215693,-0.00894791332934275,-0.024082608781473138,-0.023276736205862365,39.937193408399054,27.526281913752406,-0.018312167144612812,0.017464424320827954,0.02698356394679892,0.018534047165297402,0.01728105561009805,0.14182931171116037,-0.0902733170864547,0.7494832377106123,1.2372822014290257,0.003296749154947154,1
2025-03-21,474.08,481.61,472.905,480.84,42234870,0.003296749154947154,0.0024600758870865214,-0.010808329507991488,0.0024600758870865214,0.008568342230286019,-0.018527628149258013,-0.020936199397040722,-0.00481091950984347,-0.02268118739839001,-0.023096438118595894,41.07425049251098,38.62235325649951,-0.022265601171231664,0.01810373513018892,0.025297247673713854,0.018357653221712407,0.01700189599693961,0.12791230184451932,0.14829359539212983,0.8649085395057432,1.2123278576998764,0.020422593794193533,1
2025-03-24,487.74,491.51,484.4,490.66,34567190,0.020422593794193533,0.016343186196325465,0.014349887696531116,0.019578670013590038,0.025309895768031554,0.004511148894528194,-0.014778183932448341,0.013095487649963156,-0.01936215356528213,-0.021979782125351132,47.70111593984837,65.1344086021506,0.03792862733484226,0.014490686014755663,0.024014301436549017,0.014321437880544225,0.017767869812499226,0.11464862289377237,-0.18154856401831,0.711309657472031,1.0715364993517629,0.0057065992744465,1
2025-03-25,491.39,493.62,490.42,493.46,26035240,0.0057065992744465,0.039870190078812984,0.0014877919536948614,0.017397148995303313,0.026472019869616004,0.01230143385094462,-0.0050085801295893795,0.015926439452778718,-0.016348248907861764,-0.020753701007811216,49.446867100405846,84.07465007776047,0.04635284139100926,0.0064848214647590255,0.022550677142741338,0.014159165601854228,0.017704426981209095,0.10500440734904685,-0.24682220336683425,0.5486728151595753,2.9571829051534984,-0.018400680906253797,0
2025-03-26,492.3,493.16,482.82,484.38,35043360,-0.018400680906253797,0.007257376946910865,-0.0023507477809751043,-0.0027587910730461074,0.006023095455678362,-0.0032400152689192607,-0.00048255546558373386,-0.0023425578259114177,-0.015642390629615824,-0.02004267160924539,44.28444379967061,66.0169179845531,0.01564203640023476,0.021346876419340254,0.02221101496463815,0.015643625145748324,0.018050756811125338,0.0913664125871778,0.3459971945716651,0.7380565405779499,0.8878156174459114,-0.005698005698005715,0
2025-03-27,482.41,486.5799,480.25,481.62,33469820,-0.005698005698005715,0.0049242582314401595,-0.004067054791692448,-0.00940369236844707,-0.002460605458070253,-0.007014114823657547,0.002412261711839836,-0.006800657882396477,-0.015212225633924744,-0.019168468587748,42.82098857932717,55.866127252666416,0.028355468249562366,0.013142934263527282,0.021386140229107706,0.014357789191052036,0.017097180800958102,0.08747202859258885,-0.044902657736016205,0.7192909906062391,1.0015764181109967,-0.026327810306880917,0
2025-03-28,479.81,480.52,468.05,468.94,46363800,-0.026327810306880917,-0.024748357041843416,-0.0037581495785058427,-0.030739212752060707,-0.02656226646960158,-0.029231328166968606,0.0015557057552832987,-0.028022329109649968,-0.017184259472990255,-0.019186274577638426,36.803536371428514,9.231335049650575,-0.022349163991160492,0.026591888088028256,0.020508243515771123,0.014912300650242634,0.017412868049469364,0.08022197859787056,0.3852419881552993,0.9977754079086868,-1.5464649100427224,-4.2649379451531466e-05,0
2025-03-31,461.92,469.86,457.33,468.92,53000300,-4.2649379451531466e-05,-0.044307667223739466,-0.014969932187486656,-0.021991223532945248,-0.023797181644255927,-0.02643806549930028,-0.00454683237344633,-0.023849247471082413,-0.018215376997590547,-0.018992749715713218,36.794753484665904,31.93717277486918,-0.028688609482776406,0.026720975859421712,0.020621077612995208,0.01463229151153472,0.0169006973808989,0.0796555581614115,0.14313969087952239,1.1303637870773087,-3.6573718912012487,0.008061076516250099,1
2025-04-01,467.3,473.63,464.42,472.7,41156230,0.008061076516250099,-0.0420702792526243,-0.0034547470783928835,-0.005495337799171995,-0.015550839603721278,-0.016256634856813945,-0.010820760793446071,-0.013555221037862553,-0.018026712186681098,-0.018678040041215625,39.72260273180958,42.35326536235876,-0.0038774392042820738,0.019483816374021537,0.020418401885823077,0.014060824389608576,0.01707290013581368,0.07660381334367722,-0.2234717539334683,0.9035025940868681,-3.031118072886974,0.007298497990268604,1
2025-04-02,466.12,479.56,465.86,476.15,49894490,0.007298497990268604,-0.016990792353111184,-0.013920033848106583,0.005244201610417498,-0.007385973945836288,-0.00640313343495702,-0.011586572722046329,-0.005383126185107168,-0.017080707533569987,-0.018250306416902177,42.34757743041805,51.86001653348025,-0.009856723990933514,0.028772445657880896,0.02075199891990819,0.013524585512595945,0.016849843359438448,0.06443763383481024,0.21231925275954566,1.0910572517343766,-0.9331412820459679,-0.05353355035177976,0
2025-04-03,456.44,460.07,450.14,450.66,70456340,-0.05353355035177976,-0.06428304472405622,-0.041394518534075386,-0.035967775747955955,-0.05488923795123224,-0.05589604088477529,-0.020671783199240013,-0.05006026165003319,-0.021678211538334265,-0.01976169902520641,31.450060746750893,1.1959521619136118,-0.05967533280474058,0.02203434962055653,0.024111446069574133,0.021494563937916218,0.019653931820280975,0.08149005268097294,0.41210662740515036,1.519290378201445,-1.5097437370999538,-0.06210890693649318,0
2025-04-04,438.14,440.37,422.67,422.67,117088400,-0.06210890693649318,-0.09866933936111222,-0.02778147605733816,-0.0775828204792457,-0.10264194846884167,-0.10807568494921238,-0.03305756348316213,-0.09385628572091331,-0.03116655267588624,-0.023089595168956832,24.11240609840503,0.0,-0.12097579236336409,0.04187664135140887,0.02907957575819027,0.027492173815876608,0.02336517361017863,0.1275444622443251,0.6618575418479018,2.365747739552608,-2.2541651316651334,0.002413230179572734,1
2025-04-07,408.66,443.14,402.39,423.69,161557000,0.002413230179572734,-0.0964556854047599,-0.03314642629001341,-0.05673525181778105,-0.08750234213977881,-0.10127303214557304,-0.0472166275837419,-0.07867611417886478,-0.03683911837436652,-0.025795030717877362,24.800947570507986,23.347583031897408,-0.13648962621774752,0.09617880997899407,0.03413292400441023,0.02562509321670362,0.02223212304585825,0.15976018790859733,0.3797865544323775,3.0064031006201195,0.7390959487083181,-0.018008449573980956,0
2025-04-08,438.16,443.1384,409.79,416.06,101248100,-0.018008449573980956,-0.11982229744023687,0.034152328353277195,-0.049757220575270766,-0.08874477363172639,-0.112228252462091,-0.06574218004017851,-0.08181021264771204,-0.04313578222173767,-0.02964161890621834,23.111674777059264,14.984106105447784,-0.15685161917885948,0.08015286256789879,0.03863167056949204,0.024650448117658732,0.022401125065757466,0.1923311706122447,-0.37329796913782753,1.8288373376079377,-0.7730357483512107,0.12003076479353947,1
2025-04-09,415.57,467.83,415.43,466.0,142876900,0.12003076479353947,-0.021316811929013912,-0.0011777147526799148,0.06925858619233805,0.024759148614266202,-0.004508550865660821,-0.06898905279843104,0.023926909238250804,-0.033457192088954105,-0.02786344178623924,48.052268347644194,69.7248712046476,-0.037945414757008966,0.11244635193133043,0.04124054261189454,0.04969553106842406,0.03593015963810258,0.19188384114027243,0.4111563575020174,2.3750552613776934,0.13183036894122474,-0.04253218884120169,0
2025-04-10,453.56,455.59,432.63,446.18,108384100,-0.04253218884120169,-0.009940975458216927,-0.026695278969957048,0.025889818817253607,-0.011119311520245034,-0.04458755574113615,-0.06869877570248528,-0.016654306978684308,-0.03395170586292626,-0.03007128406090384,42.20148622852091,47.9995615477365,-0.07358498401229185,0.05145905240037648,0.047021109353688126,0.05127486413560122,0.03696091711034935,0.19686639132921507,-0.24141621213786135,1.713627786155469,-0.17655502733482847,0.018423057958671274,1
2025-04-11,444.65,455.79,441.33,454.4,52483780,0.018423057958671274,0.07507038588023751,-0.0034291093280739426,0.02976435981924741,0.010354802631725057,-0.024347301442115166,-0.05254761513678785,0.0012367376036819255,-0.03075162948438969,-0.029772166605142158,45.18255289698584,57.00975556286307,-0.0310060988612616,0.03182218309859163,0.04676626949195171,0.05130250188288743,0.03677029296868456,0.1970726055573813,-0.5157612601848426,0.8239940072569364,1.2998456552492783,0.006778169014084678,1
2025-04-14,464.46,465.05,452.63,457.48,43941180,0.006778169014084678,0.07975170525620157,0.02213908450704216,0.021106012177919187,0.01979719080960951,-0.015060013994294685,-0.035418483233758624,0.006780567604932841,-0.027647090444477697,-0.02918679765587394,46.300166146768184,60.691858543571676,-0.02439648554124374,0.02714872781323777,0.04789097727925655,0.05137670436723908,0.0367739599428236,0.19508637510891916,-0.16276647756697404,0.6886877570975427,0.3304456338198086,0.0011148028329106552,1
2025-04-15,458.54,462.38,456.15,457.99,35404210,0.0011148028329106552,0.10077873383646585,0.0023170411821282766,0.0034617996976402665,0.024292819953123157,-0.012202157889344867,-0.015609919173510067,0.006678973604448357,-0.024945161669564227,-0.028312469424869785,46.49469040146202,66.04117596053683,-0.03111910302517451,0.01360291709425974,0.04714985979107467,0.05128268118861638,0.036608354470401804,0.19470213115091312,-0.19428176485019288,0.5564878893909704,2.17079401959074,-0.030153496801240243,0
2025-04-16,449.03,452.62,437.76,444.18,48980550,-0.030153496801240243,-0.0468240343347639,-0.019563745933317445,-0.017400883980833726,0.0005608979773883416,-0.038180038630438395,-0.02114713346556607,-0.02010670639337664,-0.025749970009878803,-0.028504179912005233,42.05246619579855,53.48777678228596,-0.06714270713010595,0.03345490566887301,0.05085107067276458,0.051891103427099454,0.03699077992786043,0.19562034572697645,0.38346682499058726,0.7647437062772006,-0.4414942200355457,-0.00018010716376237745,0
2025-04-17,447.17,447.75,441.36,444.1,44837050,-0.00018010716376237745,-0.004661795687838977,0.006731505245621161,-0.016672940238690925,0.0018611471434213378,-0.03467853773687424,-0.018310893938537576,-0.017216424788759177,-0.02549839055552349,-0.027907129826149932,42.02741601902923,54.04950110146434,-0.014556428349531747,0.014388651204683599,0.049705407405024604,0.04910090924286517,0.03699748029296702,0.19583497801207242,-0.08459480344749093,0.695674989981365,0.8422803924913261,-0.02474667867597391,0
2025-04-21,438.23,439.08,427.93,433.11,44149310,-0.02474667867597391,-0.046852992957746364,-0.013217743751407385,-0.03187950966980502,-0.02522737042530243,-0.05365795036789811,-0.02249558904663318,-0.035372781363579686,-0.027665800678657995,-0.028425370162363517,38.62361162397964,39.80821562783468,0.02470012066150895,0.025744037311537432,0.051566972428647294,0.04514782982290644,0.03726982475695956,0.19868585338931116,-0.015338654081836323,0.683988421281637,-1.3487851354939413,0.02625199141095802,1
2025-04-22,438.82,447.58,437.62,444.48,52304390,0.02625199141095802,-0.028416542799685196,0.01318371776223115,-0.0006565161475993175,-0.00429661423214267,-0.023889968014212948,-0.023248715023437505,-0.008516502027535733,-0.02577100008340979,-0.027312789057396973,43.7035706736961,54.541920435402396,0.049068894710755595,0.02240820734341248,0.05109315540471048,0.04572071560960167,0.03749769960516028,0.18902376178080998,0.18471591062238568,0.7993490818630193,-1.1135082845276387,0.022678185745140356,1
2025-04-23,458.17,463.38,452.88,454.56,55801140,0.022678185745140356,-0.007489246490098078,0.030800035997120334,0.023585521723269665,0.009576944261829201,0.0025285969650221674,-0.020571729778667502,0.011794192194112929,-0.02223394035431951,-0.02581248409379915,47.826391910898465,79.72188264058683,0.09253473056770667,0.023099260823653642,0.05077726655604163,0.045183899078507644,0.03792525483290702,0.17257859502912046,0.06685385299398394,0.8338232754397105,-0.6067599443480952,0.02813709961281252,1
2025-04-24,456.48,467.66,455.83,467.35,45956140,0.02813709961281252,0.05216353730469625,0.004223864836325308,0.04151809591727562,0.03767238106234028,0.032676185804376034,-0.008489444540195401,0.03385908165656204,-0.01693601641725753,-0.023472060918504192,52.57250951867993,99.26650366748173,0.002896995708154604,0.02531293463143263,0.04741451038530315,0.02518615075509156,0.038383543253238554,0.16337625876922773,-0.17643008727061849,0.6811580389517429,1.3387335416789843,0.011147961912913118,1
2025-04-25,466.97,473.09,465.39,472.56,38697060,0.011147961912913118,0.06408466561585224,-0.0008130951107306883,0.039937325598795814,0.04313045090624934,0.04523466686130995,0.005093904346075595,0.03813599768590281,-0.012045368474345883,-0.020979697819235074,54.39252674460249,99.25035360678929,0.059124120310188655,0.016294227188081913,0.04382488089192,0.020205219231855354,0.03846225576783061,0.15778896705006112,-0.15795669523158384,0.5713512169564943,3.13643682164607,-0.00031742001015744314,0
2025-04-28,473.03,474.808,466.03,472.41,33550780,-0.00031742001015744314,0.0907390732146569,0.0009945826984931738,0.021930811297244945,0.03867007312750936,0.04450205347321634,0.02208685942967059,0.03180510158590577,-0.008250626257473635,-0.018439212699190966,54.32788599587748,96.3117905810699,0.03963468309859164,0.018581317076268537,0.03900461765959956,0.019783992057066567,0.037971221999085245,0.15939324768715837,-0.1329889144033164,0.5000982845425264,3.5174825397306546,0.006604432590334497,1
2025-04-29,470.17,476.4243,469.59,475.53,30613120,0.006604432590334497,0.06985691144708417,-0.004741643911009508,0.015044334680948346,0.04139702645704246,0.05063265968940356,0.03506085773055556,0.032485104180752566,-0.004623134367855665,-0.015579211814541933,55.51217138566917,98.53379742041461,0.039455276733409095,0.014371963913948734,0.03476606553289414,0.01978142672996983,0.03799037329380389,0.16261572201868948,-0.08755862009765492,0.46405302089290756,3.3603231070700246,-0.0001261750047314436,0
2025-04-30,467.13,477.2,462.43,475.47,46810610,-0.0001261750047314436,0.04600052798310461,-0.01766450066241876,0.005936563817003249,0.03729479138260161,0.05017874043487436,0.04398108012894486,0.027241564741078195,-0.0017810990386542683,-0.012821162023507453,55.48237650486349,96.48873553886754,0.03816677220026632,0.03106399983174539,0.029117399625633596,0.019805789755162964,0.03795855307369497,0.1640573238890076,0.5291028813789642,0.7065567681569686,0.8921264272837421,0.01306076093128894,1
2025-05-01,483.41,487.18,480.74,481.68,43316540,0.01306076093128894,0.030662244570450303,0.016699265989442047,0.012932937984985182,0.04231539085745206,0.06324553890708762,0.049670219059307685,0.03418916914134007,0.0014887610313800885,-0.009826941212287494,57.99528411612072,90.71729957805907,0.08442523301364302,0.013369872114266728,0.02553003475929486,0.015865402468643115,0.03803100641897011,0.16752016594319774,-0.07464269318430161,0.6570794475085909,0.8359408773939493,0.014843879754193656,1
2025-05-02,486.54,490.91,484.83,488.83,39218080,0.014843879754193656,0.03442949043507704,0.010089686098654793,0.02098232188210125,0.0476470109173206,0.07450160626812763,0.05241940358709418,0.04160185228731139,0.005123731735233806,-0.006721817559644137,60.74293471126355,96.69736424261664,0.10072055843278527,0.012437861833357284,0.024392397590748762,0.015688669946779202,0.03585866179415068,0.18089812403736402,-0.09461651369199853,0.609346149516006,0.8471525348700601,-0.0059325327823578355,0
2025-05-05,484.6,489.03,484.1,485.93,28309490,-0.0059325327823578355,0.028619207891450227,-0.00865331505840472,0.009225567407702862,0.029774518945494544,0.060752085518539056,0.05105550213436172,0.029810441924265296,0.007501566737526133,-0.003909233011321507,59.0556002330291,92.09272785011112,0.1219551615063148,0.010145494206984441,0.02343698827873503,0.01171705778547308,0.032384801000632756,0.17648716950943658,-0.27815206659785485,0.4724391893181294,1.0099345698128794,-0.009301751281048709,0
2025-05-06,479.56,485.05,478.19,481.41,32786310,-0.009301751281048709,0.012365150463693242,-0.013108883995637255,-0.00259808065237932,0.012273615196825682,0.04430616581215685,0.04702642490924358,0.017065760469034963,0.008593007703732728,-0.0014381481689669379,56.4247265672928,84.91584630041284,0.08308585313174954,0.014249807856089432,0.023881084433524137,0.012174090569318598,0.03258647791826967,0.16601261579554505,0.15813848995513524,0.6130179504901723,-0.666132450554379,0.003925967470555181,1
2025-05-07,482.08,485.8,476.782,483.3,38109860,0.003925967470555181,0.016467915956842605,0.0013917450821543387,-0.001920574933399477,0.010143234255831857,0.04081533765122014,0.04281814804645223,0.017761379926051202,0.009570625444443192,0.0007681057882101803,57.28168754513102,87.91679898380436,0.06322597676874353,0.01865921787709503,0.02213063462504803,0.011069677672384697,0.03206945573248714,0.142624790627185,0.1623711238013672,0.7572518908019289,1.6382906420084749,0.010324849989654439,1
2025-05-08,488.53,492.7,484.17,488.29,39577590,0.010324849989654439,0.013722803521009741,0.010821435961100745,0.005638942893861021,0.016125575133027148,0.04904374578375892,0.043161418117912964,0.023816858593474377,0.010964256638918767,0.0028010563329110023,59.54387521337735,93.19129226493753,0.04480582004921363,0.017469126953244943,0.022344786324286207,0.008212732095816789,0.01833902323583747,0.14955090843457833,0.03851313019780189,0.8763556010111209,1.5676773313997148,-0.000655348256159205,0
2025-05-09,490.21,491.54,486.195,487.97,27767420,-0.000655348256159205,-0.0017593028251129406,0.003932089536955452,0.005336025382174814,0.01221368978721471,0.043671124999064226,0.03813162828052086,0.01951550109650091,0.011963374018229377,0.004634989366913475,59.32690488301801,91.41249092229491,0.03260961571017451,0.01095354222595657,0.020774886629447358,0.007983826352863693,0.015016564550593267,0.1494957331104273,-0.29840548653922583,0.6751015521107752,-0.33550660588756565,0.040740209439104946,1
2025-05-12,506.99,507.89,501.48,507.85,45090620,0.040740209439104946,0.04510937789393532,0.03897780601266465,0.036927989807335804,0.045763612327181846,0.08001718329987395,0.041554663309401496,0.05117766653749234,0.015233505300279684,0.0066095416805112195,67.29904282081239,99.92728594800951,0.075019580449186,0.012621837156640676,0.02072818183096808,0.014136210316970385,0.01681924822093414,0.16455340986219824,0.6238678278356433,1.1062177031774618,1.6970416479846921,0.015240720685241627,1
2025-05-13,509.16,517.39,508.42,515.59,53269570,0.015240720685241627,0.07099977150453873,0.0025795018214038734,0.03824003221908989,0.053015325795699786,0.0897439284593331,0.04960692579938475,0.056278343316209956,0.01891636820520737,0.00899152941395813,69.78238745532525,97.07602339181294,0.08424284482577349,0.017397544560600418,0.01912030046022171,0.014347931188029898,0.016953453950587265,0.1823250036198234,0.18138916697086893,1.292088541306369,3.637616866977347,0.005993134079403939,1
2025-05-14,516.77,519.2279,515.75,518.68,47014520,0.005993134079403939,0.07320504862404298,0.0022886401986073057,0.029788991335699677,0.050059418608652706,0.0892885644441832,0.05777841247973403,0.05247123488976135,0.02211097031771963,0.011572564466170089,70.73778885092061,99.0353516591282,0.09087849916924284,0.006705290352433056,0.017703345855964024,0.014080802780886524,0.016912500922638244,0.19746128664978904,-0.11742257352556063,1.124533858735076,3.6946475860348067,0.0010989434718902125,1
2025-05-15,516.52,521.93,515.17,519.25,50153280,0.0010989434718902125,0.06340494378340744,-0.004164417367162776,0.01840084100198469,0.04327821422113276,0.08195679465741512,0.062407601306474714,0.04500608429377917,0.02451090793997922,0.014150070254053584,70.9204367420976,95.4957983193278,0.07799784089021755,0.013018777082330266,0.017554604855904793,0.014188566002947135,0.014652428367775038,0.2009985135153211,0.06676150261663838,1.197929310980837,3.7564715280085696,0.004352431391429823,1
2025-05-16,520.66,521.7,517.1,521.51,48394600,0.004352431391429823,0.06873373363116575,0.002715454983148735,0.009551353527845086,0.04098383561753227,0.0779721696280189,0.06777348756066681,0.041613397183234424,0.02636334875012733,0.016543669699276408,71.67533863734735,99.29411764705888,0.06685350735429507,0.008820540353972162,0.016906291346282895,0.013982083706110154,0.014554963306367998,0.20071618439187983,-0.03506610135967181,1.151032245663683,5.0,0.0009587543863012193,1
2025-05-19,514.24,522.53,514.24,522.01,52536150,0.0009587543863012193,0.027882248695480838,-0.013940288776821075,0.005009549333086838,0.03453127910802123,0.06918213230158554,0.06385270966935863,0.03582151372274156,0.027647449547281194,0.01875174877019782,71.84945344839426,99.13477537437606,0.07424937748235338,0.015880921821420976,0.01708928674053861,0.013456895629721856,0.012483150716671533,0.18506435687467854,0.08557876291982991,1.2371966578123539,5.0,-0.003333269477596268,0
2025-05-20,519.47,520.93,516.66,520.27,42517560,-0.003333269477596268,0.00907697977074795,-0.00486580716844498,-0.00014221361253319298,0.023202850894444405,0.05741099238347824,0.05756139200951149,0.027253303127467765,0.0281862755357026,0.020688825062019276,70.23149694457425,95.05989332867013,0.08072121476496119,0.008207276990793207,0.01585315591629619,0.012754358002931353,0.012135571612509709,0.17214948348646417,-0.19069897584805895,1.012937324217772,3.23297118384966,-0.01389663059565227,0
2025-05-21,516.27,523.0,511.24,513.04,71292830,-0.01389663059565227,-0.01087375645870281,-0.007688315682241931,-0.0118948568611138,0.0031166535665543282,0.036556476306024877,0.049034592627688056,0.010959455040594701,0.02748820809905933,0.02228194696055219,63.802344234468116,78.44995456315715,0.061535278295054674,0.022922189302978308,0.01608352732173485,0.014492672726250499,0.012551477512178194,0.15935057695488178,0.6767855446079221,1.6677033939878954,0.7035565339579445,0.0018711991267739148,1
2025-05-22,513.66,517.71,512.3,514.0,55607170,0.0018711991267739148,-0.010110736639383777,0.0012084827693747968,-0.008039894551166937,-3.307283611253542e-05,0.03362498718023477,0.04200257802963714,0.010852603021748841,0.026416664136652147,0.023075597525605444,64.27004906485351,80.52706737634689,0.052653136455794725,0.010525291828793934,0.01552263757643134,0.014464236078199726,0.011455361794849414,0.1530596644989473,-0.22001735658410526,1.2862604066677248,0.7902311281324451,-0.009260700389105092,0
2025-05-23,506.18,511.84,505.58,509.24,58368080,-0.009260700389105092,-0.023527832639834267,-0.015214007782101135,-0.012549640109208227,-0.013376112092749248,0.02028999445015467,0.033256997914300035,0.0012616643008998008,0.024807301970899143,0.023594493350210303,60.12198796331264,70.22804967761482,0.04358874520974654,0.012292828528787979,0.01615725675235926,0.015095936599208581,0.011767678131442366,0.1464448712218138,0.04965025193693551,1.3200905597890535,-1.1421721800506481,0.023525253318670947,1
2025-05-27,516.15,521.71,514.59,521.22,47226320,0.023525253318670947,-0.0015133809697132072,0.013569240436729135,0.010990119366739659,0.007225386052821303,0.03921117089203863,0.02791427036198524,0.020918793684506998,0.024373508240228586,0.023316449537476046,66.05932307736708,96.14868665887757,0.02632667126119914,0.013660258623997553,0.016434094185619454,0.010881712072168113,0.012511760908780405,0.141732726536598,-0.19088789626110714,1.0518348899906114,-1.2607629864533891,-0.004431909750201579,0
2025-05-28,522.18,523.68,518.39,518.91,46637180,-0.004431909750201579,-0.0026140273319622542,0.00184183262346016,0.007040804840844572,0.0021185254136144582,0.030150529309292295,0.022948151015687923,0.013837093506542164,0.023955230959449042,0.02352724295498671,64.07821436420294,87.92710706150345,0.006439224965573365,0.010194446050374754,0.015994089258528174,0.010104052867466823,0.012679601107129767,0.1354823898022903,-0.012474823361210419,1.0205030005455775,-1.3159492738155962,0.0019656587847602935,1
2025-05-29,526.33,526.48,517.32,519.93,58724070,0.0019656587847602935,0.013429752066115741,0.014299204100904017,0.006329113924050667,0.00384602018002167,0.027640328849648732,0.02117718212732389,0.013362032584826267,0.023380364887334564,0.023460942697270972,64.58328869329696,83.74084646890886,0.002409963754145039,0.01761775623641638,0.015929740541996033,0.00994814676697757,0.0126484566328696,0.1269160442226181,0.25916854320951654,1.2684518110927494,1.060768714856783,-0.0015771353836092628,0
2025-05-30,519.44,520.68,511.93,519.11,67662840,-0.0015771353836092628,0.009941634241245056,-0.0009424345584980731,0.0027584501682500484,0.0022899112611116657,0.02223832601114184,0.01942628939165103,0.009936022070456962,0.022610196090883185,0.023320441000599778,63.80657462142481,70.51999999999998,-0.0002696196437168563,0.016855772379649674,0.016423425258065297,0.009959804643990528,0.012553490120476352,0.1200148682845735,0.15221645911122983,1.4240857857179283,-1.1972950897838834,0.00789813334360745,1
2025-06-02,517.24,523.45,515.97,523.21,44762820,0.00789813334360745,0.027433037467598842,-0.0036023193542794596,0.005252883898585248,0.00987465595046455,0.026836180368021267,0.021470514350310888,0.01511518771390219,0.022175094584697585,0.022945176028342357,66.00784982570644,84.35406698564604,0.003259764913424501,0.014296362837101772,0.01459641990241557,0.010191695337932344,0.012326567740865489,0.11710714171378683,-0.33844308042642013,0.9366485086318775,0.6870070222531909,0.007817128877505963,1
2025-06-03,523.56,528.74,522.69,527.3,44070330,0.007817128877505963,0.011664939948581976,0.0006689474589551825,0.010749637717273774,0.01673084302084571,0.030678971744775296,0.019717379342832242,0.01943532512830104,0.022170589161260915,0.02264787933392335,68.09262787904738,93.7823834196889,0.010133905480737893,0.011473544471837578,0.014010444041071756,0.010462731239723607,0.012156507255751577,0.11202906008682434,-0.01547020496027729,0.9071990678336915,0.6350254054461125,0.0027877868386119165,1
2025-06-04,528.01,529.84,525.9694,528.77,41359320,0.0027877868386119165,0.019001368252683504,0.0013464820785131781,0.009750527055516489,0.017896984058844323,0.02879045085096954,0.018856067202038806,0.01878563403455913,0.022209633447054556,0.022509860608169965,68.83250866178611,95.58944765045324,0.016337670824764006,0.007320006808253269,0.014002928629514863,0.010355801746831225,0.011745372692598557,0.10055149905484688,-0.061515536643360735,0.8439453571901863,2.3628886311908617,-0.0075269020557142685,0
2025-06-05,530.18,533.05,522.66,524.79,61286620,-0.0075269020557142685,0.009347412151635925,0.002666565803657539,0.00029353685221722436,0.007955470874756232,0.016942255259695393,0.016643832829180694,0.009390913385967758,0.021597537955295797,0.022463967651322556,64.47336230931131,69.93083363669457,0.022902697645407866,0.019798395548695644,0.014603201824947672,0.009448050312868096,0.01206343327373253,0.08457153677713436,0.48180917868088735,1.2216777858134416,0.023983189443715264,0.009775338706911274,1
2025-06-06,530.0,531.8,528.21,529.92,42467020,0.009775338706911274,0.020824102791315857,0.009927780636064032,0.005926370259567992,0.014705882352941124,0.02275786798062618,0.01673233570436672,0.016247137657386723,0.021311356799431896,0.022059471818427386,67.34406946582736,88.60575172915908,0.03097276264591442,0.0067746074879225515,0.014786679390959285,0.009733857645511209,0.012049353821958425,0.07078217871995893,-0.30707518215231966,0.8440999573527677,2.380310362929309,0.0014719202898552108,1
2025-06-09,530.14,532.35,529.01,530.7,33688670,0.0014719202898552108,0.014315475621643259,0.0004151570048309683,0.004550479276768993,0.012040748608849405,0.020057086292562643,0.015436364160572147,0.014972414350508112,0.021094453784940657,0.0218405305625597,67.77050191837185,91.44521295959261,0.042141230068337254,0.0062935745242133625,0.01409871059786267,0.008763151254946911,0.012013880517037754,0.04844630488995582,-0.206709818583927,0.6656987602881714,2.2501421892641855,0.006613906161673233,1
2025-06-10,531.17,534.9,528.89,534.21,40664800,0.006613906161673233,0.013104494595107319,0.0008856227623892376,0.008556141655873706,0.016216935997793502,0.024208994541616624,0.015520061044934641,0.018288126499013124,0.021096736535547694,0.021576970069020297,69.6886854294547,97.64665757162368,0.024922297686197803,0.01125025738941613,0.014094323527130855,0.005714510709986759,0.008459686984111571,0.0485025364161224,0.20707644439510386,0.8070784692425725,2.207471775979588,-0.0033694614477454143,0
2025-06-11,535.62,536.78,530.11,532.41,53701030,-0.0033694614477454143,0.006883900372562701,0.002639411467400432,0.003778237802739781,0.010198563662754845,0.019114742048604194,0.01527877739154393,0.012542676067430092,0.02076788378462836,0.02147351166509244,67.47098078239163,85.99358974358972,0.026016072151240133,0.01252793899438395,0.013459095702291738,0.005580031937254459,0.008003513073624943,0.05051885385205218,0.3205777478310481,1.065353723733149,0.039533555637865,0.0023478146541200395,1
2025-06-12,531.09,534.6438,530.84,533.66,34104890,0.0023478146541200395,0.016901998894796044,-0.002479292274750522,0.002781013942650956,0.009939289337027368,0.020044994676712946,0.017216102512935372,0.012595651684839781,0.020357178369334705,0.02121000681745929,68.22715136728478,89.99999999999997,0.026407400996288022,0.007127759247460975,0.013212585862587731,0.005576621733654579,0.007940339393948235,0.05343803334320858,-0.3649118089541299,0.6853700444476115,2.3756549802149194,-0.012554810178765363,0
2025-06-13,527.68,531.87,525.73,526.96,55814440,-0.012554810178765363,-0.005585748792270362,-0.011205636547614639,-0.008705990353431448,-0.004219632534821827,0.006496886212333575,0.015336395073329845,-9.925099170504659e-05,0.019079538780891157,0.020999651855472787,60.1553159951178,60.482897384306035,0.015122035792028754,0.011651738272354611,0.013314157756620166,0.007307385668047894,0.008537044757146044,0.05328290075732734,0.6365524122787085,1.1152998190384658,-0.024248553140530676,0.013909974191589347,1
2025-06-16,530.5,535.37,530.45,534.29,37622050,0.013909974191589347,0.006764650461654309,0.006717777440412798,0.003727179479472431,0.0075221430847765,0.01925323947557933,0.015468406468935658,0.011660056415739195,0.01851046879563244,0.02027133749082267,65.0297840280164,89.97987927565386,0.02117696527207036,0.009208482284901382,0.012588722550353851,0.008094747610176405,0.009002825072851415,0.056099910820601416,-0.3259441463535243,0.7599537584649706,0.06480794382480858,-0.009751258679743025,0
2025-06-17,531.71,533.325,527.91,529.08,42180870,-0.009751258679743025,-0.009602965126074059,-0.004828838271350611,-0.004140942629122013,-0.0026372391744062806,0.008634050835857776,0.012828113948881947,0.0015185092970622094,0.017451040773453576,0.019866972209989186,59.46162013439771,69.01408450704248,0.0033756874644417234,0.010234747108187944,0.012859842961906903,0.008612552604867185,0.009333486574219011,0.05651215935263242,0.1211741518604117,0.861045907712133,-1.7896389310907976,-0.00017010660013616619,0
2025-06-18,530.1,532.55,527.4,528.99,43983520,-0.00017010660013616619,-0.0064236208936720995,0.0019278748015423286,-0.003026784973878427,-0.002848250992929291,0.007624950713065459,0.010684074081834583,0.0011405010117782055,0.016268519691422085,0.01914998576873275,59.367054211030506,68.65191146881298,0.00041605991262749775,0.00973553375300096,0.012320567766606427,0.008570999025997826,0.00928798258971982,0.056399600790647535,0.042736197712375246,0.8965023481314737,-1.6436591768205415,-0.004083252991549879,0
2025-06-20,532.26,533.56,524.88,526.83,61643520,-0.004083252991549879,-0.012798410973278718,0.006181591334429637,-0.004534890312340556,-0.007301608238098334,0.002194315325109608,0.006759860864999689,-0.002495092799304155,0.014889388207251657,0.01836067812251927,57.0231230457079,52.186448822681605,0.0038872691933917736,0.01647590304272716,0.012361591296731648,0.008296431421532134,0.008707793401396801,0.052143973609136814,0.40151402161536875,1.2689392886745732,-3.4405005877856647,0.009149061367044187,1
2025-06-23,526.81,532.17,523.65,531.65,50666150,0.009149061367044187,0.008900106269925434,-3.796291023683285e-05,0.002795340344947217,0.0014541947490760432,0.009668432217472267,0.0068539327976542275,0.005605246965601385,0.014186976096393807,0.01739276970292301,60.74742963160271,63.668555240793246,0.0032646437198067257,0.01602558073920809,0.012389246416143791,0.008219966559560208,0.008880507363406728,0.04854752763692109,-0.17807824731618183,1.048300012122472,-1.2604974728300267,0.015292015423681082,1
2025-06-24,536.89,540.7,536.27,539.78,45441980,0.015292015423681082,0.010275318647176679,0.009856108341954384,0.016025870279671617,0.015032362642115382,0.02214412046522707,0.006021746457963273,0.01769769663695442,0.0145776923914431,0.01662018261117093,66.08592360619711,94.90022172948964,0.017109478047861115,0.00820704731557313,0.012599630537308846,0.009491750577098819,0.008978195351411197,0.04271432287733702,-0.10310966986834402,0.9529532946148616,-1.0597863920716326,0.0025565971321650505,1
2025-06-25,542.06,543.31,539.38,541.16,44804170,0.0025565971321650505,0.02283208588493224,0.004223943087924731,0.014012089596426192,0.016299173116036014,0.022826286234862936,0.008692397979145117,0.01712305813464665,0.015050561443287333,0.01627235217313946,66.90861845733164,89.58837772397105,0.013009865034349755,0.007262177544533872,0.012575340802297687,0.009345780841794485,0.00756226184123403,0.04615437573404745,-0.014035700028915965,0.9419702663853171,0.7156111474947568,0.009350284573878431,1
2025-06-26,543.35,546.67,541.52,546.22,43811430,0.009350284573878431,0.032571504187224765,0.004046862295809195,0.01692706394006671,0.02314830424341885,0.029732386838684732,0.012592174358113883,0.02244403123369665,0.015876097266279227,0.016072507874794643,69.80131533116263,98.04517810599508,0.025938656298717166,0.009428435428948001,0.011820694958075478,0.009499039768513382,0.007582245259927225,0.050762778860155636,-0.022157312589430878,0.9238429676789717,2.4979012023716627,0.0034235289809967373,1
2025-06-27,547.26,549.99,544.545,548.09,57577150,0.0034235289809967373,0.04035457358161065,0.0019039947273991054,0.012394251727067873,0.02388358038875027,0.030522330741468817,0.017906145736678925,0.021865676495343322,0.016667236511508084,0.016147584033671034,70.81662679390647,92.78663629460905,0.027039688190983124,0.009934499808425715,0.011576409505216802,0.009501898815719485,0.007582882900177063,0.05515735986445774,0.31420385045637644,1.2155879274701022,5.0,0.0064770384425913985,1
2025-06-30,551.26,552.8,549.01,551.64,45548740,0.0064770384425913985,0.03759992476253182,0.005783721651553497,0.011481944632896868,0.02578597289190787,0.034034823977521445,0.02229686794143393,0.02399697396134992,0.017542635840222885,0.016343462028482195,72.6935557866925,96.02058319039462,0.046834674358585016,0.006870422739467703,0.011679304308192685,0.007870097316910669,0.007559399198120654,0.059536395229384274,-0.2089094371638749,0.9846252406183695,5.0,-0.008429410485098932,0
2025-07-01,549.73,550.71,544.66,546.99,56166740,-0.008429410485098932,0.013357293712253249,-0.0034624030164599473,0.00031088840934878625,0.014742794174119611,0.023038423556872134,0.02272047161624302,0.012970732039630173,0.017588437798178633,0.016703606707542517,66.64707431432944,80.06861063464854,0.023769862808587172,0.011060531271138537,0.011905258126944056,0.008105680576626187,0.007885249406972003,0.06059773691209882,0.23311292474830259,1.1993707817259351,2.734373723696063,0.006965392420336558,1
2025-07-02,546.16,551.0,546.12,550.8,36538280,0.006965392420336558,0.01781358563086699,-0.0015173951991810375,0.0037394213737453885,0.017710152157645265,0.027905353580406356,0.02407590226314582,0.016893426635200104,0.017739127682421828,0.016818277000476643,68.92761639208676,93.13893653516294,0.04105239283284168,0.008859840232389244,0.011590777051561345,0.006969646840887055,0.007855869952647082,0.06464124483020338,-0.34946767428552916,0.7865548416037221,2.656226357996671,0.009840232389252135,1
2025-07-03,553.18,557.2,553.18,556.22,26443520,0.009840232389252135,0.01830764160960774,0.004320987654320874,0.009935578522300537,0.022579779313083526,0.03536822472006351,0.025182444047544994,0.022667640207885587,0.01835471536301164,0.016994458188006354,71.8738884256279,97.07898658718327,0.05147545322217817,0.007227356082125949,0.011811230910687948,0.007014415597585336,0.008039225922215147,0.07149950683266307,-0.2762790147757366,0.5785343389958377,2.473090359516387,-0.007532990543310247,0
2025-07-07,553.52,554.34,549.58,552.03,45349320,-0.007532990543310247,0.007188600412340929,-0.004854194383517418,0.0008956804270257024,0.010196575034128852,0.024970222705384293,0.02405299847841036,0.012632674767051988,0.01830020444414526,0.01735880006254482,66.61527194178456,84.59016393442604,0.04783326689824019,0.0086227197797221,0.011733963733855038,0.0075760744122220945,0.008039628270509056,0.07188142597504005,0.7149502033012247,1.0097616694044385,0.1669743761622421,0.0005615636831333148,1
2025-07-08,553.38,554.01,551.1,552.34,36153260,0.0005615636831333148,0.0012689435138859562,0.0024455192652572677,0.0012036050145374233,0.006951344236473256,0.023415678081906144,0.022185370644012048,0.011147717543481317,0.017974500187607056,0.017474146007071496,66.80876089606883,85.51415797317435,0.038916580457067695,0.005268494043523858,0.011016118436366826,0.007503241581103052,0.007866786161755339,0.07350654655335707,-0.20278275396411682,0.8106979790763031,-0.05933183926409182,0.007078973096281249,1
2025-07-09,554.48,557.63,553.1,556.25,43045530,0.007078973096281249,0.016929011499296154,0.0038744251729008194,0.004917547079822393,0.011043778877227961,0.028226551813375744,0.023194942511737926,0.01544585875202431,0.017960093618389846,0.01747307192715967,69.23102302003983,95.93878752207182,0.03051243099040346,0.008143820224719052,0.010798715890850711,0.006493208728213037,0.007942642252219002,0.0764100709989247,0.19064034612646275,0.9552285380826089,2.58175535838523,-0.001438202247190934,0
2025-07-10,556.89,557.3,552.75,555.45,34710910,-0.001438202247190934,0.008442265795207238,0.0011505617977527471,0.0017891346143441567,0.006974218776910401,0.024736090561248147,0.02290597407580952,0.011808428646405078,0.017753927843964103,0.01754937591461342,68.1353820075856,93.58446144791068,0.02640623845073553,0.008191556395715104,0.010737111479752566,0.0066465838512633196,0.007920981804090073,0.07886536812638939,-0.19362335647859374,0.7753963861578285,0.6887918711289571,-0.0022504275812403884,0
2025-07-11,553.3,555.79,552.05,554.2,39618640,-0.0022504275812403884,-0.003631656538779615,-0.003870735439733708,0.0002635122208305418,0.003256692149362417,0.020379042644369072,0.020110231131871492,0.008053244595487952,0.017229062937826153,0.017516979461288832,66.36799785274472,89.9058269570337,0.014609498004467092,0.006748466257668727,0.010124632675155945,0.0063489636932865315,0.00788506816069539,0.07927277765111904,0.14138868730321397,0.8991718359001368,-1.0177131006066744,0.0036268495128113365,1
2025-07-14,553.99,556.945,551.63,556.21,36453310,0.0036268495128113365,0.00757205224353763,-0.0003789245759654447,0.0023788498621346577,0.005417443190959048,0.021958295590885912,0.01953297970267842,0.009890054683495908,0.016818451194203027,0.017326632318193758,67.81376759865563,93.35205992509383,0.01481508511375873,0.00955574333435223,0.009676458275009184,0.0063562377512709845,0.007892903739254581,0.08010689911788425,-0.07989496863092727,0.8251335913152582,1.087540559838279,0.0009169198683949276,1
2025-07-15,560.25,560.8,556.66,556.72,43277660,0.0009169198683949276,0.00792989825107715,0.0072634436633645105,0.001716549770946818,0.005416084995873316,0.02010638629254946,0.01835832354552558,0.009136832583670262,0.016411960031513576,0.017130999797224614,68.18745089261878,80.95238095238126,0.00920890435791466,0.007436413277769769,0.00909536468704451,0.006109929172774486,0.007112606082620886,0.07648452828686185,0.18720796547693475,0.993704571018387,1.2289564424836275,0.0010238540020117703,1
2025-07-16,557.28,560.21,551.56,557.29,52314710,0.0010238540020117703,0.0018696629213481586,0.0010058916510991,0.0023670171626730685,0.004576828162544899,0.019003578370333063,0.016597275172473003,0.00859197642613796,0.015983834063125528,0.016887549287976738,68.62587509833963,81.79460580912865,0.018830325965739636,0.01552154174666707,0.009691030317634063,0.005157318283044463,0.006617206822746678,0.0758709833015949,0.20881558753407647,1.181279731921739,1.3983298770884471,0.00809273448294423,1
2025-07-17,558.02,562.31,557.21,561.8,40423780,0.00809273448294423,0.011432172112701311,0.001309910459545316,0.008175951647751978,0.010702508406029487,0.02418632971945156,0.015880539548213113,0.014140220080175014,0.015995534061709237,0.016600690782005868,71.92298454998947,97.12918660287086,0.019970951343500465,0.009077963688145086,0.009561104612724398,0.005291428258806343,0.006114773737764538,0.07283856637202771,-0.22729610849415016,0.9145937963306362,3.1319725151953364,-0.0009611961552152826,0
2025-07-18,563.12,564.7262,559.98,561.26,50484700,-0.0009611961552152826,0.012739083363406678,0.002349590601637752,0.004661186848436305,0.008816313325125336,0.020200982829118974,0.015467698149492781,0.011117463382491755,0.015861516161917485,0.016465633355792823,70.9614036201875,82.72617635626096,0.009061162849232307,0.008456330399458239,0.009481370996889628,0.004563762841358913,0.006139023401877833,0.06721258068446485,0.24888617541457037,1.1338843884742218,2.7356466459293696,0.005184762855004799,1
2025-07-21,562.09,566.06,562.06,564.17,39595210,0.005184762855004799,0.014311141475341849,0.0014788155222178467,0.007000471219888338,0.011838893482241764,0.022022106343413617,0.014917207640755104,0.013808211009719518,0.015894889040798665,0.016283540443212688,73.05226089218185,91.16822429906547,0.021991558429795388,0.007090061506283568,0.009443860639776746,0.0036243126833569684,0.005923574594270085,0.05775304709414991,-0.2156988156807904,0.91188534040566,2.7671127926775902,-0.005175744899586943,0
2025-07-22,564.3,564.35,558.61,561.25,43270650,-0.005175744899586943,0.008136944963356818,0.00023042699895414742,0.0001710760326043559,0.004995881531354218,0.014013714704870006,0.013840270933624055,0.007234393415135765,0.01547119185226442,0.016188845068854384,67.77855823639237,75.87763289869629,0.01613136836006812,0.010227171492204916,0.009335182946229696,0.004300618470681721,0.006062162267883251,0.04787320000421406,0.09282536953333498,1.0050907768348847,0.8531671480772731,0.004561247216035458,1
2025-07-23,562.34,563.85,559.58,563.81,40215260,0.004561247216035458,0.011699474241418262,0.0019420935412026719,0.002403735034438359,0.008215072530113554,0.016432453871046304,0.013995078376404901,0.009990667030065348,0.01519269777520144,0.015930810773918315,69.8346041299225,86.3470873786407,0.013591011235954964,0.007573473333215059,0.00921551586527374,0.00400864937555824,0.005321461805311653,0.0444914985591274,-0.07061114173232896,0.9398252029903565,0.6186959553174547,0.002128376580763147,1
2025-07-24,565.13,566.24,563.295,565.01,42275540,0.002128376580763147,0.005713777144891408,0.002341214238839484,0.0033919374889006537,0.008636633034139418,0.016410694609970466,0.01297474758831596,0.010253417181760982,0.014994277037740167,0.015716436225505784,70.7759604574378,92.61704681872737,0.01721127014132673,0.005212297127484558,0.008759162290427195,0.003889095073402906,0.005320785844144143,0.0410392320188234,0.051231298765692435,0.9909014725557082,0.6562843191870177,0.0024070370435922417,1
2025-07-25,564.93,567.695,564.27,566.37,30630810,0.0024070370435922417,0.00910451484160646,-0.0001415904143290403,0.003984953609325714,0.008872635552175101,0.017013979295917636,0.012977311701487748,0.0107126690067334,0.014849495803414995,0.015512856777467818,71.84820407154612,92.01566736968941,0.021959581378563575,0.006047283577873242,0.008332664916170381,0.003631851233670248,0.005047272038114739,0.040836230885903005,-0.27544840349762534,0.7292236394767955,2.7921726322606237,0.0031251655278350388,1
2025-07-28,567.74,569.04,566.87,568.14,31498740,0.0031251655278350388,0.0070368860449865345,0.0024189134311491944,0.005707043171020221,0.00987944868481394,0.018359107183667067,0.012580267880748508,0.01171227063307212,0.01479810176069763,0.015331242407343454,73.22509699888339,94.85125858123584,0.0214487333920641,0.0038194811138099046,0.008276531438428136,0.0036130684375958173,0.005042737592131662,0.0417083855092338,0.02833519583713251,0.7739102597468345,2.6970344508252126,-0.0015489140000704005,0
2025-07-29,570.76,572.11,566.53,567.26,45463320,-0.0015489140000704005,0.01070824053452113,0.00461153940930048,0.002017247287667834,0.006429681567536427,0.015360354837352652,0.013316245389790371,0.008571035282028738,0.014524378950171413,0.01518889660773073,71.35647465187046,76.39902676399024,0.01893231786176175,0.009836759158058105,0.00832588734820515,0.003785127909947235,0.004970634035889839,0.04280968375726251,0.44333773350934047,1.1171311081842688,2.608246936730546,0.0013397736487676948,1
2025-07-30,568.18,570.62,565.05,568.02,43433780,0.0013397736487676948,0.007467054504177062,0.0016218312590345896,0.0018696204317762977,0.005863196796934256,0.014810712307719909,0.012916942097082718,0.008382989001977315,0.014214250523951293,0.014977709426224482,72.02054850745806,80.09732360097314,0.019253889357426113,0.009805992746734358,0.008443012569979933,0.0037784661714398426,0.004400234235316005,0.0404188833493776,-0.04464126245069655,1.0842223272123621,2.6480701020510944,-0.00529910918629628,0
2025-07-31,574.54,574.63,563.87,565.01,64613590,-0.00529910918629628,0.0,0.011478469067990549,-0.0034393960773245746,-3.539635063620761e-05,0.008153407899679,0.011632813831263134,0.0025706465474317763,0.01347318713460493,0.014740638040409641,65.53969891164468,58.300823580407524,0.005713777144891408,0.01904391072724375,0.009375459852796537,0.0037184937792588218,0.004509990560107748,0.03825467933817563,0.48763450936114694,1.5583203412187052,-0.10465532778112285,-0.0196987663935152,0
2025-08-01,558.83,559.02,551.68,553.88,69400790,-0.0196987663935152,-0.02205272171901762,-0.010937859506911285,-0.01874705471758953,-0.01845144003459187,-0.011499606923500605,0.0073859118884000985,-0.014574390954872563,0.011331518669121918,0.01429578000913579,48.250036417253824,10.05635023840505,-0.013148986209599811,0.0132519679352929,0.010597473408371076,0.007438962978165425,0.0061125526871567476,0.039127513339010975,0.07408967680019019,1.591342397942945,-2.05465763128541,0.01845165017693362,1
2025-08-04,559.05,564.315,558.95,564.1,47669750,0.01845165017693362,-0.007110923363959576,0.009334151801834167,0.0007912655636259647,-0.00032784851626399547,0.005656707557311513,0.004861595180834843,0.003051514804096378,0.010588866657969908,0.013347195960858482,58.95690733245855,54.356306892067835,-0.00012407607635989137,0.009510725048750238,0.011145592220224394,0.009594296983682709,0.0071446895777570385,0.03690874351858632,-0.3131238131439138,1.0901550116166037,-1.6330432454608916,-0.006789576316256096,0
2025-08-05,565.39,566.5607,559.73,560.27,48666640,-0.006789576316256096,-0.01232239184853512,0.002286828576493427,-0.003532198856037061,-0.006942733526295375,-0.0018768143503701262,0.001661252379421052,-0.003182346425619431,0.009570552664095549,0.012664860337763541,54.413402800312085,37.4291938997822,-0.001746102449888709,0.012191800381958662,0.010989841632478221,0.009704513330491089,0.0073600334615490735,0.03400015704214485,0.020912423497081445,1.0972528996013498,-1.6724371408101735,0.012583218805219065,1
2025-08-06,561.11,567.76,560.63,567.32,41823680,0.012583218805219065,-0.001232350973557117,0.0014992771342388078,0.009257875598631005,0.00492792336388348,0.009687173527302306,0.00042535999871873287,0.007909310385280977,0.009491308312045314,0.011904242486548918,60.45465138642964,68.14814814814845,0.006225501498732022,0.01256786293449904,0.011154186098044958,0.010439339201448216,0.007704440656369235,0.034126892348390246,-0.1406088441692297,0.9442700848042257,-1.7119092185177558,0.0033843333568355227,1
2025-08-07,571.67,573.32,565.11,569.24,44462970,0.0033843333568355227,0.007486593157643329,0.007667630261580571,0.011151729601642568,0.0075739741327276455,0.011862597577352751,0.0007030279975788201,0.009562156249926623,0.009651550664757487,0.011421582492545249,61.93417392331292,76.51416122004368,0.007486593157643329,0.014422739090717512,0.01155120360982566,0.010466356230193105,0.007699118951549447,0.03421748814698192,0.06310515956510754,0.9929274500230032,0.3152275322535968,0.0093282271098305,1
2025-08-08,570.45,574.77,570.15,574.55,35255470,0.0093282271098305,0.037318552755109424,0.002125641205818374,0.01314415901364141,0.015502519535012693,0.019457614126731526,0.006231546672722965,0.016012889131618246,0.010339868649666434,0.011120792970112849,65.75060209793986,99.04720658293621,0.014442855377226893,0.008041075624401714,0.011535201462013782,0.010808031309320754,0.007855388352315652,0.03615055702859324,-0.20708243286492112,0.7911640263242379,2.7663405170156525,-0.002958837350970245,0
2025-08-11,574.69,576.8,571.57,572.85,33112920,-0.002958837350970245,0.015511434142882363,0.0002436689583154017,0.00703881191042921,0.01165562913907281,0.014942879011225818,0.007848820727973882,0.010983667137771436,0.010626611535248163,0.011048358495899541,63.55374374110889,84.27547770700664,0.008290210159467737,0.00912978964824981,0.01150584171872469,0.010876629101608087,0.007914092591536883,0.036737427986604065,-0.06077212982836422,0.7458789065946989,0.9778239093833968,0.01256873527101332,1
2025-08-12,575.16,580.35,572.485,580.05,42271440,0.01256873527101332,0.035304406803862376,0.004032469232783331,0.012653587103396813,0.02206230871021564,0.025579822572303623,0.012764716022861444,0.01997297290664868,0.011563422430634823,0.01104165911159174,68.37346761814996,98.95361004534332,0.02254698022071011,0.013559175933109232,0.01180571871882968,0.011428659108226828,0.008288553212916546,0.041951912335687847,0.27658448726358165,0.9532577409384263,3.3185135894370323,0.0004999569002672732,1
2025-08-13,582.76,583.3199,578.94,580.34,41209290,0.0004999569002672732,0.022950010576041624,0.004672011033531653,0.008574815000191416,0.020358287575976686,0.02400592869683371,0.015299919715563659,0.01727725328630747,0.012302690492627616,0.011289451311716119,68.55384701956717,90.58182864041945,0.021689377134608057,0.007547127545921195,0.011976427611400216,0.011439505898277356,0.0082929178444832,0.04553970550922783,-0.025126894186713322,0.9410895106299331,3.313251109496109,-0.0007754075197299315,0
2025-08-14,578.28,581.88,577.91,579.89,45425040,-0.0007754075197299315,0.018709156067739485,-0.00354964331254104,0.004075936391843893,0.01690664955133636,0.02158147909016206,0.017434480863294466,0.013916462740828806,0.012694202001671807,0.011577410024561485,67.90663470548635,89.15957382924734,0.02633581706518462,0.006846125989411833,0.012052852388260827,0.011196564454478806,0.008189888365705559,0.04912355439032958,0.10230096174915904,1.0314734927043439,1.0188420014055566,-0.004397385711083057,0
2025-08-15,579.8,579.84,575.5743,577.34,49480160,-0.004397385711083057,0.004855974240710159,-0.0001552018486264961,-0.001304286154154899,0.008286834499078743,0.015650631944951643,0.016977061044765263,0.0079911947070741,0.012553211381399733,0.011813478454813163,64.2073960705453,81.10012989927299,0.04235574492669891,0.007388540548030688,0.012309693718482303,0.008529467361449267,0.008282358101455016,0.0501176618261932,0.08927058732364346,1.1248366272719372,-1.0528991055979737,-0.0003983787716077547,0
2025-08-18,576.44,577.765,575.2412,577.11,29830960,-0.0003983787716077547,0.007436501702016152,-0.0015588734541170934,-0.0031712802230260406,0.0056003178276204935,0.014091783292815352,0.01731798369503612,0.006414506849714341,0.01222885651223277,0.011900320558015624,63.86943587008888,80.3731996624517,0.023063286651302972,0.0043731697596644265,0.011936335484445887,0.006967171788302019,0.00824370818708726,0.05130410523930028,-0.3971127013332212,0.6857606825110677,-0.9906840410496959,-0.01356760409627289,0
2025-08-19,576.39,576.56,568.25,569.28,53752640,-0.01356760409627289,-0.018567364882337678,-0.001247595778967714,-0.013023758998044421,-0.009598171180434267,-0.00037226159454384344,0.01281844169891766,-0.00613309252538341,0.010896982414413982,0.01183059659142186,53.53798863197836,55.6259659480593,0.016081532118442876,0.01459738617200665,0.012513312555207566,0.008175168962179964,0.008779668671387736,0.049603490894255496,0.80190781657714,1.2209671813439835,-3.1242763648969367,-0.005937324339516548,0
2025-08-20,568.33,568.45,558.84,565.9,76781090,-0.005937324339516548,-0.02488196574421897,-0.0016687745924675035,-0.01394658340070798,-0.01523522809337774,-0.006489681730839303,0.007562370906422089,-0.010201504586668131,0.009178392237128493,0.011356685024650844,49.79359750092736,44.943252033034305,-0.0025029965451598413,0.016981798904400096,0.012547661121349031,0.007486046798888203,0.008853169804902635,0.04907879120808802,0.42841523690743366,1.6745077866450893,-5.0,-0.004629793249690817,0
2025-08-21,564.35,566.49,560.98,563.28,46436900,-0.004629793249690817,-0.028643363396506305,-0.002738999823290289,-0.012797459436154734,-0.018776815623481213,-0.010939228459552974,0.0018823198890274284,-0.012538112720666628,0.007340987610454408,0.010595804474867352,47.04684854274888,18.137328992356807,-0.010470100484857081,0.009781991194432594,0.011614383610282603,0.00748564891559399,0.008905406914260403,0.04957866341514185,-0.395203949305747,1.0081609389323059,-5.0,0.015427496094304827,1
2025-08-22,564.67,573.99,563.27,571.97,51502130,0.015427496094304827,-0.009301278276232394,0.0024676892486863444,0.00432302970283116,-0.003191001758449441,0.0038259709717614054,-0.0004949191807508413,0.002280244132205844,0.006908423453137147,0.009729541738519148,55.76315980425997,53.635840015686476,-0.004490470803237168,0.018742241725964694,0.011473516343264724,0.008590119601153044,0.00955198517691009,0.049413402761397475,0.10907769467815465,1.0933575121646915,-3.006140600685116,-0.002884766683567297,0
2025-08-25,570.4,573.2871,569.16,570.32,34044750,-0.002884766683567297,-0.011765521304430648,-0.002744899208000473,0.0038194138871778804,-0.005628125283324015,0.000738727388537308,-0.0030689648516667445,-0.0005171336770485313,0.006366416154207384,0.009079435549793359,53.947392352338206,46.89561640366199,-0.004416513921619902,0.0072364637396550024,0.011168103621024763,0.00858771576090479,0.009560754103186755,0.049333596588022735,-0.3389642331297754,0.7208004519745256,-3.0381449603114095,0.004015289661944088,1
2025-08-26,569.83,572.92,568.8,572.61,34103010,0.004015289661944088,0.0058494940978077725,-0.000859166783560128,0.00666999521813727,-0.00033868478572074423,0.004285590261791983,-0.0023686063632289978,0.0029566309033564053,0.006149172896072573,0.008464334406682632,56.08469008711039,56.250229780350494,-0.012826480475820912,0.0071951240809626175,0.01070305892567115,0.007509761725747356,0.009587036092317688,0.04928297125065877,0.00171127706915164,0.7308228960962286,-1.4752383065228716,0.0015368226192347123,1
2025-08-27,571.59,574.405,570.37,573.49,36927140,0.0015368226192347123,0.01341226365082182,-0.001781317126840265,0.005533599610052953,0.0023963546045491224,0.005346749877287671,-0.00018582147114509784,0.003803365821503535,0.006042149742737891,0.007969506897907522,56.91224447209778,59.84501570676359,-0.011803425578109428,0.007035868105808241,0.01016663635933367,0.007543915037708204,0.009588031580624415,0.04938899220419362,0.0828117518072451,0.7968994606171911,1.0356587353389985,0.006259917348166555,1
2025-08-28,574.11,578.0,572.46,577.08,46787860,0.006259917348166555,0.02449936088623783,0.001081099931995233,0.006955228985122908,0.009166931893298536,0.010570998531635567,0.003590794746810122,0.008522006665360626,0.006356411931526344,0.007607225424887074,60.2067235309087,74.51010829292629,-0.004845746607115009,0.009600055451583772,0.010104627731733125,0.007903368622302323,0.009566973790231801,0.049528012131685756,0.26703178204431754,1.0294985735269706,3.3259278432968444,-0.01157551812573654,0
2025-08-29,574.655,575.03,568.54,570.4,56030410,-0.01157551812573654,-0.002744899208000473,-0.00420219033756164,-0.0041551730158175815,-0.0013026487190621605,-0.002569642199837574,0.001592146459987731,-0.0026685047869966505,0.0057022436068314185,0.007297500121357635,52.20774530854717,47.222415124244705,-0.012020646412859048,0.011377980364656398,0.010637459927870154,0.008596531247913482,0.008777300315386486,0.040661066240216585,0.19754162725117164,1.2512733589649323,0.6672381300453497,-0.008380084151472622,0
2025-09-02,561.31,565.965,559.535,565.62,65876770,-0.008380084151472622,-0.008240987515780729,-0.01593618513323991,-0.010877168438724216,-0.0076755059254906,-0.011059620191084751,-0.00018445813456002824,-0.00934573765575708,0.004435083072383627,0.00677435308662749,47.359012258109594,27.696191569409972,-0.019909549306024843,0.01136805629221043,0.011106207095121902,0.008882168900173472,0.008073406676693942,0.039971619690116304,0.1757324281582091,1.4418498641365236,-0.0852887007827588,0.00786747286163858,1
2025-09-03,569.23,571.695,566.725,570.07,54230210,0.00786747286163858,-0.004435828923700202,0.006382376860790018,-0.0022088732995875215,-7.016632928236177e-06,-0.004132343294572016,-0.0019277281021181647,-0.0013133684304662552,0.003950520283465154,0.0061672817266047834,51.8430485673082,48.7413194444446,0.001387717818999601,0.008718227586085966,0.011231903851406724,0.008343420467130075,0.008074080857830483,0.03523316347660522,-0.17679312449593387,1.1797577500951657,0.30859885491143646,0.009051519988773293,1
2025-09-04,570.74,575.6,569.025,575.23,47526280,0.009051519988773293,0.0030340546478577757,0.001175294262108162,0.006209767702211044,0.007395706182235839,0.004187971670527535,-0.002009318629752843,0.006529845902587539,0.004236691315879991,0.005736905627723173,56.47301700741146,78.04761904761898,0.016487011839547705,0.011430210524485937,0.01145462311969623,0.008469755931944972,0.007840310838474801,0.034416828294767214,-0.12361984215071264,1.027542544196436,0.4924573730457358,0.001442901100429328,1
2025-09-05,580.49,581.12,571.53,576.06,68342530,0.001442901100429328,-0.0017675192347682556,0.00914416841958876,0.00802133422925877,0.006596363699904462,0.005038627148569619,-0.002958972175891361,0.006745858846438191,0.004548921968675158,0.005492696207414442,57.18606258150051,77.2890484739674,0.022688538559863636,0.016647571433531287,0.012092105981023815,0.00818074601884608,0.007817595517466563,0.03421723998543524,0.4379945158762688,1.4404170183797067,0.8251852186700145,0.004877964100961751,1
2025-09-08,578.37,580.84,577.77,578.87,46371350,0.004877964100961751,0.014849228611500731,0.004009998958441896,0.009944693546417138,0.010288406998559818,0.009560716303794292,-0.00038019630686370043,0.009845729311894535,0.005110685743030034,0.0053949636239709955,59.59909274940075,89.9012567324955,0.012063569767645221,0.005303436004629796,0.012311806993428112,0.006871865110463954,0.007617602483906347,0.03529651155089969,-0.3214861960773182,0.966026642476636,2.666816458633156,0.002833105878694564,1
2025-09-09,579.67,580.94,577.04,580.51,44007590,0.002833105878694564,0.026325094586471476,0.0013820028676558849,0.007570971347639954,0.011352035038693975,0.011745103882907948,0.0041427677592627,0.010730870192547481,0.005719671463968712,0.00544771213366896,60.98129822360483,97.26211849192094,0.017867162294851857,0.006718230521438203,0.011666724087440393,0.006728655080559073,0.007593159936405413,0.03695513500404691,-0.05097457805304351,0.9064968184617023,5.0,0.0003272984100188836,1
2025-09-10,583.74,583.77,578.55,580.7,49307960,0.0003272984100188836,0.01864683284508928,0.005564072970319245,0.004195243085457712,0.010259167053755736,0.012018922854252434,0.007790994652350669,0.00934398219197674,0.006167018394169827,0.005590147430466365,61.147141893345065,87.33237053847768,0.0141282897609194,0.008989151024625499,0.01102082462053192,0.006694295462151159,0.007060053625299655,0.03724823692794517,0.12044217826970294,1.008369475481083,5.0,0.005820561391424173,1
2025-09-11,583.24,584.88,581.62,584.08,44745770,0.005820561391424173,0.015385150287711147,0.004374031341484397,0.006958092834336682,0.014270780152189078,0.017577817054463596,0.010546341794855696,0.012847476089233423,0.006873004231085789,0.005820839187364697,64.07263595519495,96.84355888735469,0.018465884322307335,0.005581427201753169,0.010794399495176831,0.006837828663450502,0.00717601448590004,0.03931235316712844,-0.09252441187994798,0.9117735922451369,5.0,0.004417203122859759,1
2025-09-12,585.04,587.86,584.1,586.66,50745890,0.004417203122859759,0.018400861021421466,0.0016436104643198224,0.0077229096955497845,0.017059047883221767,0.021470272265548207,0.013642006585075972,0.014617640270749188,0.007694145595443476,0.00617502146566896,66.16678326747626,95.76345984112959,0.016600817910861432,0.006409163740497036,0.009901950996196424,0.006729833855362377,0.007227070981292025,0.043112969156343106,0.1340935690680929,1.0284611940803667,5.0,0.008556915419493327,1
2025-09-15,588.44,591.79,588.295,591.68,44360320,0.008556915419493327,0.022129320918340856,0.0030341253877885777,0.011892749766557298,0.02199161237278635,0.028926381541650503,0.016833435933820917,0.01964466051360314,0.00888010532093836,0.006674125570744395,69.84932447764301,99.65896760192214,0.037307152875175165,0.005906909140075725,0.009939011434752409,0.005154729287239263,0.007334813413741027,0.050709935405271155,-0.12583423012188766,0.9037342903449156,5.0,-0.000845051379123829,0
2025-09-16,592.61,592.86,590.49,591.18,36942130,-0.000845051379123829,0.01838038965737021,0.0015717955651703974,0.007361210510172578,0.01663961038961026,0.02680071802059736,0.019297454882722498,0.01584752031102976,0.009700008719837842,0.007283817999859912,69.0432475211867,94.95873968492104,0.04518934974010813,0.004008931289962456,0.009735975989908836,0.00347165511742508,0.007340784071841224,0.056484745887163325,-0.16722579999422904,0.7471941912176715,3.366130394118019,-0.001996007984031878,0
2025-09-17,591.1,591.75,584.365,590.0,69384820,-0.001996007984031878,0.01601515412433252,-0.0001353225751884457,0.002174208452235371,0.011144873067042482,0.022910596746970935,0.02069140087606236,0.011668935343388531,0.010086865234562746,0.007856081555600254,67.07591580723216,91.41785446361588,0.03496061887136648,0.012516949152542357,0.010161016949152578,0.0037759245573313095,0.00652356649409815,0.05943766460233707,0.8782030164476169,1.381541755816595,0.6809077852438469,0.009016949152542475,1
2025-09-18,594.91,598.14,592.96,595.32,61069290,0.009016949152542475,0.019243939186412762,0.008322033898304992,0.007364188923934867,0.016761570334036024,0.02950853124867603,0.021982459341140403,0.017536379100077104,0.010880995871102129,0.008404900535241927,71.0772941027549,92.6952467296984,0.03492516037063442,0.008701202714506398,0.010382171413213579,0.0037702363552320787,0.006445480242761657,0.06302873694744274,-0.11984653127297873,1.2352913387179,0.949487328594457,0.006769468521131472,1
2025-09-19,597.33,600.05,595.85,599.35,58196110,0.006769468521131472,0.02163092762417773,0.003376335416246601,0.009846572738944293,0.019588830198950413,0.033255180498569015,0.02318036065234641,0.02058956717245719,0.011909196173568561,0.009060548351777498,73.68619541312468,98.27224484758749,0.0404298163385759,0.007007591557520533,0.009858298871396411,0.003831690069897084,0.006278357177325158,0.06585861772690345,-0.04704786972306374,1.1633378321401593,1.0612743707998888,0.004755151414031822,1
2025-09-22,597.74,602.87,597.72,602.2,57154770,0.004755151414031822,0.017779881016765975,-0.0026862434303829286,0.011064287033461628,0.020387415108918505,0.035470273216620773,0.024138906394140625,0.021444436196484284,0.012954100146173944,0.009804954409358128,75.37769513599046,98.14635495919225,0.04030265862801663,0.008551976087678473,0.009133771409593407,0.0038286800834160892,0.005594126406331818,0.07251594912383086,-0.01789363584610726,1.136102733121745,1.2395036950332154,-0.006642311524410527,0
2025-09-23,602.37,602.57,596.98,598.2,64635490,-0.006642311524410527,0.011874555972800405,0.0002822982397874263,0.001986553079157405,0.01058051785916403,0.02613276428879585,0.024098338580927914,0.012376435019714416,0.01322727901353322,0.010541869771700914,68.70254657558424,86.20180233417061,0.030473204595958814,0.00934470076897364,0.009136934613363911,0.005101146293886542,0.005845252330417605,0.07421996482772676,0.13088531368422962,1.2468918848662696,0.6828983771703999,-0.0035105315947844273,0
2025-09-24,599.58,599.9,593.36,596.1,49850300,-0.0035105315947844273,0.010338983050847572,0.0023069207622867793,-0.0035671660253345783,0.004419716349580494,0.020474543773753018,0.02412777758756479,0.007455035976861257,0.01298825801498869,0.011060857773011476,65.42674646606335,78.3982131461392,0.026519717582228264,0.01097131353799692,0.009164929182543679,0.005457963935968644,0.005976921861663416,0.07469597848870195,-0.22874724087339637,0.9472804184662551,1.0645086130239476,-0.004311357154839879,0
2025-09-25,592.2,595.115,588.5,593.53,70920210,-0.004311357154839879,-0.003006786266209871,-0.006542526421741246,-0.007269065826358667,-0.00150061740648888,0.014334981936008573,0.021762238909529552,0.002631579690367314,0.012325682315036668,0.011352137717861702,61.55835785658228,63.84049554781255,0.01617929050814948,0.011145182214883847,0.008965126326506544,0.005734179424874024,0.006143024820125435,0.07381671440955787,0.42266365498301917,1.3054969154413265,-1.1646470065788685,0.004110996916752319,1
2025-09-26,594.35,596.3,591.06,595.97,54337420,0.004110996916752319,-0.0056394427296238,0.0013815645375971908,-0.0020596115204286614,0.0010363599410772029,0.016863551711223668,0.018962218034368705,0.0057084801547160335,0.01190106195163523,0.011424740537290761,63.74978361078045,73.28687572590025,0.01586949851702868,0.008792388878634845,0.00898355382222019,0.005718384638045679,0.0060781990030112235,0.0742678459101047,-0.233823193698947,0.9933391382631582,-1.2447669350897694,0.0046311055925634115,1
2025-09-29,599.11,602.05,597.41,598.73,48332930,0.0046311055925634115,-0.0057622052474261,0.005268721579945179,0.003728378256044218,0.004482785232309494,0.01910968965264881,0.015324177068032352,0.008757283779989189,0.011787139819534097,0.011455088168685837,66.10364947579862,82.97697368421062,0.01191522444564641,0.007749736943196409,0.009202216119357374,0.005306932940211811,0.0052488364335144195,0.07197857178221691,-0.11050377437868786,0.8898321474748184,-1.4360021223540218,0.0027391311609572533,1
2025-09-30,598.43,600.71,596.1,600.37,46533810,0.0027391311609572533,0.003627549314610512,-0.0005010605782239663,0.005745971119375692,0.005683636052980168,0.01888787345744225,0.013066820763338427,0.00973078615737788,0.011792744793650611,0.0114975864712471,67.45591693299224,88.23529411764706,0.015545180824791283,0.00767859819777806,0.009104504603113765,0.0052745654199267905,0.004590013692780171,0.06514657975510024,-0.03722348303734124,0.8722403038409227,0.526598476812658,0.004797041824208481,1
2025-10-01,597.17,603.79,596.34,603.25,46899610,0.004797041824208481,0.011994631773192488,-0.00533004647134272,0.008155489078663702,0.008270070967504761,0.020901185396162925,0.012642589814342298,0.012304685171372398,0.012013015575112952,0.01155675942135346,69.73902219367332,97.25749111223989,0.022457627118644075,0.012349772067965075,0.009448226866378513,0.005203192152967044,0.004468221755462319,0.06061783051493532,0.007860950994556415,0.8851784023959732,2.344050897601032,0.004111065064235531,1
2025-10-02,607.06,607.16,602.93,605.73,43765410,0.004111065064235531,0.020554984583761593,0.0063157894736840525,0.008188944924352182,0.010656669052612422,0.022459401999748607,0.014154546275516822,0.01389784602867672,0.012369896551946596,0.011681533991097193,71.58747194449303,93.72669445053761,0.017486393872203188,0.006983309395275152,0.009462608281388899,0.004699674116827137,0.004237477559717665,0.05901379018263856,-0.06682784782218876,0.8289659290997282,5.0,-0.004209796443960245,0
2025-10-03,606.51,607.3255,601.385,603.18,46482100,-0.004209796443960245,0.01209792439216728,0.0012877024416819705,0.0015408832183203547,0.005759296745513787,0.01582992368392011,0.014267056597513816,0.00813602115219636,0.012262871189757489,0.011837309254931244,67.05212592316002,81.94507959321409,0.006390256110786474,0.009848635564839755,0.009598591749442222,0.004677865082482675,0.004498826061594718,0.05491433967865381,0.06207390722490658,0.8990358701426888,2.9965808939172858,0.007510195961404786,1
2025-10-06,608.45,609.36,605.97,607.71,41962120,0.007510195961404786,0.01499841330816909,0.008737027089757765,0.006062432124599448,0.012382616691960502,0.020979549664201125,0.014827228473385912,0.013258769463020181,0.012503500020712264,0.011899957145067468,70.61383921048264,93.39867973594728,0.009149784124875548,0.005578318605913982,0.009974858778975861,0.00501563163627966,0.004614836353322922,0.05324374348040575,-0.09724130364161687,0.8150880402605178,2.940016322239927,-0.005265669480508883,0
2025-10-07,609.02,609.71,603.03,604.51,58209460,-0.005265669480508883,0.006895747622299497,0.0021556334435832714,-0.0006050826946348842,0.005994262016814522,0.013560018275635244,0.014173677217073521,0.00669615457447903,0.012265688074336093,0.012023497683853938,65.24802776435078,75.4832626119753,0.010548311601471072,0.011050272121222253,0.009944358713196278,0.004799148669442753,0.004923876238274073,0.049468121247871207,0.38719063765129125,1.1152990404852134,0.5885667669677948,0.011463830209591297,1
2025-10-08,605.41,611.75,605.26,611.44,50629750,0.011463830209591297,0.013576460837132265,0.0014888091181286534,0.008121824063418215,0.014935877644653095,0.022544168961275757,0.014306152841454978,0.015387921591313747,0.012657126129907837,0.012041204873850917,70.47963616729443,98.6666666666669,0.025733937258849204,0.01061428758340967,0.009726512121268759,0.005499562508242598,0.005332819663371607,0.047667753825905435,-0.13021440157665098,0.9688442139512131,0.6568320345370673,-0.0012102577521915237,0
2025-10-09,611.48,611.61,607.48,610.7,45550960,-0.0012102577521915237,0.008204975814306792,6.541933795634058e-05,0.005254251795861142,0.010826620144697152,0.019038346177688403,0.013712047829892215,0.011954685508670515,0.012847488912317342,0.012214134177508374,69.28027890845296,95.48387096774213,0.02892861354944154,0.006762731291960038,0.009668120891716774,0.005145211913906334,0.005340795064056188,0.04591257050388262,-0.10031236575333669,0.8709861506560127,-1.187036358400472,-0.03471426232192576,0
2025-10-10,611.4,613.18,589.05,589.5,97614780,-0.03471426232192576,-0.02267979707549972,0.0011462256427050566,-0.02525249184816747,-0.02321743395326037,-0.01656983897269515,0.008907591763876344,-0.019679419097351603,0.010431085832768475,0.012208926910003215,45.42917123160372,4.051863857374401,-0.010856251153581575,0.04093299406276505,0.012315582212528788,0.012902979299972682,0.009804982869209635,0.04423561206593545,1.1429796430195984,1.786455717947224,-1.8502638747938671,0.0212213740458016,1
2025-10-13,599.68,602.95,597.23,602.01,65872580,0.0212213740458016,-0.00937947376215642,0.01726887192536042,-0.0026870676173561536,-0.0030306041335451672,0.003435291999819956,0.00613885513601975,0.0009511921595093398,0.009547296729548427,0.011473635905696927,55.224990141154656,54.740680713128114,0.005478262321914729,0.009501503297287465,0.012992249772784991,0.014656921327948335,0.010732224354175077,0.042613029409625816,-0.3251782158398554,1.1822664642935008,-1.3349932283669121,-0.006661018919951522,0
2025-10-14,595.31,602.69,590.13,598.0,69203190,-0.006661018919951522,-0.010769052621131148,-0.011129383232836743,-0.007188750352796758,-0.00928259137214349,-0.0038148228356296165,0.003398357460560719,-0.00484101025906114,0.0084407567424177,0.010928610949270974,52.002607808375366,38.492706645056806,-0.00394756566783816,0.02100334448160545,0.013798435260391807,0.014808295409257754,0.010860623154160002,0.0404666729746536,0.05056140202797588,1.2070971844875173,-1.4575095434000527,0.007056856187291016,1
2025-10-15,604.01,606.7,595.93,602.22,62805460,0.007056856187291016,-0.015079157398927179,0.010050167224080253,0.0028876609945942544,-0.0021209610604804308,0.002195037119259169,-0.000690629571260426,0.0018454205782814093,0.007934407583867358,0.010268505305640056,54.97976612174763,54.57936179030284,-0.0017074181516784082,0.017883829829630524,0.014077733813461652,0.014911532183169865,0.010933809953077668,0.03712892936640073,-0.09244848394994509,1.1018252877182817,-1.2269701443176582,-0.003702965693600402,0
2025-10-16,605.11,608.31,595.5,599.99,70981960,-0.003702965693600402,-0.017537252333387987,0.004798910697087377,0.0027509258887863375,-0.00486958598567655,-0.0019039000423366481,-0.004642055979152682,-0.0015780037755075416,0.007224976120812019,0.009690331666653186,53.105209723329416,45.33775383340264,-0.009476169250326016,0.021350355839263896,0.01503126242580236,0.01487279012812293,0.01081733821408357,0.03611501761101275,0.13018772571684045,1.2345349762294229,-1.488791945665929,0.006566776112935102,1
2025-10-17,597.95,605.51,596.37,603.93,72024870,0.006566776112935102,0.02447837150127219,-0.0034000566676111177,0.004490793872561127,0.0015406276274831932,0.004267801421270034,-0.00022199551519175298,0.004209276794488348,0.007041319725067082,0.009109954004027204,55.96212906723691,61.66597596353087,0.0012434099273848087,0.015134204295199754,0.0152951146182978,0.014992335477823589,0.010811196127345945,0.036216588768211974,0.014692606403091668,1.2377883005774402,0.8876485729655653,0.012600798105740774,1
2025-10-20,607.14,612.8,607.065,611.54,45761700,0.012600798105740774,0.015830301822228776,0.005315185534747524,0.013933839134125714,0.013517096906779047,0.0161332800514431,0.002169215418627024,0.014231867644190377,0.007761506467957224,0.008749573127521719,60.91499600667354,93.20348114380445,0.006302348159483939,0.009377963829021651,0.015602355178261935,0.015349306374725747,0.011114226923172026,0.03922519037463799,-0.36464029716402124,0.7942160380538227,0.6298278449857312,-0.00026163456192562773,0
2025-10-21,611.64,612.7213,609.32,611.38,44538160,-0.00026163456192562773,0.022374581939799354,0.0001635216012034757,0.009190970135949827,0.012099571076909843,0.014756273760787586,0.005514618926968806,0.011792477336737717,0.008287252047136352,0.008658940743300975,60.760267607049855,92.54040613344404,0.01136457626838272,0.005563315777421558,0.015133421813882447,0.01521288416097111,0.010979232691929776,0.04118351732847385,-0.02673720600414753,0.7867009336710058,1.098771360783406,-0.009633942883313096,0
2025-10-22,610.82,611.41,599.74,605.49,61478800,-0.009633942883313096,0.005429909335458838,-0.0009159606136934784,-0.0016093235234951875,0.00333733238770062,0.0041976320114633925,0.005816315868906408,0.001729778143493954,0.007910820688716519,0.008576701707829482,55.201521280061606,68.13095731454645,-0.009731126520999722,0.019273646137838708,0.01615831805645018,0.015099374585505946,0.011199158930003767,0.040118823033735665,0.38036236791102285,1.074893193953961,-1.0043294532576892,0.008406414639382964,1
2025-10-23,604.91,611.37,604.52,610.58,42844300,0.008406414639382964,0.01765029417156949,-0.0009579018646056481,0.0032797444559831135,0.011791921307650721,0.011209624195630541,0.007903956781214028,0.008575690389442947,0.00806537994578509,0.008417238742045974,58.71648626041265,89.22503108164149,-0.00019649582446368274,0.011218841101903146,0.01613001455290757,0.015379212850395159,0.011252088583321981,0.0387324781841927,-0.30310448479801166,0.767936409488845,1.024083151173591,0.01067837138458505,1
2025-10-24,615.99,618.42,615.13,617.1,47632470,0.01067837138458505,0.021807163081814185,0.008860427789970204,0.009623407687600727,0.017940563224154937,0.020222594020513407,0.010498158275855207,0.01632080962303517,0.008902994709312547,0.008443243739941824,62.74844969167983,95.5056179775283,0.04681933842239183,0.005331388753848588,0.016151735074194977,0.009566176808608532,0.011427438573983812,0.04133398860907829,0.11175745665117653,0.8589202282643817,0.6237529949277092,0.01780910711391992,1
2025-10-27,624.52,628.55,624.03,628.09,54098610,0.01780910711391992,0.027062824999182444,0.012023983146977724,0.022068970006248634,0.03163105750026274,0.035877797128984534,0.01351066075575269,0.02897168381111448,0.010753706581037506,0.00878714783364048,68.35811618271076,98.83544303797488,0.0433215395093105,0.007196420895094623,0.016411581142829843,0.008949467345280064,0.011966117577577897,0.052444447228774234,0.135750675956968,0.9704743095305985,0.7693455434431874,0.00768998073524485,1
2025-10-28,630.36,634.68,629.25,632.92,61195730,0.00768998073524485,0.03523177074814354,0.0036141317327134104,0.022758856950791495,0.03363578758957675,0.04104933931066568,0.017883474912556263,0.03103382209983696,0.012718833247968719,0.009519839054107741,70.46329439481431,96.14288845058077,0.05839464882943135,0.008579283321746746,0.016212983360569137,0.008110315716319339,0.012023158482509325,0.06437410804094518,0.13118858321868165,1.0835398267005003,2.699576400231529,0.004502938760032826,1
2025-10-29,635.59,637.01,630.25,635.77,67422810,0.004502938760032826,0.05000908355216427,0.0042185426278202875,0.017407808069234143,0.03263226454045043,0.042947754185398423,0.025102958630357053,0.030023024135849896,0.014471857059276588,0.01047610258397841,71.66137945765158,97.41451209341116,0.05571053767726064,0.010632776003900767,0.01643578427957998,0.00810378360992526,0.012020654496775775,0.07552465092248947,0.10175677289902407,1.172493917397855,5.0,-0.015288547745253789,0
2025-10-30,632.17,633.5,625.94,626.05,61628620,-0.015288547745253789,0.02533656523305705,-0.005662425090834811,-0.0030828712742004827,0.01255893317806489,0.02529374530691242,0.028464368565301212,0.012052771505560278,0.014730668775551107,0.011457136697132046,62.369492870738455,76.62116040955624,0.04343405723428706,0.012075712802491728,0.015059420174107477,0.010134050948491919,0.012666002744865623,0.07884608015285514,-0.08593812687427294,1.0553402202888384,2.8892735294246585,0.004823895854963789,1
2025-10-31,634.17,634.2,626.69,629.07,66305150,0.004823895854963789,0.019397180359747246,0.012970210047120956,-0.002078111615216094,0.013323152904563429,0.02806014054584094,0.030201013237457053,0.014292217192150458,0.014902456656675897,0.012102198523526213,63.934222812721195,83.06313993174074,0.04162734091699383,0.011938258063490534,0.014385328455384233,0.01010581691092079,0.012604036450404152,0.08220607589488162,0.07588243903562986,1.1164724756017512,3.0161455823147088,0.004784841114661376,1
2025-11-03,635.11,635.82,629.85,632.08,37154310,0.004784841114661376,0.006352592781289301,0.0096014751935396,0.001429073890408139,0.0148140893597688,0.03092632174693799,0.02945515426463219,0.016152415147607124,0.015231442330682726,0.012681942212744109,65.47512704192518,88.12334377258503,0.033587336887202834,0.009445006961144201,0.013660262263366276,0.009671011088564822,0.012558020455323083,0.0868183049857709,-0.4396466941104876,0.6281617098326429,2.901694554926954,-0.02029806353626129,0
2025-11-04,623.28,626.95,618.455,619.25,63830770,-0.02029806353626129,-0.021598306263034717,-0.013922288317934517,-0.014629784038036941,-0.007039317554999647,0.008787898780739045,0.02376536497595949,-0.0037878856007904638,0.014036920914818198,0.013163139737368223,54.739528797616934,57.21512888460613,0.012872517910301307,0.013718207509083577,0.014272599342522601,0.012237660616869943,0.013437559015948225,0.08610144522576273,0.7179909948536254,1.0740722474235491,0.7663937631988699,0.006507872426322114,1
2025-11-05,618.49,626.6,617.21,623.28,48688480,0.006507872426322114,-0.019645469273479432,-0.0012272910779168589,-0.004259153345496203,-0.0034201071601600574,0.014374702476615209,0.018713559742695507,0.0022797233847817733,0.013127546674224277,0.013087933006216019,57.117948677659435,66.21555118110231,0.029381162364366054,0.015065460146322658,0.013788379907218921,0.01168010933510927,0.013284934567912387,0.08699796385794112,-0.23722555751716612,0.8206151500617659,0.48068885645058435,-0.018627262225645036,0
2025-11-06,621.79,622.04,610.3,611.67,72115130,-0.018627262225645036,-0.022969411388866656,-0.002390578873058713,-0.018296499590736204,-0.022154084229642934,-0.004598890798312771,0.013952897984689905,-0.013903523069296098,0.011056599165383,0.012880402029835402,49.11111025554931,32.00965924335915,0.0017851878541712551,0.019193355894518302,0.014498515772977465,0.013296532411267754,0.01399249228268147,0.08690932703487599,0.4811538581611092,1.1888436534359919,0.2811937943553392,-0.003155296156424181,0
2025-11-07,608.31,609.95,598.67,609.74,81835390,-0.003155296156424181,-0.030727899915748758,-0.005493158075432825,-0.01528413899135006,-0.024091217557203115,-0.009371121090221424,0.006004796038394211,-0.014435051366219476,0.008889184340078177,0.012114774591752862,47.908808164946905,28.873239436619826,-0.01192675417274347,0.018499688391773683,0.01502822045930581,0.01280242187673109,0.011388267755549918,0.07838598296427467,0.13478808122511876,1.3668636434702124,-2.172727867960934,0.02212418407845962,1
2025-11-10,618.92,624.31,616.89,623.23,55919930,0.02212418407845962,-0.014001392228831788,0.015055597467773074,0.009387238150150523,-0.0017235137897119168,0.010803332635925589,0.0014029248956726192,0.00622889597817311,0.008636170502149949,0.011209271434416338,56.014383670069705,64.058424621805,-0.0077377445907433895,0.011905716990517078,0.01598297807963578,0.013561713563211654,0.011470994480395897,0.0761699253648004,-0.31667790671004314,0.9418364405328915,-1.755218606549775,-0.0026635431542126886,0
2025-11-11,620.57,622.72,617.52,621.57,44868840,-0.0026635431542126886,0.003746467501009265,-0.0042680872230155265,0.005942728411485687,-0.002569118267698456,0.00618780326913515,0.00024362704826796922,0.003001159999495906,0.00829990099416187,0.010651346237825626,54.88267241835162,59.728742827334564,-0.017932756114516724,0.008365912125746167,0.015340761527836167,0.013242014374941567,0.011350067510675441,0.07080074935791783,-0.1976234591137721,0.7715179304448201,-1.5524444252416316,-0.0007883263349260927,0
2025-11-12,624.84,624.86,617.81,621.08,47444380,-0.0007883263349260927,-0.0035297137723012684,0.005260871663690381,0.00586598602657995,-0.0010004793293248992,0.0038621895762098735,-0.001992110756508847,0.0018697599533801235,0.00786710134575046,0.010101219948476781,54.5324341227769,58.450704225352276,-0.023105840162322755,0.011351194693115327,0.015375866002999361,0.013069930029401343,0.011301420714491067,0.0667260005057781,0.05740152854408542,0.8267224801517579,-3.149472140569343,-0.020416049462227193,0
2025-11-13,617.54,618.12,606.08,608.4,71333630,-0.020416049462227193,-0.005346019912698008,-0.0056997488246282035,-0.013625073767355778,-0.01860995552773914,-0.017300613298746326,-0.0037263107907952175,-0.01577040444690958,0.005925575491159711,0.009434511134523803,46.29856808935991,25.37819509650498,-0.028192636370896862,0.019789612097304347,0.016536935286935277,0.01372223599030833,0.012289201659446154,0.06247307012250599,0.5035211757430491,1.242614025853418,-3.1446739417967695,0.0007560815253122577,1
2025-11-14,599.55,613.35,597.17,608.86,80087290,0.0007560815253122577,-0.001443238101485833,-0.014546351084812614,-0.01259754665697943,-0.014655713721606012,-0.016949015713864646,-0.004406986272064262,-0.012743977019004316,0.0042655374514628894,0.008395014101657137,46.61349059694355,29.34236947791176,-0.032126790341297506,0.026574253522977473,0.017079342659114694,0.013531045896568398,0.012213350463044692,0.06018198270091305,0.12271434945901394,1.3853721443247164,-0.461192300842101,-0.008540551194034851,0
2025-11-17,606.3,612.48,599.87,603.66,63850370,-0.008540551194034851,-0.031400927426471825,-0.004204579049371104,-0.014776877956109935,-0.01855711670465665,-0.024724398126868663,-0.010096718142507788,-0.01797645318371255,0.002257820727144809,0.007225427957422422,43.50741974614603,16.290160642570292,-0.0449626629540566,0.020889242288705586,0.01793878768086105,0.013314186938583251,0.012022259105602253,0.06345827535915174,-0.2027402850065223,1.087487505143288,-2.3962508710207806,-0.012175728058841151,0
2025-11-18,599.62,602.31,591.34,596.31,83327280,-0.012175728058841151,-0.04063902698006672,-0.006692509028260907,-0.018681438036276865,-0.026877509057084192,-0.0354248556315816,-0.017062163342553505,-0.025445360049731303,-0.0003451807537517706,0.005782553580466791,39.5008320356042,11.173561151078937,-0.0370448122729109,0.018396471633881563,0.01882589832230121,0.012464674160747355,0.012297698355510301,0.07082219978910248,0.30503989248613594,1.373833490446727,-2.6856257294072887,0.005970049135516797,1
2025-11-19,597.07,606.16,594.59,599.87,73111490,0.005970049135516797,-0.034150189991627555,0.001274504871627391,-0.005883132809651581,-0.017313769270967394,-0.029225040417264703,-0.023480043823804975,-0.01665794839011725,-0.0019147649221363282,0.004215636077293643,42.27371949997593,19.177158273381227,-0.03755936336798871,0.01928751229433033,0.018921361533094084,0.012416814239445842,0.01222758690664106,0.07349717063469756,-0.12259838554672609,1.1939542693316176,-0.8785409251501022,-0.023671795555703756,0
2025-11-20,611.62,614.03,584.75,585.67,117743200,-0.023671795555703756,-0.03736028928336621,0.01958757730841687,-0.022048043494958924,-0.03647182888889999,-0.05029078935953368,-0.0288794819384659,-0.034000405023480895,-0.005134163623304502,0.0024274450955260826,35.31987426011156,1.8014489915801022,-0.04250658034561117,0.0499940239383953,0.021957147979481374,0.01316805549470185,0.013086068659412763,0.08683149553286154,0.6104609549059936,1.8119999149272694,-1.3360060373152056,0.007512763160141489,1
2025-11-21,587.47,596.98,580.74,590.07,103344200,0.007512763160141489,-0.0308609532569063,0.0030734031109671545,-0.00847901921642158,-0.026081416536826163,-0.04105426013924185,-0.03285380900066959,-0.022722245615568015,-0.0069103780079482575,0.0005453998085776311,38.68550694822284,20.190434970785617,-0.0322596516548036,0.02752215838798788,0.022942193299100102,0.013688976662764429,0.012943025329660464,0.09521811091610737,-0.12229156333444313,1.5250316863958084,-1.0021506806863818,0.025573237073567512,1
2025-11-24,595.28,606.68,595.16,605.16,60168150,0.025573237073567512,0.0024848424609880126,0.00882946091141723,0.0163650288201862,0.0018127188299272845,-0.014695071765777556,-0.030559985541827372,0.0019200226435995837,-0.006058282703548219,-0.0007862165710521611,48.5696035300977,53.24901875272558,-0.02899411132326757,0.019036287923854818,0.022722444123395927,0.014421489161374134,0.013669453838128861,0.09438913320411664,-0.41778880672548624,0.8839319565955056,0.40614372149037714,0.006163659197567561,1
2025-11-25,603.51,610.2601,597.32,608.89,57560870,0.006163659197567561,0.021096409585618314,-0.002726551655760412,0.018326498665399926,0.010107880430725302,-0.0066788040144605265,-0.02455529018701963,0.006841531293492853,-0.004934547554871311,-0.0016120297397681999,50.68577253006437,63.80326382592923,-0.020399954952780908,0.021251950270163602,0.022999709072480817,0.014701225858765848,0.01361802942465054,0.09030953490377218,-0.04333322530275574,0.8478921988828954,2.1416551988429235,0.00883575029972583,1
2025-11-26,612.51,616.19,610.39,614.27,42393600,0.00883575029972583,0.024005201126910736,0.005945244625465973,0.022399685758606624,0.020185479209986035,0.003858416856101332,-0.0181350494926531,0.01328437817319661,-0.003293028264595288,-0.0019369344506756912,53.64824796344329,75.99728014505887,-0.010964771043987964,0.009442102007260762,0.022137787245720224,0.015096281972045792,0.013758078324838377,0.08347777508271659,-0.26349966565828487,0.6362009086020355,1.9113298753269916,0.00810718413726863,1
2025-11-28,616.11,619.32,615.4174,619.25,23034390,0.00810718413726863,0.057336042481260785,0.002995425464372481,0.019294583953332056,0.026606388252008895,0.01255949860113903,-0.0066075945641456135,0.01813171050418938,-0.0013456347132226542,-0.0018062130629727434,56.26716593724891,87.2846781504986,0.017833662064431266,0.006302139685102958,0.021042747563296608,0.013644850875609044,0.013528206230169313,0.08149961646744451,-0.4566540704257246,0.35598624652789274,5.0,-0.0033589018974566898,0
2025-12-01,613.63,619.4401,612.52,617.17,40957590,-0.0033589018974566898,0.04592675445286143,-0.009075494549858676,0.006888023127573639,0.021750503284594158,0.010141184403918979,0.0032309067161615523,0.012420423804219372,-9.357343852416085e-05,-0.0014685550094908832,54.87262848811336,82.57026291931085,0.013648457773543843,0.011212631851839927,0.020228300144206627,0.013743303483951532,0.013483693505930375,0.07758207470166635,0.7781061274034173,0.6456270706236907,3.172471137534101,0.007826044687849532,1
2025-12-02,619.46,623.75,617.59,622.0,54541830,0.007826044687849532,0.027827351444246196,0.0037104849555229524,0.009222541683162389,0.026629650780865655,0.018887086998542024,0.00957622815207948,0.017160167884047173,0.0015045310788345332,-0.0008648148070079981,57.50633746468437,93.51767905711692,0.030381340489679776,0.00990353697749191,0.020171129995406527,0.013392526330496863,0.013567684407174103,0.07270191006104221,0.3316659989027675,0.8481365503169088,3.125410205069123,0.0024437299035369175,1
2025-12-03,619.62,624.22,618.03,623.52,47841630,0.0024437299035369175,0.024027328417283833,-0.003826366559485539,0.006908446132529722,0.024537165598345068,0.021019890008490583,0.014014624596865533,0.016573305067602906,0.0029266817197193653,-0.00010482892415848113,58.3305266242334,98.390064397424,0.04563062836444143,0.009927508339748613,0.020023438359177394,0.012295367072376235,0.012769666752863233,0.07409653428668454,-0.1228451630610854,0.7533120410787971,3.038138701025784,-0.0009302027200409624,0
2025-12-04,624.93,624.94,619.54,622.94,47067750,-0.0009302027200409624,0.014114314552232887,0.002261354888375644,0.0031627631341630824,0.01971864185930783,0.020098531686280507,0.01688237360326794,0.013191710165504134,0.003939884052171401,0.0007040355887547655,57.86929401275346,95.47511312217195,0.038458332638738435,0.008668571612033407,0.018941310559604466,0.01239938872410978,0.012691139018911524,0.07396963821579133,-0.016175870261945557,0.7420734466475478,0.8759358872025854,0.0040774392397340264,1
2025-12-05,624.38,628.92,623.71,625.48,53614170,0.0040774392397340264,0.010060557125555203,0.0023116190965422057,0.005236073298597654,0.017247408009758214,0.02310106860639527,0.0177719401266363,0.014618910067792035,0.0049915825873355435,0.0015592577845373826,59.38394393016887,92.8601079286012,0.06797343213755203,0.008329602864999557,0.017699572442649754,0.0078123542663291815,0.011924927779819551,0.07700530035490025,0.13908504230603747,0.8577951668625822,1.3927436831049143,-0.0019185265715930822,0
2025-12-08,627.21,628.84,621.69,624.28,43462410,-0.0019185265715930822,0.011520326652300072,0.0027658758073798584,0.0010198125853853046,0.0096782123772432,0.019925369720495745,0.018886296652093515,0.010701882177498234,0.005628968403270456,0.002375597690486144,58.317242874687786,90.36944790369449,0.057976172318538355,0.01145319407957964,0.017108875138445195,0.008250293187302938,0.011904427848163838,0.07912952285686067,-0.1893484502324665,0.7173950397508239,1.327790875016565,0.0012334209008777464,1
2025-12-09,623.01,625.87,621.0,625.05,37156000,0.0012334209008777464,0.004903536977491907,-0.0020343435637854013,0.001275121985601757,0.00768195265079763,0.021031567770653847,0.01973128598848395,0.010091720855765152,0.006147489709481146,0.0031276348924975444,58.82829674747576,91.96762141967619,0.032867340868530714,0.007791376689864819,0.01623643822779892,0.004440834028904768,0.010845534146936566,0.07973617477456366,-0.14510032922702631,0.6229477323028485,1.0491670752925393,0.004095672346212442,1
2025-12-10,623.85,629.21,620.99,627.61,55031380,0.004095672346212442,0.006559532974082627,-0.0019198464122869296,0.004060332249725018,0.008764668725096847,0.024707866581112237,0.020564037506714206,0.012013393144259199,0.006788033356963518,0.003849508571688225,60.55964710726376,96.69898906540122,0.030744469444398792,0.013097305651598966,0.015788945364159278,0.004336905170646241,0.010856854463637058,0.08175672088670714,0.48108999892345783,0.9148479532319777,1.169360429880527,-0.003234492758241503,0
2025-12-11,623.82,625.78,617.72,625.58,58272840,-0.003234492758241503,0.004237968343660636,-0.00603878204617514,-3.1969309462920315e-05,0.0036772727856146936,0.021018374348378277,0.021051016644306753,0.007385490436273789,0.006996782085171284,0.004488956563685041,58.460282863835104,92.51083144212917,0.018412098914158292,0.012884043607532121,0.013626234854055447,0.004223166362298576,0.01088634202473047,0.08304270479333332,0.05890203007811179,0.9600928682704499,0.8900959372505421,-0.019118258256338172,0
2025-12-12,622.08,623.54,611.36,613.62,75158730,-0.019118258256338172,-0.01896143761591096,-0.0055948080181591475,-0.01541650888599344,-0.01462122124533305,0.0010718428355382947,0.016746524667883733,-0.010065589060344382,0.005646180471322375,0.004790396352548219,47.92022224016458,54.2143906020558,-0.009091643116673431,0.01984941820670765,0.013656683754953056,0.00734881296141189,0.010758745336637681,0.08275007292407345,0.28977290277940804,1.234412030754033,-1.5739960582925552,-0.005019393109742198,0
2025-12-15,618.37,618.42,609.32,610.54,49538200,-0.005019393109742198,-0.02200935477670274,0.007740947165998602,-0.016019855595667987,-0.018522269484392284,-0.004089409131763255,0.012124682120620456,-0.012750958212021657,0.004036681798729987,0.004658986387394489,45.638224765076316,41.45500156788937,-0.010742583080836754,0.014904838339830166,0.012846964513849582,0.0074291576004289275,0.010828295342337648,0.08258823121629967,-0.3408856163482272,0.8345552245291196,-1.6496462112650898,0.001981852130900519,1
2025-12-16,608.26,613.51,606.9101,611.75,55152820,0.001981852130900519,-0.021278297736181062,-0.0037343990565728014,-0.009824868084555405,-0.01495402045288774,-0.0027736504026806275,0.007121182359159706,-0.009148896601057555,0.0028597892507861967,0.004291774832859103,46.711834504593554,21.703684769886625,-0.01647909967845662,0.0107885574172455,0.01208126568976591,0.0068610968704792726,0.010635504015157253,0.08130859067588637,0.11333920085913496,0.9360004208137759,-1.2414222123616474,-0.0185369840621169,0
2025-12-17,613.06,613.65,600.28,600.41,70654330,-0.0185369840621169,-0.04333901626806458,0.00214139762975063,-0.019546686697802018,-0.02960276439005316,-0.021586180542371936,-0.00208015396235528,-0.023381995096027675,0.00044082554579498396,0.0035864322985816335,38.948386469778534,0.4493605254061361,-0.0370637670002566,0.02226811678686232,0.013031571283432523,0.008488758620784265,0.011125289325272467,0.07954908812270838,0.281064685359697,1.2121117142019513,-3.2138295828587187,0.01449009843273763,1
2025-12-18,609.8,612.93,606.92,609.11,78875820,0.01449009843273763,-0.02632756801688041,0.015639313136023736,3.9403302653395755e-05,-0.01333618426061356,-0.008155592121064648,-0.008194672526556368,-0.007821703420838322,-0.0003408710105549714,0.0027599912410981448,46.319530746822444,30.52194953335645,-0.022201175073040758,0.009866854919472657,0.013721424936148056,0.010269155640442557,0.01150633138863641,0.0770114793153886,0.11636215360049418,1.3464978799259193,-0.9308798138562796,0.013035412322897288,1
2025-12-19,611.95,617.62,611.87,617.05,60369830,0.013035412322897288,0.0055897786903946756,0.004662540427837314,0.01193560871932453,0.0008921330089213253,0.0022129733022027143,-0.009607958582885101,0.004321927867255493,9.414107521878379e-05,0.0021984094676038945,52.01382413883012,57.96750777739352,-0.01347764916544103,0.009318531723523217,0.013728905969648203,0.011223467336482855,0.010251972424914891,0.06334349461407311,-0.2346218397475931,1.0836477736683692,1.1794034158637723,0.0035005266996193107,1
2025-12-22,621.35,621.65,617.77,619.21,43703100,0.0035005266996193107,0.014200543780915398,0.006968641114982743,0.01259840459455841,0.005222461943561019,0.0033468660905184855,-0.009136434011807637,0.0066238146228350114,0.0007072218278186774,0.0018940369425375996,53.4601509557087,65.43380573798832,-0.008121355801883667,0.006266048674924493,0.01345261358366766,0.011320641423188022,0.01019115194354518,0.049759828157558285,-0.2760771398561169,0.828844048256012,2.7116443766742595,0.0046833868962063985,1
2025-12-23,618.2,622.41,617.78,622.11,41120450,0.0046833868962063985,0.016935022476501915,-0.0016311106086788207,0.013905322550678223,0.010412555485716402,0.006663516679827675,-0.007142487281388776,0.009577175473224342,0.0015461159851159218,0.0018173894251033722,55.403625177227525,75.45800207397163,-0.004703623710103133,0.00744241372104611,0.013210789548012853,0.011439986344453723,0.00865214653068123,0.046639584846598275,-0.059095350215431,0.7942084527538152,2.60269124083849,0.002925527639806358,1
2025-12-24,621.99,624.28,621.72,623.93,18468710,0.002925527639806358,0.03917323162505615,-0.0001928919322949918,0.009134990182473324,0.013974592536374564,0.008381495416521334,-0.0007466739071408934,0.010582517100261146,0.0024146439300792195,0.001932599275014365,56.627744888646475,81.74904942965753,-0.005863513965679412,0.004103024377734595,0.012847125707783121,0.011394648524251517,0.008588730068499119,0.04517097950826648,-0.5508631350094662,0.3707029550862703,5.0,-6.410975590209755e-05,0
2025-12-26,624.66,625.515,623.14,623.89,28959780,-6.410975590209755e-05,0.024264911099801223,0.0011700030452135302,0.00426889533479935,0.014188132556952615,0.007533610561589077,0.0032508377407240996,0.008885239449228477,0.003066213122411722,0.0021594211696229462,56.59097902025422,81.61078465260961,-0.0027014930144826366,0.003806760807193576,0.012435216372849589,0.011355052265606146,0.008403910318214502,0.0451805714818421,0.5680456296081318,0.5892231408240983,3.4965476661606494,-0.004840596900094529,0
2025-12-29,620.1,622.78,618.73,620.87,32458310,-0.004840596900094529,0.006190746292844995,-0.006074788824953048,-0.0018199298394540042,0.008090769897724837,0.002525407472234953,0.004353259939351428,0.0033839136302931117,0.0031708422014731295,0.002370108361393806,53.75336790625346,71.17179398548215,0.011815129884945152,0.0065231046756969325,0.012266761617914011,0.009451822851731738,0.008310461745440836,0.045237175112117674,0.120806511651677,0.654133902175973,1.2711456808876915,-0.0023193261069145432,0
2025-12-30,619.84,622.18,619.215,619.43,31226750,-0.0023193261069145432,0.0003552914197120227,-0.0016589624236957867,-0.004205476765384075,0.004303020869813379,1.775857698893546e-05,0.004241071068210589,0.0008940185289969538,0.00302699958217301,0.002505894472188857,52.40406069118649,66.19426201175229,0.014560880531988118,0.004786658702355259,0.01207560637544652,0.009291120464366453,0.008290497469224884,0.04511224721881461,-0.03794282573553587,0.6355459350114225,-1.0856865089270464,-0.008265663593949313,0
2025-12-31,619.65,619.96,614.05,614.31,40746530,-0.008265663593949313,-0.012537975599170692,0.00035516523255263444,-0.009953488072253158,-0.004411440573584446,-0.007632046356059408,0.0023447804605398748,-0.0062508948519433005,0.0022331204527455393,0.0024680480789692136,47.80884822946288,55.019607843137145,0.004184715978749365,0.00962054988523723,0.011907657139136333,0.009782430719652983,0.008293875907717598,0.0455397292934723,0.30485977567310085,0.8411062122335662,-3.7838337764605416,-0.0019371327180087716,0
2026-01-02,620.06,622.85,610.15,613.12,61859160,-0.0019371327180087716,-0.017325661532543668,0.0093600950660091,-0.008416299545222161,-0.008382621465527373,-0.008721703371545875,-0.0003079960130281112,-0.006926797861562806,0.0014141308978934054,0.0022610968155280255,46.782058151693114,50.8817119080643,0.021168867940240865,0.02071372651357001,0.012258134040411551,0.0072918632814329525,0.008267372056472216,0.04580573233061336,0.5181454715284959,1.2587108434456926,-5.0,0.007942980167014557,1
2026-01-05,619.32,620.81,616.72,617.99,46828360,0.007942980167014557,-0.0094567952683966,0.010112212943632626,0.0013708307947577492,-0.0019396276754668484,-0.0004480264998779626,-0.0018163673623209364,0.0008131714293218018,0.001375662374144483,0.0020697552739506212,51.38378861296686,70.18030513176154,0.014578647534928102,0.006618230068447577,0.011406784205939501,0.006281837615133413,0.008495412456031819,0.04532776797558542,-0.24298422416340604,0.9530960975138362,-2.802714172370558,0.008786549944173716,1
2026-01-06,619.23,624.0213,618.54,623.42,43137520,0.008786549944173716,0.004107139980994434,0.0020065049596271756,0.009335323660172312,0.0057951560755564735,0.008502598016060459,-0.0008250237800974114,0.008116890310223335,0.0020217344200311664,0.002045729017077029,55.95675456306019,91.69803843867633,0.010323312535450935,0.008792306951974645,0.01095583348991964,0.00550845889889397,0.008688073690866636,0.04470666506338296,-0.07881634120861802,0.887438011416454,-0.9800466777409231,0.0009624330307016482,1
2026-01-07,623.04,627.94,622.56,624.02,44880340,0.0009624330307016482,0.007410038260981855,-0.000609540919444318,0.008807382164081279,0.005982502269030521,0.009494443914189299,0.0006810633647764686,0.007678379953216963,0.0025885481364884976,0.0021527192536893685,56.4442809738231,85.8279103398407,0.007767962403707918,0.008621518541072577,0.010805663280023076,0.00544060731556809,0.00868072097763099,0.044630736353975596,0.04040148807812782,0.9219471639534208,0.6788854635871322,-0.005688920226915695,0
2026-01-08,623.03,623.42,617.8,620.47,50435940,-0.005688920226915695,0.01002751054028117,-0.0015864876125765148,0.0010745332395403207,0.0005240709833991275,0.004123497787746677,0.003045691851075061,0.0016459348569419774,0.00256543439531406,0.0022451156555544907,52.72549418713127,64.46241674595626,-0.0026361897413640367,0.009057649846084427,0.010044378800402461,0.005601661526979132,0.00876716046799971,0.04356552653261383,0.12378694100802257,1.0221302735320412,0.45623936944255217,0.009960191467758284,1
2026-01-09,621.41,627.89,619.06,626.65,49688730,0.009960191467758284,0.022067458246346483,0.0015149805792382676,0.006650495574368254,0.010046468746020665,0.014203543117204953,0.007503147890993933,0.009816886748699405,0.0032684766441727253,0.0024320748527179186,57.9227435473674,92.748735244519,0.004359463401343078,0.014090800287241748,0.009524717602671812,0.006425819801743208,0.009017505700448594,0.04311787551956962,-0.014815030710243482,1.012468566494615,2.8535238982156472,0.0008298093034388998,1
2026-01-12,622.31,628.845,622.26,627.17,37388650,0.0008298093034388998,0.014854609297884958,-0.006925716109471014,0.004523133006377966,0.010350465972339462,0.01491455263219632,0.010344629490730117,0.00900088140116262,0.0038648562559133078,0.0027170179453238786,58.33778215193607,91.04038512971348,0.005257337030566189,0.010499545577754097,0.009297581653641428,0.006424034467684306,0.00898742019311723,0.04379507516577748,-0.24754265202592218,0.7784014953343253,2.763682165809623,-0.0014828515394549324,0
2026-01-13,627.27,629.47,623.695,626.24,44481380,-0.0014828515394549324,0.004523435244297769,0.00015944640209197836,0.002128306476132602,0.007980273048309838,0.012375835475993968,0.01022576543705811,0.006342793115198253,0.00417808981999503,0.003012460254199283,57.25015010068515,83.28157349896475,0.00864915360703522,0.00922170413898821,0.009445408880210242,0.006195045199691477,0.0077798894449509345,0.044792416065889636,0.1897027573876029,0.9566148309559945,0.8163172114482051,-0.010682805314256583,0
2026-01-14,622.24,623.45,614.56,619.55,72598700,-0.010682805314256583,-0.007163231947694082,-0.006387327542156318,-0.007156867772621256,-0.002807044651968571,0.0008319400357006401,0.00804639479189384,-0.0037321832670875743,0.0035572016941972815,0.0031474317643447546,50.024997690134114,48.65424430641798,0.00019372649048321477,0.014349124364458237,0.010360203834580415,0.007163606402978968,0.008108450944415356,0.04306226630213425,0.6321143813433845,1.5235260825253245,-1.5797471576246673,0.003599386651601977,1
2026-01-15,626.6,630.0,620.75,621.78,53934890,0.003599386651601977,0.002111302722130004,0.011379226858203584,-0.004001422443206448,-0.000419586490279511,0.003621255567670456,0.007653302105687265,-0.00012373601809123613,0.003270225680338434,0.0031629599928978103,52.190926314735506,58.58942065491175,0.01215998437271093,0.0148766444723214,0.011229431172256636,0.006594645981448802,0.008129277592309133,0.04171830012951642,-0.2570818761217487,1.1333034424422301,0.4636361751907796,-0.0008363086622277249,0
2026-01-16,625.5,626.08,618.88,621.26,61058090,-0.0008363086622277249,-0.00860129258756881,0.005982823506706536,-0.0031129653401797963,-0.0025607886265662794,0.001097362301979432,0.004223475173990909,-0.0008123779120785546,0.0029538711067149484,0.0031232601555850146,51.62901430337748,55.96977329974811,0.01327635699373686,0.011589350674435898,0.011793578487957687,0.006544923408417586,0.006755588025123385,0.029893592918044123,0.13207035371723208,1.2960459893784584,-1.6108899108522692,-0.021247142903132454,0
2026-01-20,610.53,615.055,607.05,608.06,81988900,-0.021247142903132454,-0.030470207439769137,-0.017271351768985643,-0.018273170826215934,-0.022194634822516934,-0.02009019759832975,-0.0018508476269748497,-0.018714606585700788,0.0009964510338425834,0.0027521390759705647,39.8887263073259,4.400871459694941,-0.016068221168627383,0.013164819261257106,0.013112697995028729,0.009230636694960413,0.007841817182554592,0.03080165600718796,0.34280158452385256,1.734601518455718,-3.2826672163671144,0.01351840278919858,1
2026-01-21,609.47,620.42,607.8635,616.28,79837880,0.01351840278919858,-0.015904445579969395,0.0023188501134758788,-0.0017914238418104134,-0.0078371016247335,-0.006781758873660837,-0.004999290880726259,-0.004614726333919905,0.0004732582319284624,0.002266996277442565,47.84267517448761,40.21786492374728,-0.011452953065349214,0.02037466735899253,0.014049481219111948,0.009916870735326311,0.007884883636308251,0.031012930965589998,-0.026235502610719275,1.6550103737847106,-1.1715597395741484,0.007269422989550245,1
2026-01-22,622.35,622.46,617.78,620.76,42254760,0.007269422989550245,0.0019530304253088104,0.009849419095216527,0.005071013619848852,-9.98675948982175e-05,0.0003134238045781057,-0.004733585737524915,0.002217002357277398,0.0006435875517769213,0.0019292258754076475,51.60148040091445,59.73856209150331,-0.005224191532322675,0.0075391455635029055,0.013979154584702662,0.010257789750926219,0.008017691347404538,0.03094978603839946,-0.47074296060967546,0.8772427883532679,0.5168156329123366,0.003157419936851591,1
2026-01-23,619.73,625.3999,618.65,622.72,43645830,0.003157419936851591,0.0015117887355657889,-0.0016592563953862216,0.007937638390718371,0.0026938379864969164,0.003422516419699706,-0.004479564805445091,0.004549744394260813,0.001021028208578569,0.001742728579046201,53.19086100019091,68.2788671023967,0.0036262833013682716,0.01083938206577599,0.013252654254147737,0.01013905062191425,0.007979506463027194,0.031027214019982926,0.03292102475555425,0.9037533792657159,0.3674311607806922,0.004400051387461579,1
2026-01-26,623.21,627.61,622.12,625.46,35983010,0.004400051387461579,0.00676045456008767,0.000786870503597159,0.010998034448870042,0.007298752834467237,0.007713407634461156,-0.0032488953514131502,0.0075793840350664166,0.0016504344988726358,0.00171816216053448,55.39606213228717,80.21786492374747,-0.0018989866751774054,0.008777539730758175,0.012943353691682966,0.009699999243633982,0.008013925142271883,0.03145811775114722,-0.17556820433933784,0.7318130460307797,2.110119834177375,0.009065327918651889,1
2026-01-27,628.91,632.0427,627.34,631.13,38997210,0.009065327918651889,0.037940334835378176,0.00551594026796276,0.012610906990549786,0.015782425916269105,0.0162559406925058,0.003599638989460585,0.014105855606713957,0.002825798393145247,0.0019273407886100627,59.63396347471718,96.34813365502738,0.006314077522840744,0.0074512382551929655,0.012889477150960558,0.010132170561007205,0.00825721507175374,0.03462528066537491,0.0837673112949695,0.7851015793810489,5.0,0.0033115206058973445,1
2026-01-28,635.46,636.6,631.81,633.22,50691690,0.0033115206058973445,0.027487505679236746,0.006860710154801719,0.01047142141327484,0.01800257868692756,0.018608481915927344,0.008052736901031476,0.0147377082474216,0.003977078262311881,0.002332199192989168,61.10107506911455,88.56175972927247,0.011145886561062968,0.007564511544171184,0.012857086456072617,0.010132093042827174,0.008174813442114088,0.038773899324334365,0.2998799144861901,1.002144466259322,5.0,-0.005985281576703305,0
2026-01-29,632.65,633.67,618.27,629.43,79944050,-0.005985281576703305,0.013966750434950548,-0.0009001610814567407,0.0016518351602183845,0.01030481051668497,0.011698105929097702,0.01002970335223563,0.007321501580448642,0.0043898789577007866,0.0027549694816847024,57.05165444235889,75.73604060913686,0.0159470583488015,0.02446658087475967,0.013976261969446303,0.009618108742271732,0.008293796228365269,0.040137222917284575,0.57706420914355,1.5078354526741042,1.7927675557493188,-0.012010866974881962,0
2026-01-30,625.71,628.256,619.2975,621.87,65650710,-0.012010866974881962,-0.0013649794450154573,-0.005910109146370357,-0.010111075384179435,-0.001844245520602139,-0.0010601898703676005,0.009143334457777152,-0.004045306464994236,0.003731192107199712,0.002977007477167734,49.94158805248427,50.152284263959444,0.00014474573000100577,0.014405743965780562,0.014295776103871054,0.01048942083312717,0.008548433179644564,0.038332434092433205,-0.17879179250988664,1.2098326542188242,-0.3672189067680154,0.006866386865421958,1
2026-02-02,618.7,628.49,618.66,626.14,49020290,0.006866386865421958,0.0010871998209316391,-0.005097528422339015,-0.0035298349030329357,0.004222887633979822,0.004748219217209693,0.008307377792326598,0.0023625494413281878,0.0036534541946509637,0.003096055313106957,53.46886697671266,64.60236886632822,0.007855004346006389,0.015699364359408503,0.014568467115980463,0.010696709685234323,0.008634609974312417,0.035835449911313336,-0.2533166815713036,0.9141765178068065,-0.12109522220848497,-0.01536397610757978,0
2026-02-03,628.3,629.98,610.96,616.52,81233970,-0.01536397610757978,-0.023148955048880593,0.003449707733094831,-0.01425565525489414,-0.012545787399115493,-0.010572012052494917,0.003736915379769945,-0.011054093343686011,0.002381827240094871,0.0029918576607598944,45.66241806581035,32.04737732656516,0.01391310068085394,0.030850580678647866,0.01633032412342087,0.009434608918173397,0.009213927474869116,0.03635980903882079,0.6571499271016144,1.4678372604177246,-1.9464150427063136,-0.0174690196587296,0
2026-02-04,615.02,615.1,600.47,605.75,81850750,-0.0174690196587296,-0.04338144720634218,-0.002433011094530646,-0.022892464133741575,-0.028156585913685195,-0.026475995782869077,-0.0036674895214583447,-0.024076482386961695,-8.122796935948903e-05,0.002419795789552538,38.82771450566845,14.613894270689105,-0.01708638930356332,0.024151877837391655,0.017135970756441247,0.010086758892953686,0.009739779432350135,0.04412408614067241,0.0075926364303011695,1.4290013222025655,-3.6295688700051443,-0.014395377631035933,0
2026-02-05,600.21,604.81,594.76,597.03,89354490,-0.014395377631035933,-0.05147514417806587,-0.00914568716467179,-0.02678568517691382,-0.038486005601302664,-0.038404701755346715,-0.01193880566845662,-0.03245017793618299,-0.0032381891777631994,0.0013164729120097272,34.34528592988018,5.4254302103250005,-0.038227334235453325,0.016833324958544723,0.01745085793726565,0.010276803602640244,0.010141562122735516,0.0570561096871142,0.09167588568217155,1.5017057579043231,-3.664698265951252,0.021137966266351782,1
2026-02-06,600.19,611.41,598.77,609.65,78019340,0.021137966266351782,-0.01965040924952166,0.005292866355124604,-0.002238886579446042,-0.016090507084987604,-0.017222187742561013,-0.015016922349026851,-0.010171048783406023,-0.003904996669541718,0.00025037778103586037,44.357023502501555,35.5879541108986,-0.020988566289825372,0.02073320757811857,0.017930850253658412,0.012880669328583326,0.011352001897713213,0.05936009451708912,-0.12685596437291513,1.2815020658441396,-1.6522605054869464,0.007660132863118285,1
2026-02-09,607.54,616.46,605.07,614.32,56797560,0.007660132863118285,-0.01887756731721335,-0.003461002214385278,0.009309065577487452,-0.0067679214106248775,-0.008708813861810993,-0.01785169682290466,-0.002191419151610363,-0.0037953033528678078,-0.0005602811234860343,47.544706136450024,46.74952198852783,-0.017810891184088518,0.018540825628337,0.017466653024017245,0.01310126582420443,0.01124824272948838,0.05920958835835094,-0.27200665886176423,0.9275099049208433,-1.5186630625401882,-0.004639275947388999,0
2026-02-10,615.305,617.02,611.01,611.47,53938860,-0.004639275947388999,-0.008191137351586275,0.0016033988800623344,0.006296449895004441,-0.008223310734096656,-0.012056251736862866,-0.01823786781100345,-0.005777278591985735,-0.00407837315624112,-0.0012659886610844424,45.81955077321839,39.937858508604265,-0.03115047613011579,0.009828773284053169,0.016783337110335972,0.01255322815818752,0.011269593387529602,0.05928730433033147,-0.0503313874750958,0.8690828410709067,-1.2546803681509942,0.0026820612622042717,1
2026-02-11,616.38,617.52,607.69,613.11,58575100,0.0026820612622042717,0.012150226991333168,0.008029829754525819,0.006557043321797629,-0.0023090854947447337,-0.008354689778262148,-0.01481459317084366,-0.0026334014848347076,-0.004015092660440215,-0.0018131003596143322,47.011053395899886,43.85755258126197,-0.03175831464577872,0.016033012020681324,0.017163676059061855,0.012519100850480896,0.011302647302304156,0.05882586252306952,0.0859536148891542,0.9331880849601659,0.7439980682260158,-0.0203389277617394,0
2026-02-12,614.71,615.81,599.5699,600.64,81378900,-0.0203389277617394,0.006046597323417613,0.0026096459036715203,-0.015082694092529603,-0.0180004904765797,-0.027035783130578528,-0.012136134644355479,-0.01946142456151101,-0.005666024395728075,-0.0026137988608759604,39.837256010355475,14.053537284894816,-0.04573979632365788,0.02703799280767179,0.018648596259228222,0.013651695674590961,0.011927100885496783,0.06415006678174873,0.38930876771870637,1.2874816395327324,0.8833665297921182,0.0021310602024506853,1
2026-02-13,600.43,606.48,596.42,601.92,69237550,0.0021310602024506853,-0.012679406216681732,-0.00034962706446461933,-0.010475232289755665,-0.012687503588094895,-0.02339142384766779,-0.013052923968543073,-0.014738637733821447,-0.006645449346944705,-0.0034156823039935887,40.83527809306919,17.11281070745689,-0.03208065994500464,0.01671318447634247,0.019151251708817478,0.013529148824682185,0.01189866888993419,0.06758187009175835,-0.1491953073831177,1.0822942078938462,0.770367936257652,-0.0010300372142477698,0
2026-02-17,598.375,603.95,593.34,601.3,69013760,-0.0010300372142477698,-0.02119416590701928,-0.005889486975013236,-0.007244654013287444,-0.009669434146229117,-0.02281506616677964,-0.015684037579285492,-0.013362264178182537,-0.007436341450689249,-0.004222631659397549,40.484951951206206,18.40036985668036,-0.03967163893059067,0.01764510227839683,0.019649402485091814,0.013101781422757707,0.011898132451524861,0.07061733212201234,-0.003232205645635977,1.0721295138945177,-1.1518924146704126,0.007467154498586481,1
2026-02-18,602.11,609.771,600.72,605.79,64250670,0.007467154498586481,-0.009289090225195085,0.0013470813237985713,0.002047797377231264,-0.0005081686459946777,-0.015336652983337085,-0.017348923280975814,-0.005077280071210333,-0.007315576178919894,-0.004816182690572927,44.21724972853259,30.870319861145436,-0.017404139362875548,0.014940821076610593,0.019925999816060705,0.01288163713690454,0.011103949256076013,0.07122543249891813,-0.06901652655934121,1.01207947177847,0.6084089990193776,-0.0038297099654994726,0
2026-02-19,602.81,605.815,600.75,603.47,60960840,-0.0038297099654994726,-0.015723116569620443,-0.004919196421202088,0.0014038604502972785,-0.00396124581180779,-0.018085374683729505,-0.01946191332362468,-0.007530527431047984,-0.0075150581807568355,-0.00537077018205711,42.72627309615297,27.64737991266375,-0.003763929013619438,0.008393126418877583,0.018779321495446557,0.011691110406285966,0.010650120907412783,0.07328686927332773,-0.05120304582037827,0.9747501145947198,-1.1290002845363374,0.008848824299467983,1
2026-02-20,600.12,610.35,599.23,608.81,74127320,0.008848824299467983,0.013602157698454853,-0.005551228727194379,0.007533206014649352,0.0029025711311130298,-0.008432582096541075,-0.015846413811356097,0.001058893488221635,-0.006797630986532139,-0.005618455822990638,47.14411729765381,42.2216157205238,0.019731001792204772,0.018265140191521173,0.018730462471284726,0.010862018124846618,0.010720256530919382,0.07317647442055573,0.21598258816643612,1.155826677110491,1.1499290234009796,-0.012154859479969082,0
2026-02-23,606.605,608.01,599.05,601.41,63859110,-0.012154859479969082,-0.0008472886762360687,-0.0036218196153150473,-0.004545183694277588,-0.007940959117421875,-0.01878216151484191,-0.014301982960311377,-0.009415877116055738,-0.0072676780047067485,-0.006003605722282771,42.277377394221375,22.025109170305512,-0.013515951775608936,0.01489832227598483,0.01895261611403676,0.009343460435229874,0.010958120550727462,0.07420378669220985,-0.13852126314562563,0.9802722600620878,-0.8346442945868553,0.010741424319515858,1
2026-02-24,602.4,608.99,599.73,607.87,55023730,0.010741424319515858,0.010926326293031918,0.001646131590761657,0.00396386278428329,0.003783156285142031,-0.006817337031333581,-0.01073863334654046,0.0010358418005931291,-0.006560262979220778,-0.0060638956115390665,47.38378751584542,60.09098428453268,-0.010499413986196138,0.015233520325069489,0.017604339743695185,0.009715910292574799,0.011231702143320053,0.07205027077298203,-0.1383573933304113,0.8324782803635211,1.0775785633957613,0.014493230460460138,1
2026-02-25,611.07,616.83,611.0,616.68,55710650,0.014493230460460138,0.017976526519090763,0.0052642834816656325,0.014863868555479609,0.017455865368750878,0.008767912059150618,-0.006006674082313701,0.01312130900163111,-0.0047665342077259365,-0.005735119419071622,53.43395090020987,96.52605459057058,0.00852045071712415,0.009453849646494197,0.016531623254477892,0.010750962347490947,0.011557847926257945,0.06638889789523796,0.012484068237467616,0.8323474192832253,0.9694108449758001,-0.012064604008561908,0
2026-02-26,615.59,615.59,603.98,609.24,96178870,-0.012064604008561908,0.009561370076391462,-0.0017675293507165568,0.0007194457311243685,0.005822889718398061,-0.0014439758670820035,-0.0021618662527596033,0.000760080910691574,-0.004395751426806314,-0.005523275350495644,48.37510815284041,65.75682382133999,-0.006312081029505312,0.01905652944652356,0.016933990358010437,0.01146704295742226,0.01175903043913325,0.05731132019852744,0.7264000689275749,1.389741018761782,0.35986870153083356,-0.0032007090801655647,0
2026-02-27,602.98,608.32,602.19,607.29,68125200,-0.0032007090801655647,-0.0024966738391287713,-0.010275096841967035,-0.001985216056585193,0.001504012348733097,-0.002830805203164366,-0.0008472711628960683,-0.0020679826966480963,-0.0042785747191508225,-0.005288523354356887,47.11604057962975,57.69230769230753,0.011071523708044761,0.010094024271764718,0.016126221174632954,0.009251431471332562,0.011724082172345628,0.04911802755708389,-0.2916822582756483,0.9928560699511356,-1.7325117359947944,0.0013173278005567113,1
2026-03-02,598.86,609.92,597.99,608.09,75264640,0.0013173278005567113,0.011107231339685164,-0.013881341698364746,-0.0028597946326377466,0.0018039687312088049,-0.00038630666173489203,0.0024805819257800454,-0.0006375485238885314,-0.004016575270892983,-0.005028567694896114,47.71724971924563,61.000827129859516,0.010250531632110649,0.019618806426680176,0.01616843606327069,0.009245324199099616,0.011484913352038635,0.04496980317221511,0.10479881159981908,1.0892751079366587,0.30965970068948007,-0.010705652123863207,0
2026-03-03,596.33,603.96,591.87,601.58,97015530,-0.010705652123863207,-0.010347607218648691,-0.019339242546333568,-0.011495688295299122,-0.008966711310773867,-0.009087509903689117,0.002436184003544728,-0.009609076324306853,-0.004673992466565514,-0.005001185979053157,43.394030249851895,37.85575048732961,0.0004656577415600438,0.02009707769540216,0.017555686691711807,0.009966396857867975,0.011518948758080273,0.03661107676792786,0.28899214823853536,1.356939470689778,-1.661305223731056,0.015243192925296745,1
2026-03-04,604.16,612.88,603.43,610.75,70943890,0.015243192925296745,-0.009616008302523071,0.00428870640646295,0.005531865852253182,0.005318352183223851,0.0064954594406638755,0.0009582924431679185,0.004639473846638209,-0.003827420659188675,-0.004706361363148483,50.23377103103189,75.64102564102551,0.0081876557883096,0.015472779369627581,0.017464019647973787,0.010868366128863766,0.011673158799344071,0.03413633285165092,-0.26873676822669523,0.9994724247097173,-1.4123082742779007,-0.0030126893164142965,0
2026-03-05,607.4,612.76,602.26,608.91,89602410,-0.0030126893164142965,-0.0005416584597204288,-0.0054850593532542735,0.0026114561584917872,0.001392947770214592,0.0032019889071306373,0.0005889946150241521,0.0013643445197557558,-0.0034261671515920813,-0.0044616998408459965,48.95553120170098,68.26923076923052,0.009014532619682658,0.0172439276740405,0.01684344625173318,0.010832131091934854,0.010988435247999495,0.034220974179843995,0.26300390350740566,1.2554822007187134,-1.3534625008545293,-0.015043274047067623,0
2026-03-06,600.31,606.0,598.33,599.75,86302310,-0.015043274047067623,-0.01241581452024565,-0.014123597904452279,-0.01001294122307772,-0.012199480529747508,-0.012110805012333303,-0.0021190820330999616,-0.011616328137984633,-0.0043288418928674865,-0.004489643193198972,43.07872059601352,31.570512820512757,-0.014881490120070229,0.012788661942475963,0.01716262728517832,0.011510149832326719,0.011034949578815519,0.032605317296600315,-0.036830482572957624,1.2118334630976118,-1.5116084369104885,0.013355564818674504,1
2026-03-09,594.225,609.27,591.33,607.76,93068170,0.013355564818674504,-0.0005426828265553407,-0.009212171738224195,0.003318200577796082,-5.2649590649545e-05,0.0012388634087194816,-0.0020724603300121824,0.0013400606973688056,-0.003829194241784999,-0.004310216240908117,48.85998107917589,64.43137254901941,0.010558520809431204,0.02951823088061067,0.017797908949021193,0.011696656637200304,0.010378620122500962,0.032391131055054895,0.07839720628567193,1.2931746830935456,-1.246282175836344,1.6453863367127397e-05,1
2026-03-10,607.78,613.29,605.42,607.77,64078870,1.6453863367127397e-05,0.010289570796901293,3.2907726734254794e-05,0.0012883285995768379,-1.9743921340076298e-05,0.0017958381718219396,0.0005068565744243969,0.0011475991683427278,-0.0034374247372210166,-0.004135601205336916,48.866963429522634,64.47058823529389,-0.00016450885880203714,0.01294897740921731,0.01765881830297643,0.011196656614357904,0.010217145020759422,0.030404160913022303,-0.31148458167813975,0.8858892945953067,0.6458758900003008,-0.00013162874113548106,0
2026-03-11,608.95,612.43,605.03,607.69,60114800,-0.00013162874113548106,-0.0050102333196888615,0.0019415239317506217,0.0021669723076112035,0.001329745601705845,0.001976120028063244,-0.00019043960220377354,0.0008594051593147078,-0.003102267894378264,-0.003929370091660286,48.80954911052012,64.1568627450981,-0.014578063177012268,0.012177261432638314,0.017935601563767202,0.009989036322589538,0.010170319255748243,0.02954945105064048,-0.061862358059684874,0.8275531755791335,-1.0030415608082233,-0.017163356316543088,0
2026-03-12,602.76,604.14,597.05,597.26,71836630,-0.017163356316543088,-0.01913254832405442,-0.008112689035528087,-0.01123424374964832,-0.013909870642330735,-0.013932662923333172,-0.002729078304570254,-0.013842885508259406,-0.004246004927632501,-0.00404759218667982,41.89797590320147,23.254901960784117,-0.019663843477119025,0.011870877004989506,0.01819140742725109,0.010697595961563914,0.010815721577224796,0.03068695484537123,0.19499075102969643,0.9799731442840443,-0.8138861618774473,-0.0059270669390214525,0
2026-03-13,599.73,603.5999,592.57,593.72,63145490,-0.0059270669390214525,-0.01005418924551893,0.004135552355758021,-0.01512839227655749,-0.01755338160733899,-0.01921688667603849,-0.00415129684663329,-0.016709608189938496,-0.005557014002553893,-0.00436878326189512,39.83614493921665,9.37254901960779,-0.022345172816940706,0.018577612342518354,0.0184526496376358,0.010768018839485584,0.009920228559918661,0.03475923188938918,-0.12098479563977316,0.8722593456590333,-0.5386874483241672,0.011217408879606428,1
2026-03-16,600.04,603.86,599.11,600.38,49077160,0.011217408879606428,-0.012142951164933469,0.010644748366233081,-0.0016362801897021884,-0.005263794471773164,-0.008088871853501711,-0.006463167216278265,-0.004810050360126383,-0.005543970260385506,-0.00456505042071346,45.29089979253539,35.4901960784312,-0.012679044220427982,0.007911655951230888,0.018352650464229774,0.011554255625892925,0.010251174235985903,0.03518514910763495,-0.22279231660091636,0.687499590687834,-1.3291176937641636,0.0048802425130749505,1
2026-03-17,603.14,605.9,601.87,603.31,47106610,0.0048802425130749505,-0.0073383023183112295,0.004597088510609915,0.0047262819914999366,-0.0006956752190550031,-0.0034135781616896343,-0.008101569849507051,3.9530281081168184e-05,-0.005104649071273249,-0.004655233865688171,47.54416076826039,49.381698268754775,0.0028757604973568274,0.006679816346488494,0.017856243059123804,0.011176851890736975,0.010307324659291192,0.03478039324080382,-0.040152078889650555,0.6701785163376484,-1.6979009147499615,-0.013939765626294842,0
2026-03-18,601.49,603.16,594.56,594.9,56127960,-0.013939765626294842,-0.02104691536803316,-0.003016691253252768,-0.005040858718812435,-0.012031985651296595,-0.016421088831278796,-0.011437886884291815,-0.01178741222057167,-0.005917871466555347,-0.004960409584631736,42.17485013647673,16.256830601092663,-0.025951698731068396,0.014456211127920698,0.017634404341666046,0.010651779168674873,0.0106215518849687,0.038085000861565896,0.19150921707165947,0.8031645863463683,-1.6520769588350046,-0.0031601949907547056,0
2026-03-19,589.51,595.8,587.08,593.02,75597580,-0.0031601949907547056,-0.007099085825268747,-0.009060346276685172,-0.006776470272968238,-0.01254837184209312,-0.018681652365220236,-0.011986407627217588,-0.012645463101825127,-0.006704315262016478,-0.0053217711659878895,41.0585737439091,22.66310568485295,-0.026095810546714615,0.014704394455498825,0.01789145873181822,0.010652555021116845,0.010612727797397838,0.04192660710486139,0.3468791668181064,1.0705545429845056,-1.6953381287647549,-0.01848167009544377,0
2026-03-20,591.06,591.17,578.54,582.06,91964680,-0.01848167009544377,-0.019638887017449425,-0.003305116184951662,-0.021310367323879364,-0.027934808203919026,-0.03468154408496582,-0.013662325945483222,-0.026265424686055083,-0.00886758275458939,-0.006111099256280402,35.20801757992713,10.129496402877646,-0.029495623176323593,0.021698793938769192,0.01854127704065853,0.011143379987320876,0.011052738262301276,0.052749100627734545,0.2165029621318566,1.2860895315674756,-1.9930731160729886,0.010205133491392626,1
2026-03-23,590.52,595.08,585.96,588.0,89936120,0.010205133491392626,-0.020620273826576496,0.014534584063498723,-0.007189434334361144,-0.01476346783152438,-0.023744752420506887,-0.01667520336575601,-0.013851076688679798,-0.009451946240059919,-0.006729880993740651,40.182861941050874,27.223021582733917,-0.032512834013426306,0.01551020408163266,0.01796524538386782,0.01066600214389025,0.0111219612107675,0.05729296114876968,-0.022058033584197778,1.2351985237408627,-1.2009921744049163,-0.0068367346938774665,0
2026-03-24,584.81,587.93,581.93,583.98,57750900,-0.0068367346938774665,-0.032039913145812116,-0.005425170068027341,-0.007498402425593853,-0.017583171834625322,-0.028492431463948975,-0.0211526400457821,-0.017480324336410002,-0.010489344096429935,-0.007518835324056018,38.05337164994206,15.654676258992962,-0.03914309689520701,0.010274324463166546,0.017449215481939204,0.010653075001438939,0.010830336303479508,0.06276216450430806,-0.3578675619984496,0.7916784065718236,-2.5783082452764203,0.006575567656426751,1
2026-03-25,589.14,591.37,585.69,587.82,60475490,0.006575567656426751,-0.011901159858799693,0.008835919038323148,0.0014378782096713394,-0.00780663183924224,-0.0197510605939325,-0.021158515435310443,-0.00934019610781578,-0.010537767922839997,-0.008083327736576754,41.255871506206034,26.70503597122327,-0.03269759252250326,0.009662821952298237,0.016957316865707187,0.01111996814457749,0.01033096259386316,0.06087731385168575,0.047178312372621045,0.8263297134327486,-0.9967608736575978,-0.023867850702596227,0
2026-03-26,582.6,584.63,573.43,573.79,81492120,-0.023867850702596227,-0.03242723685541804,-0.008880269470246005,-0.016017011644058665,-0.027636087565116263,-0.04031082562638877,-0.024689262182185368,-0.028052840992087602,-0.012716815402981996,-0.009168144565271348,34.28233645183525,0.9031610637230645,-0.03929611894317386,0.019519336342564433,0.01784623792178823,0.012200763096741032,0.011214874852620703,0.07029279099933487,0.3475231039880784,1.1247843517788936,-1.0585954101746058,-0.01953676432144147,0
2026-03-27,570.81,571.02,561.57,562.58,82702240,-0.01953676432144147,-0.03346734013675545,-0.005193537705432294,-0.02875176526239831,-0.04157523884807757,-0.0555286944142257,-0.0275696039324711,-0.040094553743805994,-0.015947298995890244,-0.010670123413394048,29.929264095645905,1.9528228924980522,-0.052448965842484596,0.016797611006434517,0.017475597121425282,0.01316853544754776,0.011814276414096051,0.08654935263054463,0.014849533918126046,1.1301180182940245,-0.9605523056416282,-0.007643357389171435,0
2026-03-30,567.38,568.05,555.6,558.28,70602620,-0.007643357389171435,-0.050544217687074844,0.008532119876284217,-0.02618221144621391,-0.04203001506587467,-0.0588124225026575,-0.03350751181584244,-0.04042932606712013,-0.0188518574577654,-0.012372217203249327,28.43761662963111,4.715819109625116,-0.07012225590459376,0.02230063767285221,0.01819618163952549,0.011822744003346004,0.011781865964040978,0.10114535177856752,-0.14630341330537122,0.967860824146228,-3.2869267266923434,0.0338539800816795,1
2026-03-31,564.29,578.64,564.21,577.18,95878000,0.0338539800816795,-0.011644234391588903,0.010765207422798628,0.009179445036979983,-0.005138228870951278,-0.02494401933961843,-0.03381307907569209,-0.00673010491329562,-0.01752262555125587,-0.01307819213991961,42.09746213401828,42.902584493041644,-0.04331106727884504,0.025000866280882827,0.01920419725463214,0.017360290143202516,0.014407134013316645,0.10317469117709739,0.35799492993319504,1.3153756844069682,-1.0027277993555779,0.012353165390346144,1
2026-04-01,581.48,587.739,580.42,584.31,79435130,0.012353165390346144,-0.005971215678269082,0.007450015593055914,0.02290153843999221,0.008993234352497215,-0.010689550957589722,-0.03283902519964044,0.004683634785481949,-0.015587176790014137,-0.013452320524190365,46.26456453623322,57.07753479125238,-0.01780131114473027,0.012525885232154293,0.018959957654571827,0.017722561986902745,0.01423891455143059,0.09947591334815147,-0.17149784100627885,1.0834806677991853,-0.7252180396138003,0.0011466516061680032,1
2026-04-02,573.97,586.05,571.92,584.98,50941710,0.0011466516061680032,0.019501908363687148,-0.017696085981756093,0.02007791220403643,0.011554596419147245,-0.007544615363734408,-0.027078840976066387,0.0049334343168523365,-0.013953219306678925,-0.013540174314328602,46.653086723942096,58.409542743538815,-0.013557721493372865,0.02415467195459673,0.019316777618770858,0.01773421635010996,0.014255468218689041,0.09556643005489486,-0.35870048931750975,0.7136519436671817,0.9609816321385015,0.0060172997367431424,1
2026-04-06,586.23,590.61,584.69,588.5,35108500,0.0060172997367431424,0.04607344733193486,0.002136825190604874,0.017022379676834065,0.016509425814675627,-0.0006189878995930265,-0.01734609574868229,0.009275455636572394,-0.011975953795203347,-0.013162539843691064,48.74963357439373,65.4075546719682,0.011064151462048644,0.010059473237043261,0.018689039932030593,0.016750029409927904,0.014009730106640559,0.09422488037330062,-0.31081033597026875,0.5101345515206256,2.873196998873017,0.00015293118096870728,1
2026-04-07,585.64,588.98,578.4001,588.59,49948200,0.00015293118096870728,0.05429175324210078,-0.004859813084112208,0.006632324973662396,0.016561284004690924,0.00116345130003781,-0.005432841304562452,0.007967507267560014,-0.010341942519626186,-0.012596810254905975,48.80503323076676,69.3650126156435,0.0010034013605442205,0.017974991080378644,0.01930022839085176,0.016450287346863362,0.013610333117026507,0.08940257977436664,0.4226811171083926,0.7492300371431239,5.0,0.029732071560848894,1
2026-04-08,608.71,609.9,602.12,606.09,63086000,0.029732071560848894,0.050088360650057284,0.034183387417387356,0.0264117840316751,0.04280365856176416,0.031077435005835152,0.004545593734157638,0.031913828203216754,-0.0063837216219882155,-0.011063220323586026,58.25437019525063,92.98342541436473,0.037860885646768816,0.012836377435694324,0.02022317524742908,0.018627446288466607,0.015302863421505521,0.08853801660368504,0.26302849752343427,0.9470040836942892,5.0,0.006764671913412235,1
2026-04-09,605.93,610.5,603.03,610.19,37837540,0.006764671913412235,0.04429155756362224,-0.00026398719662112935,0.024375912837645064,0.04583262633066498,0.037831641287395135,0.013135537727039903,0.03271487718961996,-0.0028846100551758362,-0.00936802931324891,60.11194953788649,99.43533697632068,0.03805586744241429,0.012242088529802237,0.019940966865121656,0.018630584426807373,0.015377910461348756,0.08995616183221349,-0.400222870367435,0.5776500188527057,5.0,0.0014421737491601139,1
2026-04-10,611.84,613.67,609.58,611.07,34038530,0.0014421737491601139,0.0445998153783036,0.0027040757796752413,0.01694492151615612,0.04069130773174012,0.03810919283939618,0.020811620054787427,0.028790540738086623,-2.8787227675366404e-05,-0.007489388200311256,60.518036084052085,95.52264508352005,0.06497150525453588,0.0066931775410344445,0.01869775265400972,0.015968557367280218,0.014817331509493485,0.09559612943566458,-0.10040319745945425,0.53509076004389,5.0,0.010342513950938326,1
2026-04-13,609.48,626.74,608.11,617.39,32972110,0.010342513950938326,0.049090909090909074,-0.0026019932249988775,0.017676942502134585,0.04173064398017057,0.046741299478994414,0.02855951212316965,0.033163362813695585,0.002999772863583846,-0.005330223042812087,63.3999226559467,86.85690188360975,0.09742614383732073,0.030175415863554635,0.01915539610294951,0.013109851481677691,0.014849288980088816,0.10475105024008452,-0.03132979009375547,0.5309179962115137,5.0,0.018157080613550702,1
2026-04-14,620.22,628.6,620.1,628.6,49921080,0.018157080613550702,0.06797601046568924,0.004583812501012474,0.022665894434068523,0.04820824092447751,0.0632036155011908,0.03963926174496657,0.04358633041985582,0.006665560984952601,-0.002855021947968759,67.8785641924456,100.0,0.12595830049437562,0.013522112631244034,0.01939785691559474,0.011858525124324617,0.01515249513839881,0.11907454086397105,0.5140395928559016,0.803285081703203,5.0,0.013999363665287978,1
2026-04-15,629.08,637.83,628.2,637.4,50102390,0.013999363665287978,0.05165899453876488,0.0007636016544703139,0.026524729035478867,0.05231529175581784,0.07498863706315939,0.04721163227428238,0.04880569572292481,0.010473702241163257,-0.0001577437644980197,70.8899663097603,99.47707649276413,0.104334869538099,0.015108252274866639,0.019381068178761934,0.009143627057044983,0.01536649890346201,0.13679977958605222,0.00363193264248296,0.8042640656627008,5.0,0.0048164417947913485,1
2026-04-16,639.21,642.18,635.255,640.47,42320580,0.0048164417947913485,0.04962388764155423,0.002839661123313464,0.02150606233631991,0.047669990577889454,0.07603135001638073,0.053377351041220766,0.04519699328769344,0.013728126727954353,0.0026200352314671334,71.88039542275772,98.0249480249481,0.09611336448118313,0.01081237216419185,0.01845563191317089,0.009239213456180282,0.01485069413309339,0.15390177309403336,-0.15531813951390339,0.6869602193152127,5.0,0.013084141333707944,1
2026-04-17,645.59,650.0,644.07,648.85,53488870,0.013084141333707944,0.06182597738393314,0.007994129311287068,0.022548546825899685,0.050403503233691804,0.08502165110245463,0.06109548976474355,0.0493680494105444,0.01698232736151187,0.005465423123158819,74.43710314826237,98.78177966101697,0.10918321993914315,0.009139246358942667,0.017921146203723058,0.008837317445961267,0.014894053032816936,0.17280304914595374,0.263897375697592,0.8841115005344492,5.0,-0.003174847807659753,0
2026-04-20,648.04,648.76,642.52,646.79,37138510,-0.003174847807659753,0.047619818915110246,-0.0012483624874779498,0.009943443541914343,0.03728044853290213,0.07575472812157469,0.06516333662096674,0.03867998015426699,0.019285258481621048,0.008243315916193532,72.6875002354684,96.25830516377195,0.09904842820730675,0.009647644521405726,0.017302359122965502,0.009777739345111993,0.014011967842948536,0.18440100009249813,-0.3056777980166715,0.6429927461137026,3.405877063981622,-0.003803398320938678,0
2026-04-21,648.41,650.2,642.21,644.33,39580520,-0.003803398320938678,0.025023862551702303,0.002504676943057227,0.001184024065833178,0.024179883583048012,0.06666644593785875,0.0654049808007322,0.029230294309808613,0.020602351516127312,0.010740300888714034,70.55480310817164,92.50127746550844,0.09470089536009785,0.012400478015923531,0.015997115497604377,0.010267184003354666,0.014107832145580894,0.1928755484241032,0.06575411883783167,0.716505543739464,1.5539805867892444,0.016730557323110684,1
2026-04-22,650.15,655.33,648.52,655.11,37368400,0.016730557323110684,0.027784750549105786,0.00903263855477765,0.012362658589729625,0.03326393489164392,0.07816449863071395,0.06499828839266897,0.03902487659334364,0.022303275525330613,0.01291150833169996,74.13603824607344,99.73624265675575,0.08087907736474786,0.010395200805971606,0.0157819624621383,0.007925425741232178,0.0140795787176281,0.20301359458217788,-0.05588910908699529,0.6891750638076732,1.3449180378479184,-0.005632641846407549,0
2026-04-23,653.55,656.92,645.52,651.42,40099830,-0.005632641846407549,0.017096819523162665,-0.0023812794797820613,0.0032650546742645226,0.020805681485184246,0.06650993130275906,0.06303905068140603,0.02792645088684287,0.023329430201092943,0.015053602994785488,70.9548263029481,92.9954062600691,0.06756911781576225,0.017500230266187678,0.015572014105448746,0.009007375751530237,0.014309552630495865,0.20922843116069742,0.07309464681388556,0.7537116603484937,-0.6250499275000936,0.01912744465935967,1
2026-04-24,658.51,664.51,656.5301,663.88,45563050,0.01912744465935967,0.02316405948986655,0.010883915139234368,0.01774320640926197,0.031792410603272536,0.07895247931701643,0.06014215818124624,0.03997415724069331,0.024819651863369586,0.016780786506750148,74.87531507122561,99.26837680684801,0.08642217749194026,0.012020093992890347,0.016051190404462075,0.009599703490670167,0.01286179590209844,0.213206697604544,0.13624047782746218,0.8863252926192554,-0.8482442405220798,0.000527203711514268,1
2026-04-27,663.4,664.43,660.69,664.23,32717030,0.000527203711514268,0.026963929559826294,-0.0007230222329337455,0.012863795643144105,0.02487548371567705,0.07067730740526423,0.0570792558790294,0.034075778703945625,0.026075718919456377,0.018632699204274322,74.9774870592753,99.55121012982855,0.0758677659178153,0.005630579769055742,0.015307197807988176,0.009872907125498757,0.011343325169527569,0.20674084473248378,-0.28193942240477754,0.6689582748469916,0.920707148043635,-0.01005675744847423,0
2026-04-28,657.41,659.64,653.81,657.55,34147920,-0.01005675744847423,0.02051743671721007,-0.010267527814160848,-0.0013486463417968775,0.010056789292829826,0.051497050035460346,0.05291706278039454,0.019961108614607204,0.026234489680984324,0.0203044878289261,69.19396325119502,88.67924528301882,0.04605472478523698,0.0088662459128584,0.014279739726473808,0.01046549094876977,0.011534203745497964,0.1888767041358616,0.04373532683131698,0.7252445831920542,1.090088255043294,0.006113603528248968,1
2026-04-29,658.63,661.72,656.5899,661.57,31724860,0.006113603528248968,0.009860939384225498,0.0016424606493803395,0.0027890197505042735,0.012472835236142066,0.05083501968022408,0.047912371379648544,0.022077499507879628,0.026180011147179393,0.021380889055513674,70.66067907932859,94.7872340425533,0.037919673674301935,0.00775443263751392,0.013940334572089335,0.009960252644690165,0.009840443683579255,0.1797217720787697,-0.07095776258114694,0.7230401468759127,0.9703302025061343,0.009326299560137086,1
2026-04-30,665.35,668.9,657.56,667.74,40622230,0.009326299560137086,0.02505296122317402,0.005713681091947809,0.007158435822948839,0.017668296890788193,0.05365391822323917,0.04616501311662935,0.026617229198347303,0.026461071241752204,0.02223887585011901,72.80112785714974,98.09179141306142,0.042578106702890084,0.016982657920747643,0.01458706125994293,0.010113657446767307,0.009775090784870892,0.1729378343580433,0.2804541927056574,0.968662946286296,3.151919720347586,0.009599544732979748,1
2026-05-01,669.16,675.97,668.8,674.15,39172610,0.009599544732979748,0.015469663192143157,0.00212657621229817,0.013686230166845004,0.02349102822779603,0.05633692470651641,0.04207484847915066,0.030688966595584732,0.02707511909244386,0.023036961915539538,74.85364753397604,96.74243780204036,0.03899206288048074,0.010635615219164982,0.013346446848412298,0.00983054116444284,0.009702966593113307,0.16471360479499822,-0.035685387040544025,0.9473896860346458,3.0857142136388975,-0.00188385374174882,0
2026-05-04,674.66,676.73,668.9,672.88,34541990,-0.00188385374174882,0.013022597594206875,0.0007565081955054342,0.009151471704225367,0.01753250484661706,0.04742261622160138,0.037924083341765114,0.024217531949399795,0.02734602104532028,0.023933557883253787,73.66748916746685,92.06676282711719,0.04033766755824919,0.011636547378433065,0.013012838205071603,0.009735681352239586,0.009910705740990485,0.1531804666155118,-0.11821065790612373,0.8359708116817407,1.1883325756045973,0.012974081559862016,1
2026-05-05,677.96,682.7734,677.51,681.61,37101060,0.012974081559862016,0.03659037335563853,0.0075496373796219984,0.01491981715034485,0.024955865590799764,0.053385589723459415,0.03790030692386859,0.03155362021370056,0.027879847601647943,0.02447758472959449,76.43216720810355,97.55168524192729,0.05785855074263191,0.007722011120728931,0.012873773649363814,0.00968609015752078,0.009874877932158063,0.13971726057137307,0.07408577212835743,0.9120836581514208,3.1141367445072756,0.020774343099426273,1
2026-05-06,687.78,695.93,686.48,695.77,38778490,0.020774343099426273,0.051695209879528914,0.009052097240357382,0.025559011246554464,0.03989059604232659,0.06786892794106358,0.041255467730795914,0.04446968028023446,0.029303234610637212,0.025044189216321098,80.08454872463201,99.70215934475061,0.062065912594831296,0.013582074536125347,0.01337095181289385,0.010265647298890304,0.008970879783152223,0.14081990153795726,0.04521245484630354,0.9826822746407419,3.1840685854709254,-0.0011929229486754567,0
2026-05-07,696.58,701.24,691.77,694.94,43779090,-0.0011929229486754567,0.04073441758768381,0.001164177817382317,0.016187287057481736,0.03193789424915949,0.05970302880125056,0.04282256066179979,0.03633230452683711,0.03047021328444836,0.026153323206047564,79.30870036980369,89.32746061324757,0.06680789659513087,0.013627075718767126,0.013380754350838119,0.009787341274816999,0.009154651062859733,0.13859459515804787,0.1289529324117571,1.1011126234886817,0.9497456835289102,0.023440872593317286,1
2026-05-08,699.92,711.23,699.5,711.23,44320420,0.023440872593317286,0.05500259586145528,0.00716608628082982,0.028850577040472558,0.048753478125594496,0.07632391564409868,0.046142112045254535,0.05082391044452361,0.03212670284526374,0.026868786912779188,82.82544799979,100.0,0.07132313068626872,0.016492555150935728,0.014074560971837534,0.010475060987506392,0.009805382127324654,0.14150170509542734,0.01236503545414025,1.1004981693465894,1.054772025435086,0.0028963907596697425,1
2026-05-11,710.36,714.59,708.91,713.29,36019150,0.0028963907596697425,0.06005528474616573,-0.0012232329907343464,0.01990654419418658,0.044236853162106904,0.07166493512151972,0.05074817023379996,0.04520556583985069,0.03373851654752721,0.028180654637549794,83.21398454286569,98.11785145504551,0.0738599581470274,0.007963100562183774,0.013802590811591377,0.010339257713372291,0.00983960883728553,0.14324121799431874,-0.18730124849899887,0.8910028456363727,2.8110259086818825,-0.008481823662184973,0
2026-05-12,708.22,710.18,696.64,707.24,45873010,-0.008481823662184973,0.03760214785581195,-0.007107908424343501,0.0038978330546461937,0.027902366425305303,0.056334925263900715,0.05223349476679284,0.030578539563245632,0.03430388889225806,0.029598155920432145,77.65746911136003,89.35862168814243,0.07556839784046843,0.01914484474860014,0.014491292105326962,0.010055295840832494,0.010091102612231137,0.1427766020595299,0.27357280779807414,1.1404671314861257,0.7057033438112037,0.010562185396753687,1
2026-05-13,709.96,716.65,704.83,714.71,40012530,0.010562185396753687,0.027221639334837677,0.0038459363158191984,0.009075481234875449,0.030798031602813136,0.06136432487659427,0.05181856522539752,0.034862282635853115,0.0346068399655287,0.030352409722664783,79.47945499752926,96.9127943984724,0.08032407757304583,0.016538176323263893,0.014381807206519338,0.010092527725647896,0.00997557341546734,0.14653527989981197,-0.12775442466060105,1.007402657312841,0.730937762197137,0.007107777979879826,1
2026-05-14,714.62,722.03,714.22,719.79,33327550,0.007107777979879826,0.035758482746711895,-0.00012592520043097633,0.00916646570917412,0.030389615223294753,0.06264966324846366,0.05299739870141762,0.03549227526134935,0.03504860451951401,0.031120276207961765,80.63593208402513,96.71650542362943,0.07794950130290235,0.010850386918406682,0.013756343616094381,0.01007966130299381,0.009976993592393082,0.15035809233826714,-0.1670721646444251,0.848701831293481,2.7012077914671746,-0.015087733922394042,0
2026-05-15,710.14,715.13,705.55,708.93,51792660,-0.015087733922394042,-0.003233834343320807,-0.01340668806179579,-0.005418130394280629,0.009815693999905895,0.041995537643417125,0.04767196093821213,0.016761032715227664,0.03450366167801597,0.03217833504586096,71.37518195778253,80.79742011140425,0.05159089223466573,0.013513322895067273,0.015025007506282119,0.012307092657471484,0.010859305009014459,0.14971903614956947,0.5540494275756844,1.321779294075187,0.28241916793583766,-0.004302258332980591,0
2026-05-18,711.54,712.07,698.85,705.88,49834550,-0.004302258332980591,-0.010388481543271322,0.0036816046718293194,-0.007633802420885516,0.0007670070703589271,0.03302661666514228,0.04097320040245145,0.010461088385360418,0.03306189693711383,0.03246627757302056,68.97916340723714,75.32094235797322,0.04904291998573296,0.018728395761319242,0.015373262553732333,0.012482329832009217,0.010904039424923616,0.14508626812131845,-0.03780670851815682,1.2515317024180572,-1.6790445403307277,-0.006162520541735161,0
2026-05-19,699.81,706.49,695.25,701.53,46827530,-0.006162520541735161,-0.00807363836887054,-0.008599195330651122,-0.012163319101958892,-0.00820125231327351,0.02238139826355634,0.03497006947961334,0.0035803687384796667,0.031139028705867086,0.03236187956637691,65.59695230470847,68.20226461920274,0.029224923343260656,0.016022123073852878,0.016090687497327272,0.01256830961498665,0.011010116358029533,0.135860097770926,-0.060340065275998334,1.1654090054756456,-1.6933366613341105,0.01656379627385851,1
2026-05-20,705.29,713.15,703.79,713.15,36779220,0.01656379627385851,-0.002182703474136405,0.0053597137684775475,0.004640377766758297,0.0057554342384169566,0.034938892674159394,0.03015856776008996,0.017042272197255626,0.02994239720469343,0.03145614192114666,69.8497546009207,83.31767800112719,0.02497951909395346,0.013124868540980179,0.0158565519175489,0.011960874949976294,0.011000281022270906,0.13260324264840945,-0.2145812516696909,0.9160056554462062,-1.7923551589664621,0.0019070321811680557,1
2026-05-21,708.99,717.12,706.77,714.51,36415360,0.0019070321811680557,-0.007335472846246804,-0.005833274907102282,0.008055869074492072,0.0048999614641376255,0.03218732529264168,0.023938609910882036,0.0160147593749973,0.02915768194724589,0.030948550971264116,70.31231880086244,85.84603801995111,0.02816070452125352,0.014485451568207615,0.016038303972552622,0.011893521086546219,0.010768334271766163,0.12537629476745632,-0.009893086367791404,0.9111239351367738,-1.6977304509664184,0.004240668430112837,1
2026-05-22,718.07,722.12,715.95,717.54,33118580,0.004240668430112837,0.0121450636875291,0.004982435515248351,0.009877245180304195,0.008266622825321868,0.03256239638975855,0.022463275925584725,0.01714307253574976,0.02847279073356535,0.030348848253999552,71.36633318316888,89.73324366733907,0.008871954220153633,0.008598823758954148,0.01594867782383461,0.009510062581110425,0.010218132272603129,0.12273030890263818,-0.09053267632120077,0.8417418785454687,0.23774032734238915,0.01775510772918576,1
2026-05-26,725.96,731.17,724.16,730.28,34254690,0.01775510772918576,0.03456678188927298,0.011734537447389837,0.020796698918929657,0.023724479782885277,0.045924998693094965,0.02461636073155149,0.02962632968234602,0.028616458552009377,0.02957881296381135,75.33199574095507,98.00850302081005,0.023819203970334657,0.009599057895601676,0.016035923598776196,0.010910132310927469,0.010632746643915066,0.12279423120066475,0.03430430894078196,0.8689193328374195,2.5011374346582076,-0.0011365503642437602,0
2026-05-27,732.96,733.32,725.44,729.45,35148670,-0.0011365503642437602,0.03979872564252429,0.0036698252724982616,0.011739478991270147,0.019387151906782973,0.03938461933045945,0.027324366512565312,0.023973293024495135,0.028734064713050567,0.029436788163625566,74.60703924951899,90.68592057761734,0.03140376675527401,0.010802659538008082,0.015423557866494323,0.010327022255290263,0.010152800767644292,0.11542662155730017,0.026098032123484494,0.8904661728804789,2.9996946217691995,0.008431009664815914,1
2026-05-28,729.73,736.6,726.41,735.6,32839950,0.008431009664815914,0.03148005328472281,0.0003838508465281443,0.013954975767634048,0.024989340445276786,0.042648520008901514,0.028298637441514174,0.027452338021241696,0.028902126831150465,0.02913297036455165,76.41794490973032,97.58162031438935,0.029228638188915745,0.013852637302882075,0.01536452264429426,0.010177854512992062,0.01017636359487138,0.10914463567327917,-0.06568441992257457,0.8308029097474201,2.9538227559237327,0.003684067427949911,1
2026-05-29,737.84,741.63,735.25,738.31,37541670,0.003684067427949911,0.033309540804187465,0.0030451332245786666,0.011056699477976828,0.02611748420470361,0.041281903194391845,0.029894667363383975,0.02630534846222532,0.029079401491661848,0.029036709489500517,77.18989397764636,92.84174213022844,0.0257297267258505,0.008641356611721359,0.014349373182383713,0.010078868394659967,0.010138952473754235,0.10387231492289424,0.14317074173377242,0.9534649301915158,2.967151746326102,0.0060001896222454665,1
2026-06-01,737.04,745.65,735.99,742.74,33890560,0.0060001896222454665,0.03511999331047755,-0.0017201446546842858,0.010151290127788704,0.027446434425832722,0.042487462612408544,0.03201121733015766,0.02733250125475295,0.02927302286762139,0.02894542287677239,78.43275018338305,94.22619047619054,0.047691591553467916,0.013005897083770859,0.01464654041598867,0.007950824483080432,0.010086399378221596,0.1007983550078136,-0.09725486372875791,0.8665482403640322,2.976187665804868,0.00460457225947164,1
2026-06-02,742.4,746.44,739.23,746.16,30085240,0.00460457225947164,0.021745084077340104,-0.00045776449363177374,0.010438051491498346,0.026457952449145505,0.04192936228326283,0.031165998494693037,0.02699700016611639,0.029458683506892996,0.028941938682180497,79.36741169025578,99.45301816761068,0.05706352354507849,0.009662806904685371,0.013675734044019668,0.007303046849298052,0.009960122895576635,0.09437179746851533,-0.11228259432715182,0.7736580547138646,2.9264066559496476,-0.0026133805082019235,0
2026-06-03,747.31,748.65,741.01,744.21,40270200,-0.0026133805082019235,0.020234423195558238,0.0015412244022730004,0.0037847111696185376,0.017799629373833392,0.03468411415573991,0.030782898605934195,0.02049593005027983,0.029241497459308242,0.029062518023830634,77.31015113540514,91.68539325842707,0.06083845309537739,0.01026591956571396,0.01331037514372864,0.006732454364671299,0.00993198563879596,0.08861669171402799,0.33853677085507705,1.0313671327080929,2.693938679345226,-0.004837344297980439,0
2026-06-04,735.48,743.4988,732.62,740.61,40782580,-0.004837344297980439,0.00681076672104397,-0.011730559922602524,-0.002419161483069865,0.009086561453849784,0.026479372977318283,0.028968614216117627,0.013134239682757842,0.028429262830789358,0.029048882002449577,73.52125611062124,84.94382022471918,0.038505223305055125,0.014688972603664486,0.013739639332056406,0.006373338387181934,0.009350461830070588,0.08652110679086757,0.012723552403514304,1.041816116501598,0.5604606993746243,-0.048000972171588385,0
2026-06-05,730.06,731.69,704.32,705.06,99606570,-0.048000972171588385,-0.045035283282090166,-0.014245014245014342,-0.041720352943095285,-0.0381120770099701,-0.023477481645016507,0.019037106082871347,-0.030201013735111748,0.024714748772088322,0.029353799894643103,48.331341779983624,18.370786516853837,-0.01322584708401564,0.03881939125748164,0.016666261432664305,0.017627644171450248,0.014780815363650912,0.08224367616693827,1.4423803006087401,2.3751457676388634,-2.3848484161004664,0.015615692281508053,1
2026-06-08,717.81,723.03,713.07,716.07,47401450,0.015615692281508053,-0.03590758542693262,0.01808356735596961,-0.019648915284588897,-0.02289557603271597,-0.008560712105037838,0.011310441078126399,-0.012770061459298043,0.02131268678020071,0.027384511636450788,53.63019006577895,38.98876404494393,-0.0020486662764443997,0.013909254681804742,0.016883824207130596,0.018368276717577472,0.014244589725700927,0.08140605574816123,-0.52411321863608,1.1261636252388452,-1.9983390022175045,-0.01150725487731652,0
2026-06-09,722.98,725.66,686.37,707.83,91932170,-0.01150725487731652,-0.05136967942532422,0.009649894563380723,-0.020651506179125367,-0.03117146908585222,-0.01959888085542527,0.0010748220172303036,-0.020494085189608047,0.017991169132732805,0.02576087428825439,49.53572298522979,34.45728965960187,-0.030741633346113684,0.055507678397355244,0.01991095521321706,0.01752830899092416,0.014475951511295033,0.08267910254732784,0.9394379285865728,2.0480920678194985,-3.518672144578676,-0.019976548041196307,0
2026-06-10,701.66,711.28,692.93,693.69,65334280,-0.019976548041196307,-0.06788406498165833,-0.008716782278230806,-0.026607657033166032,-0.045855180268160156,-0.038281442252037,-0.011992887866048019,-0.03410818349249556,0.013668915203960316,0.023762564943319252,43.410897812880435,11.75337186897889,-0.04902323668517372,0.02645273825484009,0.021009796471458026,0.018303961810474313,0.015035959633720803,0.08819036560667376,-0.28932081120243325,1.4246525123893639,-3.6262720903688246,0.033775894131384154,1
2026-06-11,699.29,718.3721,695.0,717.12,71798860,0.033775894131384154,-0.03171709806780898,0.008072770257607775,0.012947168883854054,-0.011114481921729813,-0.005964600518697072,-0.018670045174606242,-0.0012562531297055646,0.012124304852551313,0.020813809738394168,53.639781250590914,49.37379576107902,-0.025122349102773223,0.03259161646586352,0.021750902419200614,0.021774501048578743,0.016760929254931053,0.08793438550942526,0.09894621935069914,1.513175893241596,-1.8303971462161381,0.005884649709950951,1
2026-06-12,717.61,724.01,711.28,721.34,51236020,0.005884649709950951,0.023090233455308917,0.0006832887103971341,0.014243331786673474,-0.002962059924006444,-0.00022245306829282718,-0.014262637378629428,0.003907302488946218,0.011527463878642463,0.01885912822042556,55.210143836095824,56.149646756583245,-0.022984925031490744,0.017647711204147862,0.0221306477230868,0.021852961918818536,0.016737008159588233,0.08789936317115903,-0.28639507646778795,1.0598098455398495,0.20094245157151244,0.0314137577286715,1
2026-06-15,738.1,744.7599,737.38,744.0,46710220,0.0314137577286715,0.0390045665926515,0.023234535725178196,0.037952220715517404,0.028179583172680323,0.028684252005519495,-0.008929089918617739,0.02982826015503348,0.013079134204281492,0.017243615604858206,62.546480253917686,92.53371868978809,0.0016964213587526977,0.009919220430107555,0.022396505376344092,0.024246920674879765,0.017697737678589242,0.09027982222631652,-0.0883323880348239,0.9712999274481257,0.19079830666531503,-0.019005376344086056,0
2026-06-16,742.25,744.22,729.64,729.86,45348680,-0.019005376344086056,0.031123292315951456,-0.0023521505376343788,0.012004958388911913,0.010915829961813284,0.007463562163453119,-0.004487523690287709,0.008664471239307137,0.013154765188298672,0.016693101953906143,56.3445655064756,69.82980089916511,-0.021845180658303764,0.01997643383662626,0.023486108881938226,0.024935608636745252,0.018293455129711454,0.08753880366992708,-0.02914865312130832,0.9474065427272419,1.053071151296343,-0.010070424464965866,0
2026-06-17,735.19,735.68,720.85,722.51,51669320,-0.010070424464965866,0.04154593550433172,0.0073027703943222555,-0.006129585152538142,0.003752384313060908,-0.004124041008846446,0.0020179131139541617,-0.001263774120955019,0.012184952679211807,0.015927325498212918,53.381531995124256,58.02825947334618,-0.029158436462826454,0.020525667464810077,0.02418374832182253,0.02506962129815222,0.018403875311740158,0.08228636146748616,0.13937869856410368,1.0740228157916774,1.3631401794326128,0.025065397018726454,1
2026-06-18,737.2,741.82,732.51,740.62,50154600,0.025065397018726454,0.03276996876394467,0.02033189852043571,0.01223782436248233,0.028910406912935338,0.018909015367831294,0.006590537169020028,0.0200397474959233,0.012858634213487829,0.015002017081377392,59.090118023299596,87.10661528580607,1.3502383170660437e-05,0.012570548999486996,0.024839420254072844,0.026523696082397373,0.018859349609017657,0.0825012009086848,-0.029315655789547868,1.0282431671897054,1.0420015042499384,-0.0036050876292834655,0
2026-06-22,742.02,745.45,734.39,737.95,43518600,-0.0036050876292834655,0.023026589403055464,0.001890308120223505,0.004029997768671079,0.0205379899571152,0.013601447707739078,0.009533031842015927,0.013810355499869642,0.013233471200484221,0.014691731319367497,57.96317944329398,82.81952472703927,0.04664851218336041,0.014987465275425244,0.02506480307415331,0.020588547594589758,0.018901954188559108,0.08180972382436112,-0.13231089471354573,0.885745972562912,-0.9197876743955449,-0.032929060234433316,0
2026-06-23,715.74,723.61,712.1101,713.65,53354150,-0.032929060234433316,-0.04079301075268815,-0.030096890033200152,-0.020946114652128256,-0.012736959038924911,-0.019513555621808232,0.0014632075432814418,-0.01661218850990487,0.011077851115510476,0.014369161621829479,48.83478558049509,43.802183686576726,-0.003379557864454652,0.016114201639459154,0.02778291679594841,0.023290112917260297,0.020414670886316585,0.08275991616221286,0.22600795981488364,1.064020239022379,-2.9448655751892017,-0.0042457787430812965,0
2026-06-24,715.37,719.93,704.45,710.62,52480440,-0.0042457787430812965,-0.0263612199599923,0.002410145029075883,-0.0199291102927992,-0.017307947605982976,-0.0223561297068251,-0.002476371290602297,-0.017645801018554397,0.008607545688444606,0.01326585316562915,47.82342987426723,41.04603926878806,0.003941624401339272,0.021783794433030176,0.02868942412460749,0.023006247032465007,0.019991845723538258,0.08544525740093196,-0.016375670870963144,1.0279154362135978,-3.003217729513649,0.008105597928569352,1
2026-06-25,725.9,726.83,705.3,716.38,50144090,0.008105597928569352,-0.008484311635825081,0.02150235006051049,-0.01031161410469672,-0.012441325880025556,-0.013544858867844511,-0.0032669321063345524,-0.008205729031524944,0.007125863334757787,0.011952524716488827,49.94560583881625,50.79553148273522,0.03270913520448615,0.03005388201792357,0.029449843060147658,0.02189860213997562,0.020099250197493798,0.08640298807269695,-0.044518491079724165,0.967939522033426,-0.9824580531899059,-0.013763644992880852,0
2026-06-26,707.13,715.555,702.81,706.52,47081820,-0.013763644992880852,-0.04604250492830331,-0.012912141600826432,-0.014649439907171935,-0.024608439348652977,-0.025170314413342387,-0.010677290836653475,-0.01855630117163598,0.004907609734152836,0.010676986654296191,46.461896502384086,34.10629654705478,-0.014781347612672913,0.01803912132706789,0.02756386433302871,0.019622939963834723,0.020180506077386848,0.08892954682703931,-0.06106941017376122,0.8965049767812664,-2.9664095618809543,0.02485421502576024,1
2026-06-29,713.99,724.58,705.172,724.08,44939090,0.02485421502576024,-0.01879531133545631,0.010572949102644058,0.013762688134406842,-0.0007438391761738217,4.005242724614e-05,-0.01353633929101683,0.004934325125921735,0.004896787198193193,0.009313800717722105,52.7789242373377,63.82870683818553,0.003798486150774938,0.026803668102972068,0.02703725515728335,0.02124603560400261,0.021022074383824047,0.08725644279893822,-0.04551077252323721,0.8497198751139861,-1.1659944679747254,0.017014694508894035,1
2026-06-30,724.18,737.62,723.91,736.4,42121830,0.017014694508894035,0.03187837175085817,0.00013810628659793878,0.024485253199777457,0.017325197310525953,0.017500905028642988,-0.0068174218704663,0.018580305655306217,0.006177932807177609,0.008561970943497687,56.6440970480249,82.76846915460767,-0.010215053763440896,0.018617599130907166,0.024103738263366207,0.019325423544362487,0.021350257855872558,0.08544448274130359,-0.06269063303240008,0.7903003218073046,0.7949314531522875,-0.015249864204236907,0
2026-07-01,729.19,731.92,724.6,725.17,40803790,-0.015249864204236907,0.020475078100813393,-0.009790874524714721,0.004794169403222748,0.0024606367243116267,0.003439260147408474,-0.0013484445840474812,0.0025771024687635258,0.006051227618097192,0.008165894988204787,52.431238409660786,59.80178394449937,-0.0064258898966925715,0.010094184811837137,0.023831840415744897,0.018966741818350112,0.02157496559753155,0.0804914627499208,-0.03129113811057116,0.757949586099515,1.095545429658508,-0.017333866541638376,0
2026-07-02,725.58,730.83,707.56,712.6,51086080,-0.017333866541638376,-0.0052765292163377,0.0005653846684225972,-0.011587424440394178,-0.013564525975257369,-0.011793028467460998,-0.00020801437795392452,-0.012552876047524753,0.004503342674383295,0.007548619215310523,48.11739350304216,22.95966228893071,-0.013716073133935858,0.03265506595565548,0.024110681207650083,0.019506129160532612,0.021874598191071796,0.07642461237011401,0.2519935035446461,0.9395101063660749,-1.1483026719020764,0.014341846758349819,1
2026-07-06,719.93,726.08,718.45,722.82,30220430,0.014341846758349819,0.023070826020494817,0.010286275610440487,-0.0019248454186193698,0.003054318578888493,0.0036176722351468626,0.0055532067182764155,0.0013610732599573794,0.004238947457315234,0.006801300520853799,51.60385955809769,46.92776735459676,-0.024033917528557103,0.010555878365291491,0.023843893164470928,0.018148745587076465,0.022159429225038253,0.07222565901687332,-0.4084410078048658,0.5612264402345198,0.6069544366572036,-0.018524667275393703,0
2026-07-07,714.17,716.35,704.9,709.43,42483080,-0.018524667275393703,-0.02023257098663145,-0.01196701806812217,-0.01643458055356839,-0.0116151898875263,-0.015272759576532513,0.0011812340634034246,-0.014582939119759608,0.002603863892080764,0.006064509065275794,47.13476667244197,15.525328330206353,-0.03864760485127727,0.016139717801615446,0.02374017571450726,0.018868651253569915,0.01971269190529661,0.0709078220688509,0.4057735114953691,0.8331494118073893,-1.500390077730613,0.002833260504912616,1
2026-07-08,704.95,712.2599,700.91,711.44,35603180,0.002833260504912616,-0.0338946224877783,-0.006314928886570814,-0.0067737738240828405,-0.008509558969041708,-0.012165345392921245,-0.005428341929307301,-0.00999512766935795,0.0014523583235977319,0.005128371885318451,47.86467686783211,23.641670408621618,-0.0030967561129403576,0.015953418418981288,0.02334880162567673,0.015881191695471246,0.01940133732466452,0.07162267627915674,-0.161944472952526,0.7063977741806957,-1.7120508963790386,0.01664230293489255,1
2026-07-09,718.33,724.23,715.125,723.28,33654710,0.01664230293489255,-0.0026062854227284493,0.009684583380186629,0.010288945320247933,0.0062158116447694756,0.0031984509843627773,-0.007018283599685926,0.005478319876680571,0.0018364230168407471,0.004402821484344767,52.063307504874835,50.224517287831084,0.017815428780501463,0.012588485786970494,0.02276512158895196,0.01664478922493022,0.01955421800561603,0.06976305864315833,-0.05472741479834109,0.7087117342774116,0.1530493948949761,0.0030831766397523275,1
2026-07-10,720.7,726.39,717.0,725.51,26415900,0.0030831766397523275,0.018116755543081675,-0.003567083287246864,0.00976205852224643,0.008037792212303163,0.004075757890293685,-0.005631327285434473,0.007249068304508999,0.002373660576031671,0.003986162941187377,52.83375796720414,55.23125280646605,0.012744632736815698,0.012942619674435895,0.021718495560758277,0.01651170823713763,0.018905114737775994,0.059969349854294335,-0.2150905475043463,0.5800434373285517,2.4769116739608013,-0.018979752174332565,0
2026-07-13,717.72,718.74,710.08,711.74,36552360,-0.018979752174332565,-0.015328850889571477,-0.010737274468994196,-0.006338303456748684,-0.01181122587112482,-0.014614507071893046,-0.008328995314940246,-0.010060751592881001,0.0012822274022314952,0.0035070719175844156,47.73221017691371,29.501498229365378,0.0073883258789559925,0.012167364487031736,0.02257724530225727,0.017114967436346325,0.017955599136838425,0.06113881181779712,0.3837257106515395,0.8349306108388537,0.4761726097699589,0.011169809199988778,1
2026-07-14,720.22,722.29,714.34,719.69,29448120,0.011169809199988778,0.014462314816120037,0.011914463146654786,0.0018904907480108424,-0.00016393260424996114,-0.0034941191212848333,-0.0053744495221982325,0.0008432161085110135,0.0012535609020498466,0.003025377235221382,50.692416922524274,51.15772269136494,-0.006062865981659504,0.011046422765357212,0.020810338975312793,0.015450153335095449,0.018088623781231914,0.06122154370899928,-0.1943579019248005,0.6898207545038362,2.739135608900538,-0.0027094999235782735,0
2026-07-15,723.85,724.36,710.23,717.74,32627580,-0.0027094999235782735,0.008855279433262142,0.005780266503633502,-0.002573680641252185,-0.0002813597755807473,-0.00438410016361479,-0.0018150909868975829,-0.0015815510825102352,0.0010145193664759708,0.00262978128563557,49.945221813921506,45.845818578044195,-0.025339489407930404,0.019686794661019302,0.020732527497024412,0.014171826724767274,0.016514509666314355,0.05449024387763151,0.1079681826887422,0.7771174224463901,0.6407990060660244,-0.01644049377211798,0
2026-07-16,712.01,713.599,702.61,705.94,39402020,-0.01644049377211798,-0.023974117907311077,-0.007983392314765858,-0.01422100083225808,-0.014076442105586562,-0.019125210416219396,-0.004974958472539814,-0.015269697337241595,-0.0005068184112408589,0.002037627416091148,45.56814239947433,13.701988558975978,-0.026517919936014822,0.01556647873756981,0.020431511783680537,0.014295560973135476,0.016382196559709353,0.05626652270094075,0.20762925108144703,0.9451632067450872,-1.6028953702607993,-0.015029605915516941,0
2026-07-17,691.65,702.3,686.76,695.33,54109270,-0.015029605915516941,-0.041598323937643844,-0.020242513528061945,-0.020783339529748313,-0.026546566390215798,-0.032039596545116455,-0.01149516493108127,-0.025561934439805145,-0.0029495334375362328,0.0010650688758832415,42.00366605447481,16.85017695635086,-0.02423519506034233,0.022349100427135265,0.021319568714546655,0.014047961681246154,0.016554775767206972,0.06383055501786199,0.3732613201049084,1.2941687690117236,-3.467356114195244,0.0010498612169760335,1
2026-07-20,702.16,705.8,695.51,696.06,29687560,0.0010498612169760335,-0.02203051676173895,0.00982267412595439,-0.015406986612952589,-0.021860104325928664,-0.0280086717612682,-0.012798877279217358,-0.02084237732316263,-0.004734948918046623,-9.582828435018677e-05,42.337874345700214,18.285489579237026,-0.0370216651448495,0.014783208344108215,0.020380006239199416,0.012871495689620214,0.015330403712364661,0.06274958116419282,-0.4513405928411157,0.7278734577848346,-1.8082135403918131,0.01854725167370641,1
2026-07-21,706.57,710.05,702.8,708.97,33728340,0.01854725167370641,-0.014895302143978717,0.015099273051173867,0.005905154311528937,-0.0036538920977556844,-0.007973626933326372,-0.013797306023701883,-0.002270062643652593,-0.004518877154014474,-0.0009790420690017365,48.04043898532358,49.18069087688231,-0.0006484078767460266,0.010226102655965696,0.020037106143923077,0.013449971032647707,0.016065913582026314,0.05641448163794363,0.13611020912463,0.8369898329392281,-1.6544814461804365,-0.0051059988433925785,0
2026-07-22,703.62,709.65,703.62,705.35,23692180,-0.0051059988433925785,-0.017262518460723908,-0.007546158511643641,0.004299972947189978,-0.007892134730315692,-0.0124654621923449,-0.016693652883745025,-0.006238543321928414,-0.004797457104289041,-0.0017467447908558645,46.64736651183355,42.18289085545725,-0.008560103452153411,0.008548947331112175,0.01955563094309816,0.013499465991359675,0.014348510351668793,0.05763879377957011,-0.2975586702458526,0.6104014769789742,-1.488975684058692,-0.018983483377046806,0
2026-07-23,694.67,698.66,687.79,691.96,44028580,-0.018983483377046806,-0.019803382723744267,-0.01514141915361178,-0.0108272078269247,-0.022419256628366302,-0.029945164901331145,-0.019327216868153974,-0.02132386021346755,-0.006582180321532545,-0.0027408726655322262,41.81703767434359,13.121372697451543,-0.04330273199867263,0.015709000520261293,0.019344625618326408,0.01308613975770653,0.014918806598315073,0.06405308229649888,0.8583591716760552,1.1468314451528145,-1.5766643294133371,-0.011171165963350549,0
2026-07-24,690.41,692.63,682.48,684.23,42876660,-0.011171165963350549,-0.015963643162239527,-0.002240013873634372,-0.01876342651947338,-0.027669422098305918,-0.03861528453182661,-0.020231469707592598,-0.027430352561474636,-0.008822427284508307,-0.003981955313109871,39.28779324117287,3.9854247324071994,-0.056897906300395595,0.014834193180655594,0.019215541557663352,0.012963494633762694,0.014907031622812227,0.07366652766791693,-0.026163005938415473,1.1274985419345769,-1.3556870244185906,-0.0030837583853382533,0
2026-07-27,691.68,692.3,675.945,682.12,42681470,-0.0030837583853382533,-0.020027009165876408,0.010888151644914634,-0.0178625422230414,-0.026570520550447507,-0.039934242842645906,-0.022473127814067073,-0.025869162968021664,-0.010697792973334078,-0.005334976742663259,38.60146950122793,12.241054613935896,-0.041616320566499,0.023976719638773097,0.01911110110495847,0.01210954922996983,0.014659775611283366,0.08253289639201065,-0.004552360188503468,1.1288971680058657,-3.196415186728342,-0.009719697413944739,0
2026-07-28,676.23,679.4,667.88,675.49,51398740,-0.009719697413944739,-0.04722343681679053,-0.008634844308919254,-0.017940479478941063,-0.029913014006511474,-0.046003642328689365,-0.02857582688558291,-0.030064339367109283,-0.01292478855588163,-0.00689482975748992,36.44695981819199,13.006323705349539,-0.06141533160110613,0.017054286517935103,0.01960428725813851,0.010910669587970354,0.013349331491335405,0.09169559808025138,0.20424015386536598,1.3479482125532511,-5.0,-0.020370397785311356,0
2026-07-29,675.505,680.05,661.14,661.73,57233270,-0.020370397785311356,-0.06184163890267247,2.2206102236799197e-05,-0.025586580003710724,-0.041967923233504956,-0.06048301222438346,-0.035812758224127994,-0.04248297390663314,-0.01639907443217905,-0.008910375450879757,32.40455119189119,0.904214559387022,-0.07803661493019753,0.028576609795535893,0.020672544477570668,0.011673932854050955,0.012954476064979816,0.10151555135676615,0.11351503947373032,1.4717967850470903,-5.0,0.032974173756668,1
2026-07-30,674.76,685.12,673.3,683.55,66753680,0.032974173756668,-0.012153881727267613,0.019690810451392426,0.00904308084744554,-0.007159259759557113,-0.02662730740805619,-0.03535070893657388,-0.00924675459955182,-0.015579504322220047,-0.010016654573300027,43.16886248374765,35.44764315090155,-0.03171657647958759,0.017292078121571283,0.0214755948462334,0.016973918904534518,0.015275591777199993,0.10106638219183534,0.16634398139403883,1.6611938427829045,-2.4418370973491537,0.006495501426377004,1
2026-07-31,692.11,695.77,680.0512,687.99,50540480,0.006495501426377004,0.0054952282127354035,0.01252285860580793,0.014471169725852828,0.0003562366865623723,-0.018585101534410287,-0.032584732071978095,-0.0023798347093724193,-0.014557267767045847,-0.01087306256933002,45.08519618064571,42.47073710850998,-0.010556138811787297,0.02284742510792306,0.02136698415467,0.016653291382309324,0.015012702284865903,0.10179989221197167,-0.24288099172959454,1.2585758497849453,-0.6332530228849782,0.017558394744109806,1
2026-08-03,688.3,701.59,685.82,700.07,44965070,0.017558394744109806,0.026315017885416125,0.00045058794459218454,0.02684792142758674,0.017327718245837564,0.0002700459078042172,-0.025882971533732313,0.012778282276274311,-0.012056879756075164,-0.010959730620974755,50.022894319691815,61.578614362543576,0.005760997615148256,0.022526318796691733,0.021530887727553755,0.01765993682318658,0.015208971247447132,0.09765684956830395,-0.1103157310733891,1.0995487431106372,0.9898293499634762,0.033968031768251805,1
2026-08-04,708.16,725.66,707.53,723.85,59778620,0.033968031768251805,0.07159247361174859,0.011555987258417,0.04687622028294669,0.04961472317200144,0.033182891284923466,-0.013080179616958176,0.03963416382842189,-0.007202919074901605,-0.009920328088877729,58.02424361694403,97.19466831990088,0.02098819414079589,0.025046625682116453,0.02195441044415277,0.019918956651092497,0.016581658293219375,0.10162981315330163,0.3294457230912795,1.4315184315425822,2.950619813462989,-0.009048836084824319,0
2026-08-05,726.25,728.54,716.92,717.3,33540180,-0.009048836084824319,0.08397684856361343,0.0033156040616149074,0.02099204044682823,0.0383177313054317,0.023405788313513476,0.0023641201606516837,0.0254580390286252,-0.004389770681019327,-0.008886686312012197,55.39357781923582,83.32344213649849,0.016941943715885532,0.01619963752962499,0.021805361374997487,0.020118897870318283,0.016729861144392323,0.1029254404791418,-0.4389268270160803,0.8051754788796871,3.6876735844626394,-0.003694409591523784,0
2026-08-06,710.82,719.32,708.5,714.65,33035860,-0.003694409591523784,0.045497769000073074,-0.009033877038895688,0.008293217000671538,0.031095169802827227,0.020253018180105054,0.011861431751975848,0.018274871513654256,-0.002387711369500503,-0.007613253563741392,54.32055333187003,79.39169139465876,0.03279091276952406,0.015140278457986498,0.021050644171472524,0.018902963258968047,0.016312631472048197,0.10032454575967403,-0.01503629378256166,0.7936581648674467,1.9991897150011713,0.011726019729937809,1
2026-08-07,720.15,723.63,716.51,723.03,31070370,0.011726019729937809,0.05093097283390735,0.007696075001749181,0.010128810528374554,0.03737851122990965,0.03239928634612199,0.02204716426818698,0.025448396486294156,0.0001544155269585087,-0.00598912896528618,57.147448661219926,91.82492581602374,0.05670607836546182,0.009847447547128066,0.020659466807344474,0.01832089230165809,0.01652493876716158,0.09932430255496742,-0.05949565108945254,0.7422888319435931,1.7105090614610101,-0.002987427907555684,0
2026-08-10,722.39,724.67,720.33,720.87,26243180,-0.002987427907555684,0.029711314582827386,-0.0008851638244609106,0.0012917743145262062,0.028560910775868864,0.028644569889097582,0.027317507520020046,0.018876099674970392,0.0018900017858638118,-0.004427659377060447,56.18232488125693,88.62017804154308,0.05680818624288975,0.0060205030033153245,0.019765184529011548,0.018315796683443276,0.015936817144486713,0.10171137084385391,-0.15536313214165132,0.6347816012996836,-0.053635574713773275,-0.003357054670051429,0
2026-08-11,723.29,723.35,715.5,718.45,29286140,-0.003357054670051429,-0.007460109138633708,0.003357054670051429,-0.00057034749464413,0.01886268008605274,0.025282061381351584,0.025867162147119815,0.013046857687366353,0.0029700620311811886,-0.002960046264670926,55.06037961675395,85.02967359050456,0.06359827680646646,0.010926299672906984,0.020012705924460375,0.017824939001336214,0.01576741182213175,0.10133696074133014,0.11595241125503852,0.7085248601558585,-2.97158662145759,0.007307397870415455,1
2026-08-12,727.08,727.25,722.92,723.7,29065980,0.007307397870415455,0.008922347692736698,0.0120119702136543,0.004943483211597766,0.017367075937729348,0.03233518584030404,0.027256958312887436,0.01724923506185183,0.004328723069252957,-0.001485113740553528,57.063588900988385,92.81899109792296,0.09364846689737516,0.005983142185988726,0.019002921494699825,0.015170121902201149,0.015834731230290205,0.10327451839792737,-0.007517549257088807,0.7062412037938927,-0.9559024039631603,0.01156556584219981,1
2026-08-13,725.15,733.96,724.03,732.07,31599740,0.01156556584219981,0.024375568460085484,0.0020035926488874978,0.01167180745801688,0.02216146931435148,0.04233215180429384,0.030306611413157603,0.02444145962746691,0.006211521150724789,6.77970775080918e-05,60.11602250052532,97.40455918703655,0.07098237144320119,0.013564276640212088,0.018796387542955467,0.012741943621455998,0.01548939971601451,0.11032307777345243,0.08717270155694035,0.7751537911029446,1.2293032695186195,-0.0013659895911593,0
2026-08-14,733.41,734.39,728.32,731.07,23790610,-0.0013659895911593,0.0111198705447908,0.0018304260521533333,0.008049837844992913,0.014661918151965603,0.038266615823457695,0.029975480223340956,0.01942827538059899,0.007555990433900096,0.001565509938210223,59.57112413426871,95.46757679180897,0.06261718920333159,0.00830289849125246,0.017817211171883066,0.013012964171965548,0.014995357198141301,0.11541094416199948,-0.247126400407092,0.6061327314352694,-0.6662900804475316,-0.0016414296852559351,0
2026-08-17,732.95,734.58,729.27,729.87,26452580,-0.0016414296852559351,0.012484914062174779,0.0025715731735675984,0.0039035420724260472,0.008823944070790457,0.0340797034921283,0.03005882552959971,0.01498249875558555,0.00839943143630117,0.002934353357316378,58.8814095729031,93.5866013071895,0.04256717185424308,0.00727526819844638,0.016972572415048452,0.012553821908670562,0.015022194921837177,0.11903666314417528,0.11189162446864542,0.6767427717394148,-0.6727630540450608,-0.016934522586213974,0
2026-08-18,720.21,722.13,715.92,717.51,48997170,-0.016934522586213974,-0.0013083721901315792,-0.013235233671749724,-0.01284182025303926,-0.007390171155367886,0.015953432458799544,0.02916984663918787,-0.0018670334335886274,0.007734878270060043,0.003934896641766332,52.18008996866459,72.14425587467359,-0.008758720729432956,0.008654931638583486,0.016771174916427236,0.008972892388203015,0.015119740979303636,0.1198354092228611,0.852264315994886,1.2294928816782131,-1.2061655191597467,-0.0019930035818315206,0
2026-08-19,720.39,721.4999,712.61,716.08,35801710,-0.0019930035818315206,-0.010529224816913096,0.004013881339632874,-0.012739204764793288,-0.009201223140038461,0.0131589838131978,0.026232368086510638,-0.003264973666349702,0.0068674093240348715,0.004527685517397479,51.45050806921255,66.07297428148064,-0.0017008225289277812,0.012414674338062802,0.01535828997558133,0.008522026587744555,0.01507270473729735,0.12037777882962758,-0.2693106561052404,0.8849322989298429,-3.1037327907084062,-0.007191933862138455,0
2026-08-20,712.09,714.94,708.52,710.93,33396420,-0.007191933862138455,-0.028877019957108008,-0.0055720031281421,-0.014092515240773817,-0.01582041037823345,0.004524337033436465,0.018882960685461025,-0.008842477019402217,0.0055637037044614585,0.004761128115512001,48.803957813681734,51.49712879409332,-0.005205345273910367,0.00903042493635108,0.014649814830071673,0.00875287064110176,0.014474311424949081,0.11866538116090215,-0.06718366245634633,0.836470590843099,-5.0,0.0035305866962993537,1
2026-08-21,715.23,715.6738,709.2,713.44,33399410,0.0035305866962993537,-0.024115337792550595,0.006048415455811584,-0.005749993728799807,-0.011032729460395574,0.005994880063622032,0.0118127973028328,-0.004524812087355223,0.00470493281578771,0.004736488706195159,50.14984351519544,21.848428835490083,-0.01326362668215697,0.009074063691410606,0.013667552382020309,0.007815777784175046,0.01416961897854745,0.11437760920598673,8.953055447258329e-05,0.8465934429824706,-3.1241270226578566,-0.00997981610226506,0
2026-08-24,709.66,709.79,702.7,706.32,37443140,-0.00997981610226506,-0.032266019976160076,-0.005298273155416089,-0.00916875217435209,-0.018923694065093977,-0.0057411438791044045,0.003459325998013796,-0.012262215051045855,0.003229948538038441,0.004473377296856612,46.42177020444929,11.355081555834396,-0.020183944400515963,0.01003794314191856,0.012303579518793592,0.008281740650853336,0.01438686307553582,0.10853553118147136,0.12107189917426675,0.9554351991315047,-3.233189279289835,0.00622947106127536,1
2026-08-25,711.22,714.04,707.45,710.72,23869650,0.00622947106127536,-0.009463282741703938,0.006937365500056636,-0.0010934675852919407,-0.011751030005381247,-0.0020220175241519867,-0.0009295663895754203,-0.005174127768394432,0.0024818443879575363,0.004052915311985657,48.94751304708022,25.15683814303633,-0.01075927343586891,0.00927228725799178,0.01183545257927574,0.008654433186524741,0.014152387136385952,0.09795676824783305,-0.3625093942441793,0.6312524027677875,-1.506073778266446,0.0009145655110309736,1
2026-08-26,708.41,713.02,707.97,711.37,20392390,0.0009145655110309736,-0.006577477376829455,-0.003250225123818229,0.0011455817697689774,-0.009148422287161284,-0.004578516236101504,-0.00571754808701419,-0.0036106177824454244,0.001954275875882113,0.0036302248090203534,49.32754323352392,27.195734002509287,-0.0170374464557137,0.007098978028311504,0.011245273205223711,0.008192497730408414,0.013091536050520575,0.07164816382907743,-0.14567704176642726,0.5669100813905734,0.22969170378033119,0.013691890296189113,1
2026-08-27,716.93,721.35,714.525,721.11,28723450,0.013691890296189113,0.014319271939572165,0.007815904522259887,0.011953544244111436,0.005953892210556866,0.006405962150393574,-0.0054820521409031375,0.008475396312731753,0.0025773857698030964,0.0033804303759576064,54.76176243022879,57.7478042659974,-0.014971245919106146,0.00946457544618719,0.011192437452578058,0.008592498831913825,0.011426638942768337,0.058939430857463684,0.4085376946988557,0.8430813298920453,2.3966731382837447,-0.006489994591671211,0
2026-08-28,719.74,724.125,715.085,716.43,34105370,-0.006489994591671211,0.004190962099125173,-0.0018998488441430705,0.0045429689143143825,0.0014705512330541737,-0.002106019706327289,-0.006618919077028496,0.0016329274229638369,0.0025557526933245992,0.003233160670464861,51.88264813546778,43.06775407779143,-0.020025442160121587,0.01261812040255149,0.011734144099413554,0.00873690850488578,0.011570020785851327,0.04543385816776499,0.18737024974367644,1.0257916812189851,0.0497107946919064,0.00046061722708445885,1
2026-08-31,715.17,717.58,713.16,716.76,32237180,0.00046061722708445885,0.014780835881753163,-0.0017587203215945202,0.002071921686393141,0.0037713547888362786,-0.0028054617812353078,-0.004867298805678821,0.0017715265111863943,0.0025320654152359732,0.0030917507683434053,52.07398803911512,44.102885821831705,-0.01796210284023181,0.006166638763323948,0.011386925689411874,0.008771350074883,0.010983772776023729,0.03896659572050915,-0.054777004325125334,0.9885231287194078,2.55215317749392,-0.012723924326134228,0
2026-09-01,707.39,712.3,704.66,707.64,35236120,-0.012723924326134228,-0.004333633498424194,-0.013072716111390159,-0.009825623861349886,-0.0076288775452965085,-0.014382296654716242,-0.0046018892259521715,-0.009302192801213915,0.0014895119933085634,0.002803179975641894,46.56321671627519,15.495608531994797,-0.013755905841033589,0.010796450172404028,0.011866778507231284,0.008032810270575492,0.008292865372607285,0.04075437986125158,0.09302736777844722,1.1227296295054228,0.3985390708659526,0.0022610366853201835,1
2026-09-02,707.1,709.7988,705.1,709.24,23476210,0.0022610366853201835,-0.0029942224159017483,-0.0007630998812955259,-0.006994886844124304,-0.004430120326335274,-0.011598981552839227,-0.0046365266882489875,-0.005982197744968665,0.0008086940625821538,0.002399223757486517,47.610692606036196,20.514429109159238,-0.009552005362529425,0.006625119846596365,0.011279931435661519,0.008107573045097714,0.008105740388125414,0.04220519675375318,-0.33374588348546885,0.7602120440266216,0.4908152533585194,0.011885962438666686,1
2026-09-03,710.85,718.915,709.69,717.67,29449780,0.011885962438666686,-0.004770423375074606,0.0022700355309910325,0.005776766244177001,0.006450979567223403,-6.130575688934048e-05,-0.005804540527285296,0.0049309034695428355,0.0012025805996449493,0.0021373494363666145,52.85438610582095,46.95734002509384,0.009480539574922897,0.012854097287053813,0.011506233465838862,0.008693711631315423,0.008523884356136211,0.042022972624831276,0.2544520601919986,0.9592190432948133,0.5120130357233238,0.0017974835230678554,1
2026-09-04,719.345,721.86,716.56,718.96,32871080,0.0017974835230678554,0.003531398740979741,0.002333941783828397,0.006870628831993297,0.00748015055589657,0.002020179495630936,-0.004817351104966616,0.005694847468403985,0.0016453504425870055,0.0020358816719125584,53.61941473088161,75.89264877479592,0.0077371607983851565,0.007371759207744614,0.011484594811553204,0.00865435807990403,0.00809857376811377,0.041495680195634856,0.11617404272629539,1.0675247980672038,2.7010481543171063,-0.0008345387782352498,0
2026-09-08,720.909,721.886,715.57,718.36,28341420,-0.0008345387782352498,0.0022322674256376462,0.0027108601313006186,0.005579710347801026,0.004943860463945127,0.001359102852722005,-0.004197188399534424,0.0041054806559139845,0.0019102112484427442,0.002012107940248439,53.18711096916923,73.09218203033839,0.017046098085853334,0.008792249011637504,0.01073511689324095,0.007832258060091156,0.0080745600812328,0.041287912895849425,-0.1378007659012116,0.917293721003752,0.7437519000049607,-0.0028537223676151635,0
2026-09-09,716.4,719.7,714.02,716.31,26763380,-0.0028537223676151635,0.012251992538578893,-0.0027284369953783916,0.000282080356594161,0.001293010057521471,-0.0013495464798866097,-0.001631166716391741,0.001049066498129525,0.001872574229276056,0.0019888079423713775,51.654738274199566,63.523920653441905,0.00786526339486704,0.007929527718446013,0.010445756725440104,0.007777589345736431,0.00806479508285084,0.041289957866991425,-0.05567963778808538,0.86977002866645,1.0891363613556015,-0.010637852326506492,0
2026-09-10,707.55,712.06,706.855,708.69,31414410,-0.010637852326506492,-0.0007754779764254094,-0.01222934204464543,-0.01020673242104031,-0.008987340533087473,-0.010938170551723192,-0.0007389807090444345,-0.008135045697269527,0.0009792773464849117,0.0018040091242942772,46.31339581784213,27.95799299883324,-0.00376737843878705,0.007344537103670049,0.010749068200280988,0.008577336284541128,0.008192419219204484,0.04175264001993175,0.173783356212855,1.017040532262611,-0.8128976961647492,0.008734425489282938,1
2026-09-11,715.68,717.63,713.63,714.88,26649140,0.008734425489282938,-0.003887580642913835,0.009863268848156359,-0.0007827351000782024,0.0005402424652971582,-0.0011010692108631703,-0.00031858347725488567,0.0004470077635456704,0.0009410103386733878,0.0016189129297491266,50.76704987100508,56.8494749124853,-0.008639458612416995,0.005595344673231871,0.010902409195549287,0.0077823676098246804,0.007985434470457535,0.03647554716229462,-0.1516905776680192,0.8697349272439175,-0.9243733011009424,-0.00797336615935551,0
2026-09-14,703.325,712.95,702.74,709.18,35218980,-0.00797336615935551,-0.01360298208523436,-0.016163551924798458,-0.006032370732910741,-0.006429250920115703,-0.007547858967622112,-0.0015246857041298911,-0.0063788625198248905,0.0002730739931227964,0.0013601546900135501,46.90811527025473,30.114566284778785,-0.010119620898064063,0.014396909106291825,0.01113104470756969,0.007915031374016345,0.008129905659153768,0.031196606485215432,0.3215803586907495,1.1283812951190377,-3.2040825183659547,-0.006542767703544894,0
2026-09-15,708.8,709.5299,703.635,704.54,26631660,-0.006542767703544894,-0.019238264936800586,-0.0005358301136524357,-0.008695407474110906,-0.011237153478998674,-0.01229064063579921,-0.0036267693994310735,-0.010920010774209898,-0.0007863506920440148,0.0009380198415086576,43.97759471154512,8.417114800093314,-0.017048942463307126,0.008367019615635744,0.011019317568910203,0.00808067842674461,0.008208287802067489,0.026513269491160642,-0.24382648219795122,0.8530073449027508,-3.183148248229092,0.00025548584892276516,1
